BlockHeight,TimeStamp,From,To,Value
16428478,1673982083.0,0x3fd6d5875778ba9415ca913152ccf41b6e2a2064,0x04c7bc8578a6bff302183a0ce3e7a19838a97ea3,0.1
16432768,1674033803.0,0x04c7bc8578a6bff302183a0ce3e7a19838a97ea3,0x2b591e99afe9f32eaa6214f7b7629768c40eeb39,0.0
16432770,1674033827.0,0x04c7bc8578a6bff302183a0ce3e7a19838a97ea3,0x34f0915a5f15a66eba86f6a58be1a471fb7836a7,0.0
16432772,1674033851.0,0x04c7bc8578a6bff302183a0ce3e7a19838a97ea3,0x49642110b712c1fd7261bc074105e9e44676c68f,0.0
16432774,1674033875.0,0x04c7bc8578a6bff302183a0ce3e7a19838a97ea3,0x95ad61b0a150d79219dcf64e1e6cc01f0b64c4ce,0.0
16432776,1674033899.0,0x04c7bc8578a6bff302183a0ce3e7a19838a97ea3,0xa0b86991c6218b36c1d19d4a2e9eb0ce3606eb48,0.0
16433009,1674036695.0,0x04c7bc8578a6bff302183a0ce3e7a19838a97ea3,0x0e7c48397227e8e2ffbbfdbad80e73a55c4d84b0,0.0953811019699855
