BlockHeight,TimeStamp,From,To,Value
15440491,1661864326.0,0x58cd746fddae111073a07699a3f7fbffae5c790a,0x0598e4f1c5c5ad349adbde57bbf58a36267a72e2,0.0140014028835403
15440542,1661865123.0,0x0598e4f1c5c5ad349adbde57bbf58a36267a72e2,0xc02aaa39b223fe8d0a0e5c4f27ead9083c756cc2,0.0
15440542,1661865123.0,0x0598e4f1c5c5ad349adbde57bbf58a36267a72e2,0xc02aaa39b223fe8d0a0e5c4f27ead9083c756cc2,0.0
15440553,1661865283.0,0x0598e4f1c5c5ad349adbde57bbf58a36267a72e2,0x71c743b3d2f4e6cd692f57b311490e1a0b63aeb4,0.0
15440556,1661865323.0,0x0598e4f1c5c5ad349adbde57bbf58a36267a72e2,0x00000000006c3852cbef3e08e8df289169ede581,0.0
15440566,1661865465.0,0x0598e4f1c5c5ad349adbde57bbf58a36267a72e2,0xc02aaa39b223fe8d0a0e5c4f27ead9083c756cc2,0.0
15440566,1661865465.0,0xc02aaa39b223fe8d0a0e5c4f27ead9083c756cc2,0x0598e4f1c5c5ad349adbde57bbf58a36267a72e2,0.15725
15440574,1661865520.0,0x0598e4f1c5c5ad349adbde57bbf58a36267a72e2,0x58cd746fddae111073a07699a3f7fbffae5c790a,0.1624431093430126
15784876,1666215395.0,0xc37452547887aa9138cfd6a685bcd7cba2bd3122,0x0598e4f1c5c5ad349adbde57bbf58a36267a72e2,0.1
15803169,1666435931.0,0x0598e4f1c5c5ad349adbde57bbf58a36267a72e2,0x116ee1216521438c0255a9d92966b1ece1442bb8,0.099715524200707
