BlockHeight,TimeStamp,From,To,Value
14744548,1652129241.0,0xf7c4c08799309793194d2cea4491f87339175c32,0x0505dbac28ea0a9defc67ee2c7f09dd984f244be,0.2
14749888,1652204473.0,0x402192abc5fd6f72023401f2239b4b7715d2bdbf,0x0505dbac28ea0a9defc67ee2c7f09dd984f244be,0.2
14749889,1652204542.0,0x402192abc5fd6f72023401f2239b4b7715d2bdbf,0x0505dbac28ea0a9defc67ee2c7f09dd984f244be,0.2
14749889,1652204542.0,0x402192abc5fd6f72023401f2239b4b7715d2bdbf,0x0505dbac28ea0a9defc67ee2c7f09dd984f244be,0.2
14749889,1652204542.0,0x402192abc5fd6f72023401f2239b4b7715d2bdbf,0x0505dbac28ea0a9defc67ee2c7f09dd984f244be,0.2
14749889,1652204542.0,0x402192abc5fd6f72023401f2239b4b7715d2bdbf,0x0505dbac28ea0a9defc67ee2c7f09dd984f244be,0.2
14754248,1652263814.0,0x8c4d854734b22a125aac93455e6081cba77e2c91,0x0505dbac28ea0a9defc67ee2c7f09dd984f244be,0.2
14792502,1652790045.0,0x8dd16a07540f82076e505083d3cbe37967ad0918,0x0505dbac28ea0a9defc67ee2c7f09dd984f244be,0.2
14794770,1652821257.0,0x0505dbac28ea0a9defc67ee2c7f09dd984f244be,0x35e3a485013fc211bfa2ccf1d74a6915fd671dd2,0.5
14795505,1652831391.0,0x0505dbac28ea0a9defc67ee2c7f09dd984f244be,0xbaf42aac8171c6633eaf424cf441c5652390c962,0.5
14795509,1652831478.0,0x0505dbac28ea0a9defc67ee2c7f09dd984f244be,0xe159e2646ac671b78c1a06ee28e458ce892d49de,0.598383289758882
14806905,1652990779.0,0x04a02c6345460709aecf6a2a5e1629510c079b78,0x0505dbac28ea0a9defc67ee2c7f09dd984f244be,0.4
14811227,1653051098.0,0x0505dbac28ea0a9defc67ee2c7f09dd984f244be,0x780d9c40d8ef9a33359136ed38f17848fb3671ee,0.399457646106646
14859617,1653731749.0,0x7b27047e046ac147b58ba409e12a2c563c5ec98b,0x0505dbac28ea0a9defc67ee2c7f09dd984f244be,0.2
14925745,1654677324.0,0x891730cd19331d346bd70e7841c2eda664408b54,0x0505dbac28ea0a9defc67ee2c7f09dd984f244be,0.2
14940162,1654889210.0,0x343901b775eb931c2b0f830db63e2cabc58bad10,0x0505dbac28ea0a9defc67ee2c7f09dd984f244be,0.2
15009366,1655928955.0,0x0505dbac28ea0a9defc67ee2c7f09dd984f244be,0xbecc6125c8a567c16f0e7dd7ec94055d1e860212,0.599233661048181
