BlockHeight,TimeStamp,From,To,Value
14118826,1643700579.0,0x54933e614dd1d11a00e3e7620e5ee9d73f3da148,0x0c84aef1c54e291916db546d39e2c07e8ea2f0b2,0.077680334680532
14118955,1643702445.0,0xd72aae6dd7c9cd3deccb21282226de8ba117b22a,0x0c84aef1c54e291916db546d39e2c07e8ea2f0b2,0.2
14118956,1643702461.0,0x56546a17d7d1efff230b2231137c3a7ce47470ea,0x0c84aef1c54e291916db546d39e2c07e8ea2f0b2,0.2
14118959,1643702498.0,0x56546a17d7d1efff230b2231137c3a7ce47470ea,0x0c84aef1c54e291916db546d39e2c07e8ea2f0b2,0.2
14118959,1643702498.0,0x56546a17d7d1efff230b2231137c3a7ce47470ea,0x0c84aef1c54e291916db546d39e2c07e8ea2f0b2,0.2
14118959,1643702498.0,0x2a1ca52f11a7f0aa923a6739d49c69004c7246e1,0x0c84aef1c54e291916db546d39e2c07e8ea2f0b2,0.2
14118959,1643702498.0,0x56546a17d7d1efff230b2231137c3a7ce47470ea,0x0c84aef1c54e291916db546d39e2c07e8ea2f0b2,0.2
14118959,1643702498.0,0x2f8cfe2313f38c37fca68d3eb27a9a8c8f639fe4,0x0c84aef1c54e291916db546d39e2c07e8ea2f0b2,0.2
14118961,1643702538.0,0x2f8cfe2313f38c37fca68d3eb27a9a8c8f639fe4,0x0c84aef1c54e291916db546d39e2c07e8ea2f0b2,0.2
14118962,1643702558.0,0xdc72fd9fb13a15f8069e6b0026b503f1d08c0e86,0x0c84aef1c54e291916db546d39e2c07e8ea2f0b2,0.2
14118963,1643702571.0,0x14795feef2df1dd88983e043ad8db85a8b1e002b,0x0c84aef1c54e291916db546d39e2c07e8ea2f0b2,0.2
14118966,1643702597.0,0x14795feef2df1dd88983e043ad8db85a8b1e002b,0x0c84aef1c54e291916db546d39e2c07e8ea2f0b2,0.2
14118967,1643702598.0,0x14795feef2df1dd88983e043ad8db85a8b1e002b,0x0c84aef1c54e291916db546d39e2c07e8ea2f0b2,0.2
14118967,1643702598.0,0xc23fab4be7c8e53731644a9f74d12ec063f9d25c,0x0c84aef1c54e291916db546d39e2c07e8ea2f0b2,0.2
14118967,1643702598.0,0x2219af2c7da8d49e9a6ea5fb91ec4586398be3da,0x0c84aef1c54e291916db546d39e2c07e8ea2f0b2,0.2
14118969,1643702628.0,0xf6722e856d2e45efc97adc89bf49e96a4a710f17,0x0c84aef1c54e291916db546d39e2c07e8ea2f0b2,0.2
14118969,1643702628.0,0x14795feef2df1dd88983e043ad8db85a8b1e002b,0x0c84aef1c54e291916db546d39e2c07e8ea2f0b2,0.2
14118973,1643702658.0,0x2bf034eccebc8cd60dab9c249b6c2996dcb7d8ec,0x0c84aef1c54e291916db546d39e2c07e8ea2f0b2,0.2
14118975,1643702684.0,0x5ae4ed543f0262bcf4e39ed37bf46ed3ad46eb24,0x0c84aef1c54e291916db546d39e2c07e8ea2f0b2,0.2
14118976,1643702732.0,0x2d98bf0359c35a0ef82001d397dfa8deda0ef63c,0x0c84aef1c54e291916db546d39e2c07e8ea2f0b2,0.2
14118978,1643702738.0,0x4259a99ade76d1ee89d66ee2d2a7ebb05028c86c,0x0c84aef1c54e291916db546d39e2c07e8ea2f0b2,0.2
14118978,1643702738.0,0x4259a99ade76d1ee89d66ee2d2a7ebb05028c86c,0x0c84aef1c54e291916db546d39e2c07e8ea2f0b2,0.2
14118985,1643702838.0,0x053e6294400a9268e35df445624f58087c7f388f,0x0c84aef1c54e291916db546d39e2c07e8ea2f0b2,0.2
14118985,1643702838.0,0x88569150094b83318e95f8891a3f1df9f0c3874d,0x0c84aef1c54e291916db546d39e2c07e8ea2f0b2,0.2
14118991,1643702922.0,0xf193294e95291de39ad38436b46c9f5f873fae36,0x0c84aef1c54e291916db546d39e2c07e8ea2f0b2,0.2
14118991,1643702922.0,0x0ca43432e83defb4cb2856c0eccadc8507db8142,0x0c84aef1c54e291916db546d39e2c07e8ea2f0b2,0.2
14119004,1643703117.0,0x0c84aef1c54e291916db546d39e2c07e8ea2f0b2,0xf6a42793878b36fd3012183d5f62084ff187f736,5.07535387902715
14119008,1643703145.0,0x39a38b59d04ca83f1244cfd3a247cc411a353f0e,0x0c84aef1c54e291916db546d39e2c07e8ea2f0b2,0.2
