BlockHeight,TimeStamp,From,To,Value
14481567,1648563316.0,0x2f68a3564a5d143be441cf19c5b4a38b0bf44f32,0x0e71b341fbef17ae6844571bc2782bfc9edf6259,0.0137575145453838
14481714,1648565151.0,0xddfabcdc4d8ffc6d5beaf154f18b778f892a0740,0x0e71b341fbef17ae6844571bc2782bfc9edf6259,7.0
14481748,1648565655.0,0xeb2629a2734e272bcc07bda959863f316f4bd4cf,0x0e71b341fbef17ae6844571bc2782bfc9edf6259,0.57934239
14481761,1648565848.0,0xeb2629a2734e272bcc07bda959863f316f4bd4cf,0x0e71b341fbef17ae6844571bc2782bfc9edf6259,0.998971
14481813,1648566422.0,0x1eb5115acb95487b6a1bd7c894ff3c7c886ba06a,0x0e71b341fbef17ae6844571bc2782bfc9edf6259,1.0
14481920,1648568133.0,0x61867ac0fb2896936844ee06f77795eec2a762c4,0x0e71b341fbef17ae6844571bc2782bfc9edf6259,5.0
14494100,1648731745.0,0x0e71b341fbef17ae6844571bc2782bfc9edf6259,0xdcbeb64da08ae8dbbe6aaeea4049886b49cab97c,0.87458
14494190,1648732865.0,0x0e71b341fbef17ae6844571bc2782bfc9edf6259,0xe5ce86c38581a10e3d5005fda6da8b10e5741e38,13.715339451071731
