BlockHeight,TimeStamp,From,To,Value
14319948,1646390219.0,0x4b35237538fe70863d7e7bbbc83f3f621c6c4fb9,0x10b8e7ee448ca100bbef385cb075706febded118,0.035
14319948,1646390219.0,0x4b35237538fe70863d7e7bbbc83f3f621c6c4fb9,0x10b8e7ee448ca100bbef385cb075706febded118,0.035
14319948,1646390219.0,0x4b35237538fe70863d7e7bbbc83f3f621c6c4fb9,0x10b8e7ee448ca100bbef385cb075706febded118,0.035
14319948,1646390219.0,0x4b35237538fe70863d7e7bbbc83f3f621c6c4fb9,0x10b8e7ee448ca100bbef385cb075706febded118,0.035
14319953,1646390250.0,0x4b35237538fe70863d7e7bbbc83f3f621c6c4fb9,0x10b8e7ee448ca100bbef385cb075706febded118,0.035
14319955,1646390292.0,0x4b35237538fe70863d7e7bbbc83f3f621c6c4fb9,0x10b8e7ee448ca100bbef385cb075706febded118,0.035
14319957,1646390328.0,0x4b35237538fe70863d7e7bbbc83f3f621c6c4fb9,0x10b8e7ee448ca100bbef385cb075706febded118,0.035
14319961,1646390370.0,0x4b35237538fe70863d7e7bbbc83f3f621c6c4fb9,0x10b8e7ee448ca100bbef385cb075706febded118,0.035
14319983,1646390609.0,0x4b35237538fe70863d7e7bbbc83f3f621c6c4fb9,0x10b8e7ee448ca100bbef385cb075706febded118,0.035
14320004,1646390849.0,0x4b35237538fe70863d7e7bbbc83f3f621c6c4fb9,0x10b8e7ee448ca100bbef385cb075706febded118,0.035
14320615,1646399002.0,0x62375cffc35719c5fdc1b967c24830f71c5e4989,0x10b8e7ee448ca100bbef385cb075706febded118,0.035
14320615,1646399002.0,0x62375cffc35719c5fdc1b967c24830f71c5e4989,0x10b8e7ee448ca100bbef385cb075706febded118,0.035
14322247,1646420001.0,0x9ae1abed4f60581ff795ab3ac99d0f4f9ec526f6,0x10b8e7ee448ca100bbef385cb075706febded118,0.035
14322254,1646420092.0,0x9ae1abed4f60581ff795ab3ac99d0f4f9ec526f6,0x10b8e7ee448ca100bbef385cb075706febded118,0.035
14331935,1646550769.0,0x079ec0505a5276fae6457ad6a963290a488ea037,0x10b8e7ee448ca100bbef385cb075706febded118,0.035
14331935,1646550769.0,0x079ec0505a5276fae6457ad6a963290a488ea037,0x10b8e7ee448ca100bbef385cb075706febded118,0.035
14339465,1646653027.0,0x10b8e7ee448ca100bbef385cb075706febded118,0x3a2cd8ad126965cce6b7c331a66602ca43fd53a0,0.55939606773323
14346715,1646749928.0,0xf3b40bca7dc6459240128b4830cb66828b96c32c,0x10b8e7ee448ca100bbef385cb075706febded118,0.06
14347203,1646756341.0,0x743b5f02b2129177be1e66b2ebf3dd06e0a1488f,0x10b8e7ee448ca100bbef385cb075706febded118,0.06
14350492,1646800503.0,0x74dc34f32d04063b515e8e00373f6e535b097a01,0x10b8e7ee448ca100bbef385cb075706febded118,0.035
14351513,1646814152.0,0x119bc97e92f6ccc433fb445f0aafc5026ad58abe,0x10b8e7ee448ca100bbef385cb075706febded118,0.06
14351632,1646815980.0,0xbadf07461a162831bc686a2e8ed70f97e7af8855,0x10b8e7ee448ca100bbef385cb075706febded118,0.06
14356377,1646879252.0,0xc8b9d87049147066f1a04725a335e90b7ad144bf,0x10b8e7ee448ca100bbef385cb075706febded118,0.06
14359994,1646927489.0,0x10b8e7ee448ca100bbef385cb075706febded118,0xf53fba39c7c6fb1e59744de9c08271e84647fd3c,0.334302218937854
14360846,1646938567.0,0xd166a4930c34024d164ecf35286ebde24ef413de,0x10b8e7ee448ca100bbef385cb075706febded118,0.06
14392605,1647366092.0,0x10b8e7ee448ca100bbef385cb075706febded118,0x4e668254c1717ef9de09b0b52bc1a67e05d3af71,0.0156384
14397853,1647437353.0,0x10b8e7ee448ca100bbef385cb075706febded118,0xf53fba39c7c6fb1e59744de9c08271e84647fd3c,0.042340532676606
14435933,1647949682.0,0xcbd6c40c8842b9b5e8f3bb39ed3238dbb7479669,0x10b8e7ee448ca100bbef385cb075706febded118,0.035
14435935,1647949689.0,0xcbd6c40c8842b9b5e8f3bb39ed3238dbb7479669,0x10b8e7ee448ca100bbef385cb075706febded118,0.035
14435936,1647949705.0,0xcbd6c40c8842b9b5e8f3bb39ed3238dbb7479669,0x10b8e7ee448ca100bbef385cb075706febded118,0.035
14435940,1647949734.0,0xcbd6c40c8842b9b5e8f3bb39ed3238dbb7479669,0x10b8e7ee448ca100bbef385cb075706febded118,0.035
14622756,1650469310.0,0x10b8e7ee448ca100bbef385cb075706febded118,0x92951ed6b3d940617932757b0daa5b702cb63f68,0.0652400835073068
14673710,1651160835.0,0x10b8e7ee448ca100bbef385cb075706febded118,0x3a2cd8ad126965cce6b7c331a66602ca43fd53a0,0.0073136839025817
14673867,1651162893.0,0x10b8e7ee448ca100bbef385cb075706febded118,0x5be79143a653f1553859465a44c00b4c7c5fc316,0.0072418537766267
14674628,1651173328.0,0x10b8e7ee448ca100bbef385cb075706febded118,0x5be79143a653f1553859465a44c00b4c7c5fc316,0.0536804455702936
