BlockHeight,TimeStamp,From,To,Value
15069994,1656856477.0,0x13fd18ba891eb9e47ca3fadd6912b9c94c50ec4e,0x10ac96dd52add6b77a387f484db2ab55463bdb1d,6.8
15072021,1656883851.0,0x10ac96dd52add6b77a387f484db2ab55463bdb1d,0x799654db7aec3b5c913dcc9138027be2bed6fbae,0.09724146
15072096,1656884806.0,0x10ac96dd52add6b77a387f484db2ab55463bdb1d,0x36e715510771dc133ac18369b8d427e3f3df9d4a,0.10277194
15072578,1656891142.0,0x10ac96dd52add6b77a387f484db2ab55463bdb1d,0x0eb7f189a655f29cc7ef566dec850d60cf366790,0.4046894
15072594,1656891469.0,0x10ac96dd52add6b77a387f484db2ab55463bdb1d,0xdcc0e03a9cfa121612c2fdfc4561b02d94a4f1b8,0.30276185
15072737,1656893265.0,0x10ac96dd52add6b77a387f484db2ab55463bdb1d,0xe2aeca64d193426b5da14795bd6c6368fd8bc830,0.10285502
15089032,1657111930.0,0x10ac96dd52add6b77a387f484db2ab55463bdb1d,0x11111112542d85b3ef69ae05771c2dccff4faa26,4.5
15090064,1657125658.0,0x10ac96dd52add6b77a387f484db2ab55463bdb1d,0xa0b86991c6218b36c1d19d4a2e9eb0ce3606eb48,0.0
15114255,1657446903.0,0x10ac96dd52add6b77a387f484db2ab55463bdb1d,0xa0b86991c6218b36c1d19d4a2e9eb0ce3606eb48,0.0
15123682,1657573406.0,0x10ac96dd52add6b77a387f484db2ab55463bdb1d,0x11111112542d85b3ef69ae05771c2dccff4faa26,1.2
15123706,1657573726.0,0x1b0298f0cd9c8b22e3778d2c8e9cccdeb6a4e9b4,0x10ac96dd52add6b77a387f484db2ab55463bdb1d,0.36
15123709,1657573798.0,0x10ac96dd52add6b77a387f484db2ab55463bdb1d,0x11111112542d85b3ef69ae05771c2dccff4faa26,0.35
15123717,1657574033.0,0x10ac96dd52add6b77a387f484db2ab55463bdb1d,0xa0b86991c6218b36c1d19d4a2e9eb0ce3606eb48,0.0
15126969,1657617070.0,0x10ac96dd52add6b77a387f484db2ab55463bdb1d,0xa0b86991c6218b36c1d19d4a2e9eb0ce3606eb48,0.0
15127066,1657618655.0,0xb9899e3c468107941837551717af13567c94eef9,0x10ac96dd52add6b77a387f484db2ab55463bdb1d,1.0
15127068,1657618698.0,0x10ac96dd52add6b77a387f484db2ab55463bdb1d,0x11111112542d85b3ef69ae05771c2dccff4faa26,1.0
15127745,1657628174.0,0x10ac96dd52add6b77a387f484db2ab55463bdb1d,0xa0b86991c6218b36c1d19d4a2e9eb0ce3606eb48,0.0
15134688,1657721100.0,0x10ac96dd52add6b77a387f484db2ab55463bdb1d,0xa0b86991c6218b36c1d19d4a2e9eb0ce3606eb48,0.0
15136300,1657742579.0,0x10ac96dd52add6b77a387f484db2ab55463bdb1d,0xa0b86991c6218b36c1d19d4a2e9eb0ce3606eb48,0.0
15140334,1657795964.0,0x10ac96dd52add6b77a387f484db2ab55463bdb1d,0xa0b86991c6218b36c1d19d4a2e9eb0ce3606eb48,0.0
15140480,1657797822.0,0x10ac96dd52add6b77a387f484db2ab55463bdb1d,0xa0b86991c6218b36c1d19d4a2e9eb0ce3606eb48,0.0
15141462,1657810774.0,0x10ac96dd52add6b77a387f484db2ab55463bdb1d,0xa0b86991c6218b36c1d19d4a2e9eb0ce3606eb48,0.0
15154018,1657978114.0,0x10ac96dd52add6b77a387f484db2ab55463bdb1d,0xa0b86991c6218b36c1d19d4a2e9eb0ce3606eb48,0.0
15154996,1657991799.0,0x10ac96dd52add6b77a387f484db2ab55463bdb1d,0xa0b86991c6218b36c1d19d4a2e9eb0ce3606eb48,0.0
15156015,1658005481.0,0x10ac96dd52add6b77a387f484db2ab55463bdb1d,0xa0b86991c6218b36c1d19d4a2e9eb0ce3606eb48,0.0
15159986,1658058549.0,0x10ac96dd52add6b77a387f484db2ab55463bdb1d,0xa0b86991c6218b36c1d19d4a2e9eb0ce3606eb48,0.0
15161204,1658074928.0,0x10ac96dd52add6b77a387f484db2ab55463bdb1d,0xa0b86991c6218b36c1d19d4a2e9eb0ce3606eb48,0.0
15161231,1658075189.0,0x10ac96dd52add6b77a387f484db2ab55463bdb1d,0x11111112542d85b3ef69ae05771c2dccff4faa26,0.0
15161264,1658075527.0,0x10ac96dd52add6b77a387f484db2ab55463bdb1d,0xdac17f958d2ee523a2206206994597c13d831ec7,0.0
15161472,1658078766.0,0x10ac96dd52add6b77a387f484db2ab55463bdb1d,0xdac17f958d2ee523a2206206994597c13d831ec7,0.0
15161475,1658078782.0,0x10ac96dd52add6b77a387f484db2ab55463bdb1d,0x11111112542d85b3ef69ae05771c2dccff4faa26,0.0
15167189,1658154636.0,0x10ac96dd52add6b77a387f484db2ab55463bdb1d,0xa0b86991c6218b36c1d19d4a2e9eb0ce3606eb48,0.0
15167616,1658160279.0,0x10ac96dd52add6b77a387f484db2ab55463bdb1d,0xa0b86991c6218b36c1d19d4a2e9eb0ce3606eb48,0.0
15168285,1658169227.0,0x10ac96dd52add6b77a387f484db2ab55463bdb1d,0xa0b86991c6218b36c1d19d4a2e9eb0ce3606eb48,0.0
15168709,1658175348.0,0xb9899e3c468107941837551717af13567c94eef9,0x10ac96dd52add6b77a387f484db2ab55463bdb1d,4.5
15168731,1658175537.0,0x10ac96dd52add6b77a387f484db2ab55463bdb1d,0x11111112542d85b3ef69ae05771c2dccff4faa26,4.2
15168784,1658176302.0,0x10ac96dd52add6b77a387f484db2ab55463bdb1d,0xa0b86991c6218b36c1d19d4a2e9eb0ce3606eb48,0.0
15168818,1658176804.0,0x10ac96dd52add6b77a387f484db2ab55463bdb1d,0xa0b86991c6218b36c1d19d4a2e9eb0ce3606eb48,0.0
15168846,1658177129.0,0x10ac96dd52add6b77a387f484db2ab55463bdb1d,0x4fb721ef3bf99e0f2c193847afa296b9257d3c30,0.0
15168848,1658177144.0,0x68b3465833fb72a70ecdf485e0e4c7bd8665fc45,0x10ac96dd52add6b77a387f484db2ab55463bdb1d,6.023019213484419
15168848,1658177144.0,0x10ac96dd52add6b77a387f484db2ab55463bdb1d,0x68b3465833fb72a70ecdf485e0e4c7bd8665fc45,0.0
15172695,1658228782.0,0x10ac96dd52add6b77a387f484db2ab55463bdb1d,0xa0b86991c6218b36c1d19d4a2e9eb0ce3606eb48,0.0
15175795,1658269836.0,0x10ac96dd52add6b77a387f484db2ab55463bdb1d,0xa0b86991c6218b36c1d19d4a2e9eb0ce3606eb48,0.0
15175816,1658270061.0,0x10ac96dd52add6b77a387f484db2ab55463bdb1d,0xa0b86991c6218b36c1d19d4a2e9eb0ce3606eb48,0.0
15175853,1658270605.0,0x10ac96dd52add6b77a387f484db2ab55463bdb1d,0xa0b86991c6218b36c1d19d4a2e9eb0ce3606eb48,0.0
15176008,1658272809.0,0x10ac96dd52add6b77a387f484db2ab55463bdb1d,0xa0b86991c6218b36c1d19d4a2e9eb0ce3606eb48,0.0
15176017,1658272952.0,0x10ac96dd52add6b77a387f484db2ab55463bdb1d,0x0539e4acec1c09a2eaea131375fc80369fb55950,0.1
15179235,1658316815.0,0x10ac96dd52add6b77a387f484db2ab55463bdb1d,0xa0b86991c6218b36c1d19d4a2e9eb0ce3606eb48,0.0
15179534,1658320607.0,0x10ac96dd52add6b77a387f484db2ab55463bdb1d,0x11111112542d85b3ef69ae05771c2dccff4faa26,3.5
15179538,1658320680.0,0x10ac96dd52add6b77a387f484db2ab55463bdb1d,0xa0b86991c6218b36c1d19d4a2e9eb0ce3606eb48,0.0
15179550,1658320838.0,0x10ac96dd52add6b77a387f484db2ab55463bdb1d,0xed4a15709e258fd02aaada9d03bb4a1d3dd38ed8,0.1
15185648,1658403332.0,0x10ac96dd52add6b77a387f484db2ab55463bdb1d,0xa0b86991c6218b36c1d19d4a2e9eb0ce3606eb48,0.0
15191507,1658481678.0,0x10ac96dd52add6b77a387f484db2ab55463bdb1d,0xa0b86991c6218b36c1d19d4a2e9eb0ce3606eb48,0.0
15191675,1658483831.0,0xb9899e3c468107941837551717af13567c94eef9,0x10ac96dd52add6b77a387f484db2ab55463bdb1d,3.5
15191679,1658483912.0,0x10ac96dd52add6b77a387f484db2ab55463bdb1d,0x11111112542d85b3ef69ae05771c2dccff4faa26,5.9
15199440,1658586317.0,0x10ac96dd52add6b77a387f484db2ab55463bdb1d,0x11111112542d85b3ef69ae05771c2dccff4faa26,0.1
15199441,1658586342.0,0x10ac96dd52add6b77a387f484db2ab55463bdb1d,0xa0b86991c6218b36c1d19d4a2e9eb0ce3606eb48,0.0
15199915,1658592608.0,0x10ac96dd52add6b77a387f484db2ab55463bdb1d,0x6968a1b5f9deb04a003a81f83c78693cea1eb668,0.03
15201242,1658610366.0,0x10ac96dd52add6b77a387f484db2ab55463bdb1d,0xa0b86991c6218b36c1d19d4a2e9eb0ce3606eb48,0.0
15206112,1658676463.0,0x10ac96dd52add6b77a387f484db2ab55463bdb1d,0xa0b86991c6218b36c1d19d4a2e9eb0ce3606eb48,0.0
15206190,1658677493.0,0x10ac96dd52add6b77a387f484db2ab55463bdb1d,0xa0b86991c6218b36c1d19d4a2e9eb0ce3606eb48,0.0
15206552,1658682574.0,0x10ac96dd52add6b77a387f484db2ab55463bdb1d,0x10ac96dd52add6b77a387f484db2ab55463bdb1d,0.0
15206553,1658682580.0,0x10ac96dd52add6b77a387f484db2ab55463bdb1d,0xa0b86991c6218b36c1d19d4a2e9eb0ce3606eb48,0.0
15206854,1658686594.0,0x27239549dd40e1d60f5b80b0c4196923745b1fd2,0x10ac96dd52add6b77a387f484db2ab55463bdb1d,0.6245778813591941
15206854,1658686594.0,0x10ac96dd52add6b77a387f484db2ab55463bdb1d,0x11111112542d85b3ef69ae05771c2dccff4faa26,0.0
15206856,1658686623.0,0x10ac96dd52add6b77a387f484db2ab55463bdb1d,0x055228cc05d47c99c44d5309fe753f4cec9dbb07,0.12
15207659,1658697233.0,0xc2b1d3b59c4a9e702ac3823c881417242bba5830,0x10ac96dd52add6b77a387f484db2ab55463bdb1d,0.9894416200191528
15211239,1658746225.0,0x10ac96dd52add6b77a387f484db2ab55463bdb1d,0xa0b86991c6218b36c1d19d4a2e9eb0ce3606eb48,0.0
15211517,1658750290.0,0x10ac96dd52add6b77a387f484db2ab55463bdb1d,0xa0b86991c6218b36c1d19d4a2e9eb0ce3606eb48,0.0
15211529,1658750456.0,0x10ac96dd52add6b77a387f484db2ab55463bdb1d,0x0373b58ca6ef73214d7251368660cd7ed50a8da8,0.1
15211541,1658750589.0,0x10ac96dd52add6b77a387f484db2ab55463bdb1d,0x11111112542d85b3ef69ae05771c2dccff4faa26,1.4
15211544,1658750651.0,0x10ac96dd52add6b77a387f484db2ab55463bdb1d,0xa0b86991c6218b36c1d19d4a2e9eb0ce3606eb48,0.0
15212541,1658763428.0,0x10ac96dd52add6b77a387f484db2ab55463bdb1d,0xa0b86991c6218b36c1d19d4a2e9eb0ce3606eb48,0.0
15212851,1658767785.0,0x10ac96dd52add6b77a387f484db2ab55463bdb1d,0xa0b86991c6218b36c1d19d4a2e9eb0ce3606eb48,0.0
15212863,1658767882.0,0x10ac96dd52add6b77a387f484db2ab55463bdb1d,0xa0b86991c6218b36c1d19d4a2e9eb0ce3606eb48,0.0
15213623,1658777746.0,0x10ac96dd52add6b77a387f484db2ab55463bdb1d,0xa0b86991c6218b36c1d19d4a2e9eb0ce3606eb48,0.0
15213986,1658782880.0,0xfcce08c6119ceca41f9f2c07db4aaee8391b864f,0x10ac96dd52add6b77a387f484db2ab55463bdb1d,10.0
15213988,1658782925.0,0x10ac96dd52add6b77a387f484db2ab55463bdb1d,0x11111112542d85b3ef69ae05771c2dccff4faa26,7.5
15214013,1658783181.0,0x10ac96dd52add6b77a387f484db2ab55463bdb1d,0xa0b86991c6218b36c1d19d4a2e9eb0ce3606eb48,0.0
15214638,1658791491.0,0x10ac96dd52add6b77a387f484db2ab55463bdb1d,0xa0b86991c6218b36c1d19d4a2e9eb0ce3606eb48,0.0
15214887,1658794584.0,0x10ac96dd52add6b77a387f484db2ab55463bdb1d,0xa0b86991c6218b36c1d19d4a2e9eb0ce3606eb48,0.0
15217419,1658828883.0,0x10ac96dd52add6b77a387f484db2ab55463bdb1d,0xa0b86991c6218b36c1d19d4a2e9eb0ce3606eb48,0.0
15217974,1658836857.0,0x10ac96dd52add6b77a387f484db2ab55463bdb1d,0xa0b86991c6218b36c1d19d4a2e9eb0ce3606eb48,0.0
15218598,1658845326.0,0x10ac96dd52add6b77a387f484db2ab55463bdb1d,0xa0b86991c6218b36c1d19d4a2e9eb0ce3606eb48,0.0
15219284,1658854405.0,0x10ac96dd52add6b77a387f484db2ab55463bdb1d,0xa0b86991c6218b36c1d19d4a2e9eb0ce3606eb48,0.0
15219815,1658861618.0,0x10ac96dd52add6b77a387f484db2ab55463bdb1d,0xdac17f958d2ee523a2206206994597c13d831ec7,0.0
15219974,1658863921.0,0x10ac96dd52add6b77a387f484db2ab55463bdb1d,0xa0b86991c6218b36c1d19d4a2e9eb0ce3606eb48,0.0
15220819,1658874808.0,0x10ac96dd52add6b77a387f484db2ab55463bdb1d,0xe68bccc24f1b4f5109fdfc2438b7cd9bb028f2b4,0.8
15221230,1658880561.0,0x10ac96dd52add6b77a387f484db2ab55463bdb1d,0x11111112542d85b3ef69ae05771c2dccff4faa26,0.0
15221235,1658880636.0,0x10ac96dd52add6b77a387f484db2ab55463bdb1d,0xdac17f958d2ee523a2206206994597c13d831ec7,0.0
15221859,1658888944.0,0x10ac96dd52add6b77a387f484db2ab55463bdb1d,0xdac17f958d2ee523a2206206994597c13d831ec7,0.0
15224713,1658927117.0,0x10ac96dd52add6b77a387f484db2ab55463bdb1d,0xa0b86991c6218b36c1d19d4a2e9eb0ce3606eb48,0.0
15224731,1658927435.0,0x10ac96dd52add6b77a387f484db2ab55463bdb1d,0xe68bccc24f1b4f5109fdfc2438b7cd9bb028f2b4,1.5
15225268,1658934765.0,0x10ac96dd52add6b77a387f484db2ab55463bdb1d,0xa0b86991c6218b36c1d19d4a2e9eb0ce3606eb48,0.0
15232426,1659030438.0,0x10ac96dd52add6b77a387f484db2ab55463bdb1d,0x26007fa17cdd4eda784e7ab9fe343122991ffa38,0.12
15249956,1659266741.0,0x13fd18ba891eb9e47ca3fadd6912b9c94c50ec4e,0x10ac96dd52add6b77a387f484db2ab55463bdb1d,0.0968663995544045
15249957,1659266764.0,0x39990a6445c4a6cada697d68a8e54f9770eed0cb,0x10ac96dd52add6b77a387f484db2ab55463bdb1d,0.0898013264363896
15249957,1659266764.0,0xb6a68f60c97804e9c22d6c73bdecc7315dd7f6f5,0x10ac96dd52add6b77a387f484db2ab55463bdb1d,0.03647910902874
15249962,1659266829.0,0x27239549dd40e1d60f5b80b0c4196923745b1fd2,0x10ac96dd52add6b77a387f484db2ab55463bdb1d,0.2362683427089861
15249962,1659266829.0,0x10ac96dd52add6b77a387f484db2ab55463bdb1d,0x11111112542d85b3ef69ae05771c2dccff4faa26,0.0
15249963,1659266840.0,0xb9899e3c468107941837551717af13567c94eef9,0x10ac96dd52add6b77a387f484db2ab55463bdb1d,0.1745751189511418
15249970,1659266958.0,0x10ac96dd52add6b77a387f484db2ab55463bdb1d,0x11111112542d85b3ef69ae05771c2dccff4faa26,0.73
15250083,1659268495.0,0x10ac96dd52add6b77a387f484db2ab55463bdb1d,0xa0b86991c6218b36c1d19d4a2e9eb0ce3606eb48,0.0
15472690,1662309466.0,0x10ac96dd52add6b77a387f484db2ab55463bdb1d,0x10ac96dd52add6b77a387f484db2ab55463bdb1d,0.0
15472694,1662309532.0,0x10ac96dd52add6b77a387f484db2ab55463bdb1d,0x5a666c7d92e5fa7edcb6390e4efd6d0cdd69cf37,0.0
15472755,1662310274.0,0x10ac96dd52add6b77a387f484db2ab55463bdb1d,0x1111111254fb6c44bac0bed2854e76f90643097d,0.0
15472755,1662310274.0,0x1111111254fb6c44bac0bed2854e76f90643097d,0x10ac96dd52add6b77a387f484db2ab55463bdb1d,0.5753452904474359
15472759,1662310319.0,0x10ac96dd52add6b77a387f484db2ab55463bdb1d,0x650cf4c97a5ff8958e9b72dd58300302990f9d9f,0.58
