BlockHeight,TimeStamp,From,To,Value
13994443,1642040110.0,0xa160cdab225685da1d56aa342ad8841c3b53f291,0x12c22befc4e0c7e00c2c6618a05e93b737ad2df0,99.7570695
13994448,1642040160.0,0x12c22befc4e0c7e00c2c6618a05e93b737ad2df0,0xbdb3c649e2cc7922e46795dcfaafb864be934543,70.0
13994449,1642040174.0,0x12c22befc4e0c7e00c2c6618a05e93b737ad2df0,0x043d14cdc1e544cc87d48dd02c5b97b097c7fa30,29.0
13994455,1642040327.0,0x12c22befc4e0c7e00c2c6618a05e93b737ad2df0,0x7be8076f4ea4a4ad08075c2508e481d6c946d12b,0.069
14187521,1644618632.0,0x12c22befc4e0c7e00c2c6618a05e93b737ad2df0,0x73fa46189e36e8c3465ffac2ce70b46cab657626,0.00862
14760730,1652353629.0,0x12c22befc4e0c7e00c2c6618a05e93b737ad2df0,0x3af30799abd1f10f00be9e5578e93466a443433a,0.59251944988813
