BlockHeight,TimeStamp,From,To,Value
13933779,1641230236.0,0xbcafdd642118e5536024675e776d32413728dd08,0x1412eca9dc7daef60451e3155bb8dbf9da349933,0.0
13936240,1641262490.0,0x2676194c60d50ddf3f1e83495d82cfc75940b131,0x1412eca9dc7daef60451e3155bb8dbf9da349933,0.0
13936255,1641262747.0,0x3f6ed8aa382b7f916e172e153656a2b2548dc6d5,0x1412eca9dc7daef60451e3155bb8dbf9da349933,0.0
13941865,1641337519.0,0xf2b76292ac7fa9b25a45e324ba6604398e610a7c,0x1412eca9dc7daef60451e3155bb8dbf9da349933,0.0
13941880,1641337791.0,0xf2b76292ac7fa9b25a45e324ba6604398e610a7c,0x1412eca9dc7daef60451e3155bb8dbf9da349933,0.0
13979349,1641838921.0,0x7e3ebe2080a747cd56d811c5d203fb7f012f36f6,0x1412eca9dc7daef60451e3155bb8dbf9da349933,0.0
14018326,1642359541.0,0xe558709e315ba375f66244e6ab0e175b54a561b6,0x1412eca9dc7daef60451e3155bb8dbf9da349933,0.0
14018330,1642359579.0,0xe558709e315ba375f66244e6ab0e175b54a561b6,0x1412eca9dc7daef60451e3155bb8dbf9da349933,0.0
14024822,1642446242.0,0x51e1b4d0e6776c618a2893d68738b19a20b4a8f6,0x1412eca9dc7daef60451e3155bb8dbf9da349933,0.0
14030992,1642528377.0,0xb0f67d672d901752898e1a9a6b5c541da097c79c,0x1412eca9dc7daef60451e3155bb8dbf9da349933,0.0
14037985,1642622045.0,0x73b8756f9c3c832c667ba8a5d6d6c4ef94ab327e,0x1412eca9dc7daef60451e3155bb8dbf9da349933,0.0
14037991,1642622118.0,0x73b8756f9c3c832c667ba8a5d6d6c4ef94ab327e,0x1412eca9dc7daef60451e3155bb8dbf9da349933,0.0
14041354,1642667733.0,0xb0f67d672d901752898e1a9a6b5c541da097c79c,0x1412eca9dc7daef60451e3155bb8dbf9da349933,0.0
14041357,1642667752.0,0xb0f67d672d901752898e1a9a6b5c541da097c79c,0x1412eca9dc7daef60451e3155bb8dbf9da349933,0.0
14091967,1643343062.0,0x8fb41ebf8b59895228e5c774da2f96ced3e5f03e,0x1412eca9dc7daef60451e3155bb8dbf9da349933,0.0
14091984,1643343342.0,0x8fb41ebf8b59895228e5c774da2f96ced3e5f03e,0x1412eca9dc7daef60451e3155bb8dbf9da349933,0.0
14093904,1643369885.0,0x597f5361e72bda734fa832e7259965f7fe6f0162,0x1412eca9dc7daef60451e3155bb8dbf9da349933,0.0
14094110,1643372364.0,0xe2a6a3bbf965d143c21f445d8befa0b7960adb76,0x1412eca9dc7daef60451e3155bb8dbf9da349933,0.0
14094112,1643372420.0,0xe2a6a3bbf965d143c21f445d8befa0b7960adb76,0x1412eca9dc7daef60451e3155bb8dbf9da349933,0.0
14094116,1643372490.0,0xe2a6a3bbf965d143c21f445d8befa0b7960adb76,0x1412eca9dc7daef60451e3155bb8dbf9da349933,0.0
14122669,1643752347.0,0x5da7351a4cb03c33e11f51841bc614d985812821,0x1412eca9dc7daef60451e3155bb8dbf9da349933,0.0
14122675,1643752412.0,0x5da7351a4cb03c33e11f51841bc614d985812821,0x1412eca9dc7daef60451e3155bb8dbf9da349933,0.0
14127947,1643822603.0,0x803b04ca74fad60e89aab4dae2c75d07977ee0e0,0x1412eca9dc7daef60451e3155bb8dbf9da349933,0.0
14140020,1643984378.0,0x6eb90067e3cbf8f3865d6909007bdb54c7c52dad,0x1412eca9dc7daef60451e3155bb8dbf9da349933,0.0
14158145,1644226377.0,0x4eb3920de6cbb3f1e00f8c01aa6225dff3c85f0c,0x1412eca9dc7daef60451e3155bb8dbf9da349933,0.0
14160819,1644261833.0,0x7ec7e6d18c8a488307b83a7b69bffa250d4ddf44,0x1412eca9dc7daef60451e3155bb8dbf9da349933,0.0
14160822,1644261888.0,0x7ec7e6d18c8a488307b83a7b69bffa250d4ddf44,0x1412eca9dc7daef60451e3155bb8dbf9da349933,0.0
14167939,1644357021.0,0x4ea08d2a5173c5cbf8f021a6839444cab3a4fcd9,0x1412eca9dc7daef60451e3155bb8dbf9da349933,0.0
14170280,1644388318.0,0xe2a6a3bbf965d143c21f445d8befa0b7960adb76,0x1412eca9dc7daef60451e3155bb8dbf9da349933,0.0
14170282,1644388346.0,0xe2a6a3bbf965d143c21f445d8befa0b7960adb76,0x1412eca9dc7daef60451e3155bb8dbf9da349933,0.0
14170286,1644388414.0,0xe2a6a3bbf965d143c21f445d8befa0b7960adb76,0x1412eca9dc7daef60451e3155bb8dbf9da349933,0.0
14182027,1644545964.0,0xbde61412ca9f899239671118fd1ec99e70195de7,0x1412eca9dc7daef60451e3155bb8dbf9da349933,0.0
14199180,1644773993.0,0x20af3d62f2c7d91ed85e0e99469a57f22fd1e29d,0x1412eca9dc7daef60451e3155bb8dbf9da349933,0.0
14210936,1644931406.0,0xe2a6a3bbf965d143c21f445d8befa0b7960adb76,0x1412eca9dc7daef60451e3155bb8dbf9da349933,0.0
14221385,1645070834.0,0x98db30d69ebcb32eb3bf79fc10f8e9658686e127,0x1412eca9dc7daef60451e3155bb8dbf9da349933,0.0
14221401,1645070959.0,0x98db30d69ebcb32eb3bf79fc10f8e9658686e127,0x1412eca9dc7daef60451e3155bb8dbf9da349933,0.0
14237222,1645283999.0,0x026ccc9bd6ed7ecc0de3bdd14414a301575ec135,0x1412eca9dc7daef60451e3155bb8dbf9da349933,0.0
14245943,1645399642.0,0x9dc8900b658724ff1c0984d1c841d5ff4092be3e,0x1412eca9dc7daef60451e3155bb8dbf9da349933,0.0
14268102,1645696312.0,0x559919e2285367b6f0abc2e6b97feb6c7402fa3b,0x1412eca9dc7daef60451e3155bb8dbf9da349933,0.0
14268107,1645696371.0,0x559919e2285367b6f0abc2e6b97feb6c7402fa3b,0x1412eca9dc7daef60451e3155bb8dbf9da349933,0.0
14270627,1645729911.0,0x1e3be6767cdb58705510161c1b0fb3d070c5f147,0x1412eca9dc7daef60451e3155bb8dbf9da349933,0.0
14307911,1646227996.0,0x70e989c70d08292e8243e942cd6b4722602e1584,0x1412eca9dc7daef60451e3155bb8dbf9da349933,0.0
14387886,1647302668.0,0x5f18297479b4e8f4c42addf25b9521b5d6738ad6,0x1412eca9dc7daef60451e3155bb8dbf9da349933,0.0
14406149,1647549104.0,0x6bcf9490f3931d0b0b46a4ee99cfc4e724f52fc8,0x1412eca9dc7daef60451e3155bb8dbf9da349933,0.0
14455017,1648205783.0,0x1e3be6767cdb58705510161c1b0fb3d070c5f147,0x1412eca9dc7daef60451e3155bb8dbf9da349933,0.0
14561499,1649641441.0,0x128f59c9004b8f606f4541c37607abcac988527f,0x1412eca9dc7daef60451e3155bb8dbf9da349933,0.0
14864491,1653799171.0,0x6162cb686f862fd1b7756fe9967edb7daf488378,0x1412eca9dc7daef60451e3155bb8dbf9da349933,0.0
15122150,1657553849.0,0x9ed91151f82f04e437a45d229f3ddff4b0f7d7c9,0x1412eca9dc7daef60451e3155bb8dbf9da349933,0.0
15122155,1657553906.0,0x9ed91151f82f04e437a45d229f3ddff4b0f7d7c9,0x1412eca9dc7daef60451e3155bb8dbf9da349933,0.0
15122160,1657554007.0,0x9ed91151f82f04e437a45d229f3ddff4b0f7d7c9,0x1412eca9dc7daef60451e3155bb8dbf9da349933,0.0
15126548,1657611116.0,0x13d9b821efd055ffd7efb25aa43e0f754111d612,0x1412eca9dc7daef60451e3155bb8dbf9da349933,0.0
15373069,1660936264.0,0xaf5ec28554bf5a62683b1bbee39809bc0030ca93,0x1412eca9dc7daef60451e3155bb8dbf9da349933,0.0
15611185,1664118503.0,0xe6a5e5cbc441c6313e8ce52afc5078d26130b42b,0x1412eca9dc7daef60451e3155bb8dbf9da349933,0.0
16530636,1675214279.0,0x00000000009a41862f3b2b0c688b7c0d1940511e,0x1412eca9dc7daef60451e3155bb8dbf9da349933,0.0
16531545,1675225247.0,0x00000000009a41862f3b2b0c688b7c0d1940511e,0x1412eca9dc7daef60451e3155bb8dbf9da349933,0.0
16616797,1676254655.0,0x8ae928cb080aa43a50393cd08de208ef2b1bb86a,0x1412eca9dc7daef60451e3155bb8dbf9da349933,0.0
16846556,1679044235.0,0xea5d8c7b604b9d158259203727f3d2d7bbb44f6e,0x1412eca9dc7daef60451e3155bb8dbf9da349933,0.0
18832694,1703142923.0,0xc6298c2512961b0196e26d6cdcc89129e4626986,0x1412eca9dc7daef60451e3155bb8dbf9da349933,0.0
