BlockHeight,TimeStamp,From,To,Value
14422136,1647764540.0,0xb69f990465421d2d3cad336eb70cf1609b0c2157,0x1bd0de55c1db4c759262ceba2ebe87fceeaab12d,0.99
14423524,1647782924.0,0xbe2a675d74323337e884dd0a6cb490abcbce4ff6,0x1bd0de55c1db4c759262ceba2ebe87fceeaab12d,0.33
14423904,1647788043.0,0xb69f990465421d2d3cad336eb70cf1609b0c2157,0x1bd0de55c1db4c759262ceba2ebe87fceeaab12d,0.33
14424074,1647790259.0,0xb69f990465421d2d3cad336eb70cf1609b0c2157,0x1bd0de55c1db4c759262ceba2ebe87fceeaab12d,0.33
14451284,1648155840.0,0x1bd0de55c1db4c759262ceba2ebe87fceeaab12d,0x178dd0b89489bd3943fd552d6c01c5c1fc2b5ca1,1.977
14464158,1648328975.0,0xbf78e1d1e9900c971a30ef2b3843ac18d1ea1fc4,0x1bd0de55c1db4c759262ceba2ebe87fceeaab12d,0.33
14483640,1648590804.0,0x1bd0de55c1db4c759262ceba2ebe87fceeaab12d,0x814bac3cf9df1984c03be6b9238c5be7499c24fc,0.329556413703759
14602045,1650188451.0,0x3cd751e6b0078be393132286c442345e5dc49699,0x1bd0de55c1db4c759262ceba2ebe87fceeaab12d,0.32992466
14610873,1650307872.0,0x1bd0de55c1db4c759262ceba2ebe87fceeaab12d,0xa3e73f03739f688e23b12def26bcd6ae23533b72,0.329185201031129
14619423,1650423851.0,0x4dc3ff895ba5fc48f2d1ace225b7da143079f152,0x1bd0de55c1db4c759262ceba2ebe87fceeaab12d,0.33
14647205,1650799872.0,0x3d53ba10ecc1e51e9b6b2edd420ba55246e9ceef,0x1bd0de55c1db4c759262ceba2ebe87fceeaab12d,0.66
14667983,1651082153.0,0xa043aab7b7d1a18c2cfc70b97b6c8ad5b95ff800,0x1bd0de55c1db4c759262ceba2ebe87fceeaab12d,0.0035482619208595
14692332,1651413144.0,0x067fd8aa33b405d6456f72fab725332dd981a702,0x1bd0de55c1db4c759262ceba2ebe87fceeaab12d,0.33
14718389,1651769773.0,0x1bd0de55c1db4c759262ceba2ebe87fceeaab12d,0x9ef370642a57ccd3bf2a03d0ac40c4cfe26bf53c,0.56
14718414,1651770078.0,0x1bd0de55c1db4c759262ceba2ebe87fceeaab12d,0x77408745d3aadd459fc0a7dc634bf7da9ce87475,0.4
14718419,1651770174.0,0x1bd0de55c1db4c759262ceba2ebe87fceeaab12d,0xea1fee2cd1474cdc4c736d4e426b0f925bb111a7,0.3590065852153915
14783682,1652668459.0,0xd9b951315f1ec232cd7fb57555c6c7db152aecb5,0x1bd0de55c1db4c759262ceba2ebe87fceeaab12d,0.66
14794773,1652821348.0,0x1bd0de55c1db4c759262ceba2ebe87fceeaab12d,0x24b9d8b48db0d0b74fc05b6d2eecb13901d03d55,0.659826340096611
14885889,1654101890.0,0x96a323835e0c205725c48ca162ef5e488104b30b,0x1bd0de55c1db4c759262ceba2ebe87fceeaab12d,0.33
15009349,1655928739.0,0x1bd0de55c1db4c759262ceba2ebe87fceeaab12d,0xb3bab911bbc650525564490cf5b0bc20729992e1,0.329198636495394
