BlockHeight,TimeStamp,From,To,Value
14622751,1650469179.0,0x590745d0fff1afb92734bd26bef155fc770f16e9,0x1d6cada7af0c86323c3be27e0719e9cfdccd2a7a,0.2070775178187739
14622767,1650469501.0,0x1d6cada7af0c86323c3be27e0719e9cfdccd2a7a,0x39ae934ab392482f8faa576fe7e0b56c57efbbf7,0.2046377862396499
14676398,1651196960.0,0x91e5e2379856035e8d065e0bb559262567a5b33c,0x1d6cada7af0c86323c3be27e0719e9cfdccd2a7a,0.0795860573144298
14677908,1651217769.0,0x1d6cada7af0c86323c3be27e0719e9cfdccd2a7a,0x39ae934ab392482f8faa576fe7e0b56c57efbbf7,0.0787644848129598
14691541,1651402502.0,0x6c7a91183acf41a0eb9bd15d5563155ee993ffbf,0x1d6cada7af0c86323c3be27e0719e9cfdccd2a7a,0.147499094709425
14691599,1651403203.0,0x413cbbd67436796ad1ae8d6c72c7b9b8d45a3a03,0x1d6cada7af0c86323c3be27e0719e9cfdccd2a7a,0.3786749075135138
14692088,1651409785.0,0x1d6cada7af0c86323c3be27e0719e9cfdccd2a7a,0x39ae934ab392482f8faa576fe7e0b56c57efbbf7,0.5250468975004888
14750612,1652213972.0,0x6e581343621dab72d7c7eb73d232875bad94ad65,0x1d6cada7af0c86323c3be27e0719e9cfdccd2a7a,0.0308867411897683
14750667,1652214585.0,0x1d6cada7af0c86323c3be27e0719e9cfdccd2a7a,0x39ae934ab392482f8faa576fe7e0b56c57efbbf7,0.0303762584700913
14754487,1652266799.0,0x91e5e2379856035e8d065e0bb559262567a5b33c,0x1d6cada7af0c86323c3be27e0719e9cfdccd2a7a,0.0795860573144298
14754549,1652267696.0,0x1d6cada7af0c86323c3be27e0719e9cfdccd2a7a,0x39ae934ab392482f8faa576fe7e0b56c57efbbf7,0.0782194022428788
14761488,1652364091.0,0xaa6f27e423d89c5a7f2bc618b0b694faf04a5e46,0x1d6cada7af0c86323c3be27e0719e9cfdccd2a7a,0.0005597796505954
14830301,1653318897.0,0x052be48308e89c713f770e10575a10b0fc0b1f30,0x1d6cada7af0c86323c3be27e0719e9cfdccd2a7a,0.007611207271452
14830347,1653319521.0,0x052be48308e89c713f770e10575a10b0fc0b1f30,0x1d6cada7af0c86323c3be27e0719e9cfdccd2a7a,0.0092725050247048
14830369,1653319743.0,0x052be48308e89c713f770e10575a10b0fc0b1f30,0x1d6cada7af0c86323c3be27e0719e9cfdccd2a7a,0.0092725050247048
14830408,1653320440.0,0x1d6cada7af0c86323c3be27e0719e9cfdccd2a7a,0x39ae934ab392482f8faa576fe7e0b56c57efbbf7,0.025935048512859
15047284,1656542464.0,0xe61f8fd77c3383139ca877e35195715f80fbf6dc,0x1d6cada7af0c86323c3be27e0719e9cfdccd2a7a,0.0140255934800212
15050885,1656600178.0,0x1d6cada7af0c86323c3be27e0719e9cfdccd2a7a,0x39ae934ab392482f8faa576fe7e0b56c57efbbf7,0.0132376235552302
15820360,1666643711.0,0xe61f8fd77c3383139ca877e35195715f80fbf6dc,0x1d6cada7af0c86323c3be27e0719e9cfdccd2a7a,0.0140255934800212
15820360,1666643711.0,0xe61f8fd77c3383139ca877e35195715f80fbf6dc,0x1d6cada7af0c86323c3be27e0719e9cfdccd2a7a,0.0140255934800212
15820360,1666643711.0,0xe61f8fd77c3383139ca877e35195715f80fbf6dc,0x1d6cada7af0c86323c3be27e0719e9cfdccd2a7a,0.0116068386796054
15820360,1666643711.0,0xe61f8fd77c3383139ca877e35195715f80fbf6dc,0x1d6cada7af0c86323c3be27e0719e9cfdccd2a7a,0.0116068386796054
15903793,1667651015.0,0x1d6cada7af0c86323c3be27e0719e9cfdccd2a7a,0x39ae934ab392482f8faa576fe7e0b56c57efbbf7,0.0508849485813593
