BlockHeight,TimeStamp,From,To,Value
14710023,1651655316.0,0x0ccd9020400d732dddb37913f25e1754b7afd4dd,0x1ed7224aefb32297cdad09f08551393f381672c9,0.1
14726329,1651878179.0,0x57dd6ddee331914cf8813ffa1189d991b717af72,0x1ed7224aefb32297cdad09f08551393f381672c9,0.1
14726340,1651878278.0,0x57dd6ddee331914cf8813ffa1189d991b717af72,0x1ed7224aefb32297cdad09f08551393f381672c9,0.1
14842297,1653487819.0,0x0117b6f415be6cefc95a343b24cbb69bffc03441,0x1ed7224aefb32297cdad09f08551393f381672c9,0.1
14842314,1653488068.0,0x0ebf67dbfbb6cfc3a271d242ec812b55a9c39db7,0x1ed7224aefb32297cdad09f08551393f381672c9,0.1
15282640,1659706692.0,0x1ed7224aefb32297cdad09f08551393f381672c9,0x8958d3cda3fea9cc6b65f5d787c35759853cb9c8,0.499625608986815
