BlockHeight,TimeStamp,From,To,Value
14052101,1642811247.0,0x1eef97eedd47250b600cf9891db1bfd206fac25d,0x1fa3cbd4d066264cabb13a7c562f35cbf25adfd5,0.2
14172378,1644416008.0,0x1fa3cbd4d066264cabb13a7c562f35cbf25adfd5,0xdac17f958d2ee523a2206206994597c13d831ec7,0.0
14186190,1644601686.0,0x1fa3cbd4d066264cabb13a7c562f35cbf25adfd5,0xdac17f958d2ee523a2206206994597c13d831ec7,0.0
14187170,1644614506.0,0x1fa3cbd4d066264cabb13a7c562f35cbf25adfd5,0xdac17f958d2ee523a2206206994597c13d831ec7,0.0
14187174,1644614538.0,0x1fa3cbd4d066264cabb13a7c562f35cbf25adfd5,0xdac17f958d2ee523a2206206994597c13d831ec7,0.0
14212544,1644952553.0,0x1fa3cbd4d066264cabb13a7c562f35cbf25adfd5,0xdac17f958d2ee523a2206206994597c13d831ec7,0.0
14217591,1645020622.0,0x1fa3cbd4d066264cabb13a7c562f35cbf25adfd5,0xdac17f958d2ee523a2206206994597c13d831ec7,0.0
14218654,1645034428.0,0x1fa3cbd4d066264cabb13a7c562f35cbf25adfd5,0xdac17f958d2ee523a2206206994597c13d831ec7,0.0
14224277,1645109490.0,0x1fa3cbd4d066264cabb13a7c562f35cbf25adfd5,0xdac17f958d2ee523a2206206994597c13d831ec7,0.0
14227091,1645147121.0,0x1fa3cbd4d066264cabb13a7c562f35cbf25adfd5,0xdac17f958d2ee523a2206206994597c13d831ec7,0.0
14227094,1645147148.0,0x1fa3cbd4d066264cabb13a7c562f35cbf25adfd5,0xdac17f958d2ee523a2206206994597c13d831ec7,0.0
14231247,1645202856.0,0x1fa3cbd4d066264cabb13a7c562f35cbf25adfd5,0xdac17f958d2ee523a2206206994597c13d831ec7,0.0
14246645,1645409015.0,0x1fa3cbd4d066264cabb13a7c562f35cbf25adfd5,0xdac17f958d2ee523a2206206994597c13d831ec7,0.0
14270648,1645730232.0,0x1fa3cbd4d066264cabb13a7c562f35cbf25adfd5,0xdac17f958d2ee523a2206206994597c13d831ec7,0.0
14270788,1645732122.0,0x1fa3cbd4d066264cabb13a7c562f35cbf25adfd5,0xdac17f958d2ee523a2206206994597c13d831ec7,0.0
14271254,1645738018.0,0x1fa3cbd4d066264cabb13a7c562f35cbf25adfd5,0xdac17f958d2ee523a2206206994597c13d831ec7,0.0
14285314,1645926172.0,0x1fa3cbd4d066264cabb13a7c562f35cbf25adfd5,0xdac17f958d2ee523a2206206994597c13d831ec7,0.0
14289032,1645975916.0,0x1fa3cbd4d066264cabb13a7c562f35cbf25adfd5,0xdac17f958d2ee523a2206206994597c13d831ec7,0.0
14301854,1646147322.0,0x1fa3cbd4d066264cabb13a7c562f35cbf25adfd5,0xdac17f958d2ee523a2206206994597c13d831ec7,0.0
14303778,1646173002.0,0x1fa3cbd4d066264cabb13a7c562f35cbf25adfd5,0xdac17f958d2ee523a2206206994597c13d831ec7,0.0
14305813,1646200165.0,0x1fa3cbd4d066264cabb13a7c562f35cbf25adfd5,0xdac17f958d2ee523a2206206994597c13d831ec7,0.0
14311540,1646277446.0,0x1fa3cbd4d066264cabb13a7c562f35cbf25adfd5,0xdac17f958d2ee523a2206206994597c13d831ec7,0.0
14321964,1646416095.0,0x1fa3cbd4d066264cabb13a7c562f35cbf25adfd5,0xdac17f958d2ee523a2206206994597c13d831ec7,0.0
14323098,1646431608.0,0x1fa3cbd4d066264cabb13a7c562f35cbf25adfd5,0xdac17f958d2ee523a2206206994597c13d831ec7,0.0
14323990,1646443780.0,0x1fa3cbd4d066264cabb13a7c562f35cbf25adfd5,0xdac17f958d2ee523a2206206994597c13d831ec7,0.0
14324503,1646451147.0,0x1fa3cbd4d066264cabb13a7c562f35cbf25adfd5,0xdac17f958d2ee523a2206206994597c13d831ec7,0.0
14329636,1646520072.0,0x1fa3cbd4d066264cabb13a7c562f35cbf25adfd5,0xdac17f958d2ee523a2206206994597c13d831ec7,0.0
14333656,1646574125.0,0xddfabcdc4d8ffc6d5beaf154f18b778f892a0740,0x1fa3cbd4d066264cabb13a7c562f35cbf25adfd5,0.01
14335936,1646605180.0,0x1fa3cbd4d066264cabb13a7c562f35cbf25adfd5,0xdac17f958d2ee523a2206206994597c13d831ec7,0.0
14336273,1646609542.0,0x1fa3cbd4d066264cabb13a7c562f35cbf25adfd5,0xdac17f958d2ee523a2206206994597c13d831ec7,0.0
14336281,1646609628.0,0x1fa3cbd4d066264cabb13a7c562f35cbf25adfd5,0xdac17f958d2ee523a2206206994597c13d831ec7,0.0
14336319,1646610100.0,0x1fa3cbd4d066264cabb13a7c562f35cbf25adfd5,0xdac17f958d2ee523a2206206994597c13d831ec7,0.0
14336323,1646610164.0,0x1fa3cbd4d066264cabb13a7c562f35cbf25adfd5,0xdac17f958d2ee523a2206206994597c13d831ec7,0.0
14336326,1646610224.0,0x1fa3cbd4d066264cabb13a7c562f35cbf25adfd5,0xdac17f958d2ee523a2206206994597c13d831ec7,0.0
14336329,1646610283.0,0x1fa3cbd4d066264cabb13a7c562f35cbf25adfd5,0xdac17f958d2ee523a2206206994597c13d831ec7,0.0
14336333,1646610323.0,0x1fa3cbd4d066264cabb13a7c562f35cbf25adfd5,0xdac17f958d2ee523a2206206994597c13d831ec7,0.0
14336386,1646610989.0,0x1fa3cbd4d066264cabb13a7c562f35cbf25adfd5,0xdac17f958d2ee523a2206206994597c13d831ec7,0.0
14336390,1646611031.0,0x1fa3cbd4d066264cabb13a7c562f35cbf25adfd5,0xdac17f958d2ee523a2206206994597c13d831ec7,0.0
14336394,1646611088.0,0x1fa3cbd4d066264cabb13a7c562f35cbf25adfd5,0xdac17f958d2ee523a2206206994597c13d831ec7,0.0
14336397,1646611115.0,0x1fa3cbd4d066264cabb13a7c562f35cbf25adfd5,0xdac17f958d2ee523a2206206994597c13d831ec7,0.0
14336420,1646611527.0,0x1fa3cbd4d066264cabb13a7c562f35cbf25adfd5,0xdac17f958d2ee523a2206206994597c13d831ec7,0.0
14336488,1646612548.0,0x1fa3cbd4d066264cabb13a7c562f35cbf25adfd5,0xdac17f958d2ee523a2206206994597c13d831ec7,0.0
14336531,1646613104.0,0xeb2629a2734e272bcc07bda959863f316f4bd4cf,0x1fa3cbd4d066264cabb13a7c562f35cbf25adfd5,0.1
14354902,1646859920.0,0x1fa3cbd4d066264cabb13a7c562f35cbf25adfd5,0xdac17f958d2ee523a2206206994597c13d831ec7,0.0
14362788,1646964456.0,0x1fa3cbd4d066264cabb13a7c562f35cbf25adfd5,0xdac17f958d2ee523a2206206994597c13d831ec7,0.0
14373362,1647107374.0,0x1fa3cbd4d066264cabb13a7c562f35cbf25adfd5,0xdac17f958d2ee523a2206206994597c13d831ec7,0.0
14373364,1647107423.0,0x1fa3cbd4d066264cabb13a7c562f35cbf25adfd5,0xdac17f958d2ee523a2206206994597c13d831ec7,0.0
14400776,1647476720.0,0x1fa3cbd4d066264cabb13a7c562f35cbf25adfd5,0xdac17f958d2ee523a2206206994597c13d831ec7,0.0
14408760,1647584368.0,0x1fa3cbd4d066264cabb13a7c562f35cbf25adfd5,0xdac17f958d2ee523a2206206994597c13d831ec7,0.0
14411286,1647618198.0,0x1fa3cbd4d066264cabb13a7c562f35cbf25adfd5,0xdac17f958d2ee523a2206206994597c13d831ec7,0.0
14411288,1647618241.0,0x1fa3cbd4d066264cabb13a7c562f35cbf25adfd5,0xdac17f958d2ee523a2206206994597c13d831ec7,0.0
14418263,1647711475.0,0x1fa3cbd4d066264cabb13a7c562f35cbf25adfd5,0xdac17f958d2ee523a2206206994597c13d831ec7,0.0
14426840,1647826782.0,0x1fa3cbd4d066264cabb13a7c562f35cbf25adfd5,0xdac17f958d2ee523a2206206994597c13d831ec7,0.0
14426892,1647827381.0,0x1fa3cbd4d066264cabb13a7c562f35cbf25adfd5,0xdac17f958d2ee523a2206206994597c13d831ec7,0.0
14426994,1647828856.0,0x1fa3cbd4d066264cabb13a7c562f35cbf25adfd5,0xdac17f958d2ee523a2206206994597c13d831ec7,0.0
14430854,1647881036.0,0x1fa3cbd4d066264cabb13a7c562f35cbf25adfd5,0xdac17f958d2ee523a2206206994597c13d831ec7,0.0
14438284,1647981221.0,0x1fa3cbd4d066264cabb13a7c562f35cbf25adfd5,0xdac17f958d2ee523a2206206994597c13d831ec7,0.0
14445023,1648071219.0,0x1fa3cbd4d066264cabb13a7c562f35cbf25adfd5,0xdac17f958d2ee523a2206206994597c13d831ec7,0.0
14450104,1648139951.0,0x1fa3cbd4d066264cabb13a7c562f35cbf25adfd5,0xdac17f958d2ee523a2206206994597c13d831ec7,0.0
14485068,1648609565.0,0x1fa3cbd4d066264cabb13a7c562f35cbf25adfd5,0xdac17f958d2ee523a2206206994597c13d831ec7,0.0
14504184,1648867672.0,0x1fa3cbd4d066264cabb13a7c562f35cbf25adfd5,0xdac17f958d2ee523a2206206994597c13d831ec7,0.0
14536555,1649305064.0,0x1fa3cbd4d066264cabb13a7c562f35cbf25adfd5,0xdac17f958d2ee523a2206206994597c13d831ec7,0.0
14537326,1649315198.0,0x1fa3cbd4d066264cabb13a7c562f35cbf25adfd5,0xdac17f958d2ee523a2206206994597c13d831ec7,0.0
14538611,1649332963.0,0x1fa3cbd4d066264cabb13a7c562f35cbf25adfd5,0xdac17f958d2ee523a2206206994597c13d831ec7,0.0
14571896,1649782143.0,0x1fa3cbd4d066264cabb13a7c562f35cbf25adfd5,0xdac17f958d2ee523a2206206994597c13d831ec7,0.0
14572216,1649786171.0,0x1fa3cbd4d066264cabb13a7c562f35cbf25adfd5,0xdac17f958d2ee523a2206206994597c13d831ec7,0.0
14581075,1649906072.0,0x1fa3cbd4d066264cabb13a7c562f35cbf25adfd5,0xdac17f958d2ee523a2206206994597c13d831ec7,0.0
14587094,1649987039.0,0x1fa3cbd4d066264cabb13a7c562f35cbf25adfd5,0xdac17f958d2ee523a2206206994597c13d831ec7,0.0
14590967,1650039473.0,0x1fa3cbd4d066264cabb13a7c562f35cbf25adfd5,0xdac17f958d2ee523a2206206994597c13d831ec7,0.0
14590969,1650039498.0,0x1fa3cbd4d066264cabb13a7c562f35cbf25adfd5,0xdac17f958d2ee523a2206206994597c13d831ec7,0.0
14591864,1650051139.0,0x1fa3cbd4d066264cabb13a7c562f35cbf25adfd5,0xdac17f958d2ee523a2206206994597c13d831ec7,0.0
14644701,1650765777.0,0x1fa3cbd4d066264cabb13a7c562f35cbf25adfd5,0xdac17f958d2ee523a2206206994597c13d831ec7,0.0
14663695,1651024567.0,0x1fa3cbd4d066264cabb13a7c562f35cbf25adfd5,0xdac17f958d2ee523a2206206994597c13d831ec7,0.0
14663965,1651028043.0,0x1fa3cbd4d066264cabb13a7c562f35cbf25adfd5,0xdac17f958d2ee523a2206206994597c13d831ec7,0.0
14699934,1651516648.0,0x1fa3cbd4d066264cabb13a7c562f35cbf25adfd5,0xdac17f958d2ee523a2206206994597c13d831ec7,0.0
14702199,1651547484.0,0x1fa3cbd4d066264cabb13a7c562f35cbf25adfd5,0xdac17f958d2ee523a2206206994597c13d831ec7,0.0
14702342,1651549530.0,0x1fa3cbd4d066264cabb13a7c562f35cbf25adfd5,0xdac17f958d2ee523a2206206994597c13d831ec7,0.0
14832907,1653355385.0,0x1fa3cbd4d066264cabb13a7c562f35cbf25adfd5,0xdac17f958d2ee523a2206206994597c13d831ec7,0.0
14845195,1653528784.0,0x1fa3cbd4d066264cabb13a7c562f35cbf25adfd5,0xdac17f958d2ee523a2206206994597c13d831ec7,0.0
14845296,1653530622.0,0x1fa3cbd4d066264cabb13a7c562f35cbf25adfd5,0xdac17f958d2ee523a2206206994597c13d831ec7,0.0
14876721,1653971513.0,0x1fa3cbd4d066264cabb13a7c562f35cbf25adfd5,0xdac17f958d2ee523a2206206994597c13d831ec7,0.0
14893478,1654207917.0,0x1fa3cbd4d066264cabb13a7c562f35cbf25adfd5,0xdac17f958d2ee523a2206206994597c13d831ec7,0.0
15239379,1659124274.0,0x1fa3cbd4d066264cabb13a7c562f35cbf25adfd5,0xdac17f958d2ee523a2206206994597c13d831ec7,0.0
16270340,1672074755.0,0x1fa3cbd4d066264cabb13a7c562f35cbf25adfd5,0x86aafccdc794c5b7b79c18bb0ceeff630e237abf,0.0272800415326833
