BlockHeight,TimeStamp,From,To,Value
14467750,1648377825.0,0xeeb6fee2ac7baffcc98dace0d87ed0eedb4fcbd5,0x22db82ce061365d51a444c8a516b6db9037aba17,0.0007
14467752,1648377852.0,0x22db82ce061365d51a444c8a516b6db9037aba17,0x22db82ce061365d51a444c8a516b6db9037aba17,0.0
14467771,1648378059.0,0x52a363f35b6e22540bb238164194158b4136d548,0x22db82ce061365d51a444c8a516b6db9037aba17,0.0
14470300,1648411408.0,0x577b42528ddcedeb32a9f44ee445bfbf7f2f6ea6,0x22db82ce061365d51a444c8a516b6db9037aba17,0.06
14470308,1648411504.0,0x577b42528ddcedeb32a9f44ee445bfbf7f2f6ea6,0x22db82ce061365d51a444c8a516b6db9037aba17,0.06
14470412,1648413091.0,0x295febd2000f53d4fa44ebb1da5e5ce8a466b708,0x22db82ce061365d51a444c8a516b6db9037aba17,0.012
14473155,1648449887.0,0x22db82ce061365d51a444c8a516b6db9037aba17,0x35843cc5fdfb3c76f503484b6e718f5f519f6f99,0.00237728
14474033,1648461735.0,0x22db82ce061365d51a444c8a516b6db9037aba17,0xeeb6fee2ac7baffcc98dace0d87ed0eedb4fcbd5,0.1285
14474125,1648463108.0,0x6eb31d45c65af6086070214f4db3ab093a420e6b,0x22db82ce061365d51a444c8a516b6db9037aba17,0.0
14481536,1648562884.0,0x17b075c0d749e1f67bf11b95cde940f7702ffdfa,0x22db82ce061365d51a444c8a516b6db9037aba17,0.0
14481536,1648562884.0,0x17b075c0d749e1f67bf11b95cde940f7702ffdfa,0x22db82ce061365d51a444c8a516b6db9037aba17,0.0
