BlockHeight,TimeStamp,From,To,Value
14409019,1647587852.0,0xc7c84244be910415aa480df1c53685e5f4bcc132,0x221fc38576cad8aa1fd17ae10e2ce304ea2ec32c,0.005985872484623
14409820,1647598486.0,0x1fc13a124dc4140c3e06cab8931adc1b6ec002c3,0x221fc38576cad8aa1fd17ae10e2ce304ea2ec32c,0.0038268564
14411027,1647614334.0,0x221fc38576cad8aa1fd17ae10e2ce304ea2ec32c,0x0ca5d2228d769312b983dd914dec603bacd8686a,0.003411
14413313,1647645612.0,0x221fc38576cad8aa1fd17ae10e2ce304ea2ec32c,0x23de4e8035ea0939a6ffd38eda27a24602f7dc6f,0.00255942
14417949,1647707651.0,0x4d294e14fc702b38dfcd3aad9cfa8b03998ed12e,0x221fc38576cad8aa1fd17ae10e2ce304ea2ec32c,0.09
14418024,1647708541.0,0x3cd751e6b0078be393132286c442345e5dc49699,0x221fc38576cad8aa1fd17ae10e2ce304ea2ec32c,0.00371419
14418042,1647708753.0,0x23f4569002a5a07f0ecf688142eeb6bcd883eef8,0x221fc38576cad8aa1fd17ae10e2ce304ea2ec32c,0.08652578
14418042,1647708753.0,0xb5d85cbf7cb3ee0d56b3bb207d5fc4b82f43f511,0x221fc38576cad8aa1fd17ae10e2ce304ea2ec32c,0.025
14418101,1647709580.0,0x221fc38576cad8aa1fd17ae10e2ce304ea2ec32c,0xe81d6fce840ab873c7bccb6c2ab15e4b6daf92c7,0.20535536
14418263,1647711475.0,0xddfabcdc4d8ffc6d5beaf154f18b778f892a0740,0x221fc38576cad8aa1fd17ae10e2ce304ea2ec32c,0.02
14418301,1647711966.0,0xddfabcdc4d8ffc6d5beaf154f18b778f892a0740,0x221fc38576cad8aa1fd17ae10e2ce304ea2ec32c,0.03
14418314,1647712170.0,0x1c727a55ea3c11b0ab7d3a361fe0f3c47ce6de5d,0x221fc38576cad8aa1fd17ae10e2ce304ea2ec32c,0.0326823733431035
14418723,1647717367.0,0x2a22f0f6c3d5a2a98fedf29c5f2746802a9500f7,0x221fc38576cad8aa1fd17ae10e2ce304ea2ec32c,0.005
14418757,1647717852.0,0x2a22f0f6c3d5a2a98fedf29c5f2746802a9500f7,0x221fc38576cad8aa1fd17ae10e2ce304ea2ec32c,0.023
14418828,1647718740.0,0x221fc38576cad8aa1fd17ae10e2ce304ea2ec32c,0xe81d6fce840ab873c7bccb6c2ab15e4b6daf92c7,0.110160943
14422916,1647774725.0,0xe29e82fa6396d47210887e6ed13e5b907148f79e,0x221fc38576cad8aa1fd17ae10e2ce304ea2ec32c,0.02
14424497,1647796128.0,0xe529bad00dad638e83fc13546e8b1da5eedd0a64,0x221fc38576cad8aa1fd17ae10e2ce304ea2ec32c,0.02
14424825,1647800329.0,0xa885aa5582a216e08b72f2ba57e458473cad2388,0x221fc38576cad8aa1fd17ae10e2ce304ea2ec32c,0.01
14425705,1647811992.0,0x0ae7106b8022a771bf1e81dcdd1eacd9a5814c94,0x221fc38576cad8aa1fd17ae10e2ce304ea2ec32c,0.02628299
14426060,1647816798.0,0x4a87135693a5b7dd0653c151c16edfa3c524403f,0x221fc38576cad8aa1fd17ae10e2ce304ea2ec32c,0.015
14428124,1647844206.0,0xddfabcdc4d8ffc6d5beaf154f18b778f892a0740,0x221fc38576cad8aa1fd17ae10e2ce304ea2ec32c,0.038504
14428180,1647844991.0,0x221fc38576cad8aa1fd17ae10e2ce304ea2ec32c,0xe81d6fce840ab873c7bccb6c2ab15e4b6daf92c7,0.129399414
14428665,1647851770.0,0x769ce6d417f83af1470c984dddce025737c60de6,0x221fc38576cad8aa1fd17ae10e2ce304ea2ec32c,0.001586274281345
14430483,1647876038.0,0x9148218b2552bb2c205ecf94af6934caa6eb620c,0x221fc38576cad8aa1fd17ae10e2ce304ea2ec32c,0.01
14432054,1647897271.0,0x221fc38576cad8aa1fd17ae10e2ce304ea2ec32c,0xbb82cff8a2f6ec6c71cfa1fa9df7441f742f034c,0.00234366
