BlockHeight,TimeStamp,From,To,Value
14359621,1646922343.0,0x316ff65eaf34d011327ddc2a8b39ae961f69a961,0x23ab73dafee550e56cc6ec0fb521ffd303d09409,0.1
14359788,1646924506.0,0x37ece49ef209ed5d59fe8e5dcc5da5f16836b9bc,0x23ab73dafee550e56cc6ec0fb521ffd303d09409,0.1
14385245,1647267676.0,0x04b69751232935df4f8c46f7c86fcbe732838063,0x23ab73dafee550e56cc6ec0fb521ffd303d09409,0.1
14403831,1647517533.0,0x23ab73dafee550e56cc6ec0fb521ffd303d09409,0xdf1bf6eddf79ed7fb15d9588447390f67ef2ceae,0.149
14403835,1647517607.0,0x23ab73dafee550e56cc6ec0fb521ffd303d09409,0x16bdf6d4e88f698a3fa92041ae48e736313f6111,0.149
14412282,1647631244.0,0xc5bc09c91f2193eab2c45c0c663a1fceceb9e086,0x23ab73dafee550e56cc6ec0fb521ffd303d09409,0.06
14414281,1647658547.0,0x712e9c87596040c335462257f5abe02a5b5e5b6f,0x23ab73dafee550e56cc6ec0fb521ffd303d09409,0.06
14417998,1647708202.0,0xe3926fe0071838c2105f022f36eda2f45c3f514a,0x23ab73dafee550e56cc6ec0fb521ffd303d09409,0.06
14419249,1647724406.0,0xcfe6ee8699e2924af35c35f59124c8fc1ff6e1f9,0x23ab73dafee550e56cc6ec0fb521ffd303d09409,0.06
14419559,1647729001.0,0x06251a7c44788bcda2a5c3493cba167e65a2ab36,0x23ab73dafee550e56cc6ec0fb521ffd303d09409,0.06
14420088,1647736602.0,0x558690a3e66168b5c18c73a339b62c422a210324,0x23ab73dafee550e56cc6ec0fb521ffd303d09409,0.06
14422938,1647775056.0,0xbe943cce81a762b28606bf67fd80c41a0db4fef8,0x23ab73dafee550e56cc6ec0fb521ffd303d09409,0.06
14431005,1647883066.0,0x6612c18f946ffa083d61770cf4458d41dccc3bbc,0x23ab73dafee550e56cc6ec0fb521ffd303d09409,0.06
14432328,1647900808.0,0x36c19978876cca0bf68e7dff7c3121382f1aa467,0x23ab73dafee550e56cc6ec0fb521ffd303d09409,0.06
14432746,1647906804.0,0x6f20dccf26f305acf1d1f09fe2621f81fac511bf,0x23ab73dafee550e56cc6ec0fb521ffd303d09409,0.06
14438225,1647980400.0,0x89821c7317c5efc392cbec18f99de034c706af4c,0x23ab73dafee550e56cc6ec0fb521ffd303d09409,0.04
14440208,1648006732.0,0xbcf222a5e5b2e103afff643d5509d0eb648fe409,0x23ab73dafee550e56cc6ec0fb521ffd303d09409,0.04
14446656,1648093523.0,0xa4c80368e07254db842cf0c9ce553ef0b0e38f16,0x23ab73dafee550e56cc6ec0fb521ffd303d09409,0.06
14449963,1648137827.0,0xe6af1b37b9ece72dde22c92ac8606c18770c1823,0x23ab73dafee550e56cc6ec0fb521ffd303d09409,0.06
14457406,1648237825.0,0x23ab73dafee550e56cc6ec0fb521ffd303d09409,0x16bdf6d4e88f698a3fa92041ae48e736313f6111,0.395
14457421,1648238253.0,0x23ab73dafee550e56cc6ec0fb521ffd303d09409,0xdf1bf6eddf79ed7fb15d9588447390f67ef2ceae,0.395
14473191,1648450289.0,0x646c2ab514f57da38a4a986ea5761a40d5f8446d,0x23ab73dafee550e56cc6ec0fb521ffd303d09409,0.08
14474444,1648467337.0,0x99c665b65ca839cf4006e1999b71767ce04426ea,0x23ab73dafee550e56cc6ec0fb521ffd303d09409,0.08
14474509,1648468275.0,0x622a3034a973bc667a0c589bc32178166861a883,0x23ab73dafee550e56cc6ec0fb521ffd303d09409,0.08
14475793,1648485901.0,0xc101598ac79799585d67b0801544c260a427448b,0x23ab73dafee550e56cc6ec0fb521ffd303d09409,0.08
14475996,1648488708.0,0x23ab73dafee550e56cc6ec0fb521ffd303d09409,0x0fd253927286cb74273769b0cd906303a784a6bc,0.0016051
14476471,1648494721.0,0x4f1aaa2ab6c1f9fe068b5bc74b7a26f2d651cd39,0x23ab73dafee550e56cc6ec0fb521ffd303d09409,0.08
14476898,1648500480.0,0x1303e90d3545dc926175aab36b77228a84db5cf5,0x23ab73dafee550e56cc6ec0fb521ffd303d09409,0.08
14476978,1648501523.0,0xd3322a9e7b91dafb0d43303d51af9eab4a8bdfdd,0x23ab73dafee550e56cc6ec0fb521ffd303d09409,0.08
14477898,1648513758.0,0x4d2f7c064f0340d934655037827749f7712ef3bf,0x23ab73dafee550e56cc6ec0fb521ffd303d09409,0.08
14477933,1648514145.0,0x770256a708ebf4c8cfee2a6828d3d963ecea7e55,0x23ab73dafee550e56cc6ec0fb521ffd303d09409,0.08
14478136,1648516811.0,0x6b9438bdd755e7c80a604aa2b5f6541f4fc9c79f,0x23ab73dafee550e56cc6ec0fb521ffd303d09409,0.08
14479556,1648536387.0,0x93e463e18e909d65e8ea5e38dbd52a7f67967b8c,0x23ab73dafee550e56cc6ec0fb521ffd303d09409,0.08
14480239,1648544838.0,0xe43b47e7e317694f78da4e35dc376d5f0bf8139b,0x23ab73dafee550e56cc6ec0fb521ffd303d09409,0.08
14480464,1648548319.0,0xf6e9d4600ad839d451258cc8671ddc066ed27d5a,0x23ab73dafee550e56cc6ec0fb521ffd303d09409,0.08
14480917,1648554876.0,0xda0b81cb24f3d626e5f8db1c26b63d4addc40192,0x23ab73dafee550e56cc6ec0fb521ffd303d09409,0.04
14481089,1648556846.0,0xb18150275285becfcbb717f65b10df2d211d5a02,0x23ab73dafee550e56cc6ec0fb521ffd303d09409,0.08
14481139,1648557491.0,0x3481d0bd9920375a9698435d8a27ebea598770f4,0x23ab73dafee550e56cc6ec0fb521ffd303d09409,0.08
14481139,1648557491.0,0xda0b81cb24f3d626e5f8db1c26b63d4addc40192,0x23ab73dafee550e56cc6ec0fb521ffd303d09409,0.04
14481223,1648558683.0,0xcd7a091e620853a084ac56df4ced3a616b611c3d,0x23ab73dafee550e56cc6ec0fb521ffd303d09409,0.08
14481455,1648561762.0,0x24bea60118b87389bf0effc23c114b119f69aa76,0x23ab73dafee550e56cc6ec0fb521ffd303d09409,0.08
14481457,1648561785.0,0xe10dcf8e2454c6b5be9d083d9c55949ccbdf1963,0x23ab73dafee550e56cc6ec0fb521ffd303d09409,0.08
14481479,1648562004.0,0x24bea60118b87389bf0effc23c114b119f69aa76,0x23ab73dafee550e56cc6ec0fb521ffd303d09409,0.08
14481560,1648563150.0,0x394b27db8e4e968c5ba8823c31f8e9da343b26bb,0x23ab73dafee550e56cc6ec0fb521ffd303d09409,0.08
14481611,1648563824.0,0x5f7c2a06921f1f0fb1ab3326207d8a96c56ce714,0x23ab73dafee550e56cc6ec0fb521ffd303d09409,0.08
14481619,1648564001.0,0xae6bc6b482a37d3607614216fcb705c2f2436918,0x23ab73dafee550e56cc6ec0fb521ffd303d09409,0.08
14481730,1648565408.0,0xda0b81cb24f3d626e5f8db1c26b63d4addc40192,0x23ab73dafee550e56cc6ec0fb521ffd303d09409,0.04
14482094,1648570248.0,0x23ab73dafee550e56cc6ec0fb521ffd303d09409,0x1ac0212a77fa2e1c15fb8046a2c33d1f7cee1df4,1.88
14482682,1648577718.0,0x16243f1681f511fcc4082f917561a41cf0238848,0x23ab73dafee550e56cc6ec0fb521ffd303d09409,0.08
14483697,1648591563.0,0x17e1b5ed9ec1baafa5df8860bb23ea5533afe9a9,0x23ab73dafee550e56cc6ec0fb521ffd303d09409,0.08
14484662,1648604194.0,0xcfa662a0eaf6bc7e9d865f77be4151d903ed7d5e,0x23ab73dafee550e56cc6ec0fb521ffd303d09409,0.08
14488911,1648661688.0,0xbf2d3150d9e48b0e1b4d703655a68e11635805e9,0x23ab73dafee550e56cc6ec0fb521ffd303d09409,0.08
14489899,1648674995.0,0xcf1eef23a779e5829b00f0af1e82740a5aef28a7,0x23ab73dafee550e56cc6ec0fb521ffd303d09409,0.06
14491623,1648698370.0,0x23ab73dafee550e56cc6ec0fb521ffd303d09409,0xcd025d77c5575c66810eb1713281da3f4fb91959,0.005876
14494661,1648739148.0,0xc08872a4335eef7d84be1df8f00f535eeda68a34,0x23ab73dafee550e56cc6ec0fb521ffd303d09409,0.06
14498280,1648788201.0,0x1221be47dd91f1ec43d50576362493ffb1796fed,0x23ab73dafee550e56cc6ec0fb521ffd303d09409,0.06
14521155,1649097219.0,0x23ab73dafee550e56cc6ec0fb521ffd303d09409,0x456c3dacfd9dd7e0c5caf2348a0afbfb60231075,0.12
14522058,1649109609.0,0xc2b36d40488fc17fc7b01fc9e5133040657dfc94,0x23ab73dafee550e56cc6ec0fb521ffd303d09409,0.05
14522899,1649120956.0,0x44b3ffc4969885a071eb302f38e41d39e0a70849,0x23ab73dafee550e56cc6ec0fb521ffd303d09409,0.06
14526981,1649175429.0,0x23ab73dafee550e56cc6ec0fb521ffd303d09409,0x456c3dacfd9dd7e0c5caf2348a0afbfb60231075,0.12969
14556689,1649576603.0,0x456c3dacfd9dd7e0c5caf2348a0afbfb60231075,0x23ab73dafee550e56cc6ec0fb521ffd303d09409,1.1615
14562743,1649658157.0,0xbf0f647b0863018622e78b4919d5ebb87134aea0,0x23ab73dafee550e56cc6ec0fb521ffd303d09409,0.05
14568551,1649737124.0,0x680ffe6f9f5f5e740f1d9655ac0ce82fa47fe255,0x23ab73dafee550e56cc6ec0fb521ffd303d09409,0.1
14584937,1649957725.0,0x4cc83a5843fc7bdcd94337ae0a6b7a4778a09b91,0x23ab73dafee550e56cc6ec0fb521ffd303d09409,0.06
14585133,1649960477.0,0x0a165d743bdd4322c109916630e5d0fffcbc2d1a,0x23ab73dafee550e56cc6ec0fb521ffd303d09409,0.06
14585133,1649960477.0,0x0a165d743bdd4322c109916630e5d0fffcbc2d1a,0x23ab73dafee550e56cc6ec0fb521ffd303d09409,0.06
14585272,1649962505.0,0x0a165d743bdd4322c109916630e5d0fffcbc2d1a,0x23ab73dafee550e56cc6ec0fb521ffd303d09409,0.06
14586626,1649980768.0,0x699c3f33da71d392afdb97767801d5e6a59c67d6,0x23ab73dafee550e56cc6ec0fb521ffd303d09409,0.18
14589441,1650018923.0,0xc6906368543e97f7e11d6f26ab7935830a4152be,0x23ab73dafee550e56cc6ec0fb521ffd303d09409,0.18
14590296,1650030292.0,0x23ab73dafee550e56cc6ec0fb521ffd303d09409,0x16bdf6d4e88f698a3fa92041ae48e736313f6111,0.06615
14591786,1650050050.0,0x6ff422381bba7fa0157dc02265b57d9c4a53b030,0x23ab73dafee550e56cc6ec0fb521ffd303d09409,0.04
14592864,1650064751.0,0xae0b32588c45be1f2003b03e6ded58ef255f6847,0x23ab73dafee550e56cc6ec0fb521ffd303d09409,0.06
14593035,1650067017.0,0x942310b1925e7238106be31dfc4a989c8e7f37be,0x23ab73dafee550e56cc6ec0fb521ffd303d09409,0.06
14598023,1650134039.0,0x144d04fd0c3005775bcb43653db177f0a036c452,0x23ab73dafee550e56cc6ec0fb521ffd303d09409,0.06
14602218,1650191001.0,0x32b9dc6c3a6294dc0c7b3e6bbee327287dc86c20,0x23ab73dafee550e56cc6ec0fb521ffd303d09409,0.06
14604308,1650219287.0,0x9408ae86a95751499200295eed1a699c0f7fe17f,0x23ab73dafee550e56cc6ec0fb521ffd303d09409,0.06
14605691,1650237523.0,0x3c8892230f99268ca94029825ffccb68c5aeaebf,0x23ab73dafee550e56cc6ec0fb521ffd303d09409,0.06
14614543,1650357778.0,0xea973e61351dab14454963421329c19c9293407e,0x23ab73dafee550e56cc6ec0fb521ffd303d09409,0.06
14616155,1650379915.0,0x8e8cc5ec972ad428274b2b2b26d6a72d7be3d27f,0x23ab73dafee550e56cc6ec0fb521ffd303d09409,0.06
14616581,1650385052.0,0x495206fd640a26bc24883d44fa37670d66583223,0x23ab73dafee550e56cc6ec0fb521ffd303d09409,0.18
14619995,1650432355.0,0x36271e3bc6b1aae019d39f6692a93dbe34f9767c,0x23ab73dafee550e56cc6ec0fb521ffd303d09409,0.06
14620583,1650439810.0,0xcfb07df9ac2fe418d08797fe409f60125969a4ba,0x23ab73dafee550e56cc6ec0fb521ffd303d09409,0.12
14622950,1650471953.0,0xffd3f6cb4b71bb812cc9e4e02502e90ec81a0a26,0x23ab73dafee550e56cc6ec0fb521ffd303d09409,0.06
14623987,1650485603.0,0x503591aa518f51a751de92abe363848c81de8375,0x23ab73dafee550e56cc6ec0fb521ffd303d09409,0.12
14624548,1650492375.0,0xfaf66ff487a44ca5dce07f03e52d1966e474b51e,0x23ab73dafee550e56cc6ec0fb521ffd303d09409,0.06
14627499,1650533056.0,0x1ee1f1a3c9b75338ca0dcb208b56009432d0d8b4,0x23ab73dafee550e56cc6ec0fb521ffd303d09409,0.12
14627924,1650538913.0,0x25e529733744111856f4d74ac9c29bc6c592557d,0x23ab73dafee550e56cc6ec0fb521ffd303d09409,0.12
14628455,1650546308.0,0xdafef9e5389c749bff20274eca560c9c89372a45,0x23ab73dafee550e56cc6ec0fb521ffd303d09409,0.12
14628953,1650552953.0,0x23ab73dafee550e56cc6ec0fb521ffd303d09409,0x3395db0024d7e8491709045eb8ba5818f7a92886,0.0079
14629742,1650563816.0,0x9a14263b52d2f2ea08fe2111ad2f5bc73d0ee615,0x23ab73dafee550e56cc6ec0fb521ffd303d09409,0.12
14630633,1650575931.0,0x1925c09fa1a456b0a184f8ee1c55e908b4ba3f5c,0x23ab73dafee550e56cc6ec0fb521ffd303d09409,0.06
14630639,1650575992.0,0x1925c09fa1a456b0a184f8ee1c55e908b4ba3f5c,0x23ab73dafee550e56cc6ec0fb521ffd303d09409,0.06
14632301,1650598333.0,0x4c4e75f4adea4fc7bd254e29b7cd68f9ebf1392f,0x23ab73dafee550e56cc6ec0fb521ffd303d09409,0.12
14635661,1650643701.0,0x23ab73dafee550e56cc6ec0fb521ffd303d09409,0xa9e988022a212a306556263c7838b9f9174f4905,0.034
14638204,1650677572.0,0x6e581343621dab72d7c7eb73d232875bad94ad65,0x23ab73dafee550e56cc6ec0fb521ffd303d09409,0.1
14650790,1650848423.0,0x72b89f59fda52269fbf3f95cf0a50bd0c7226560,0x23ab73dafee550e56cc6ec0fb521ffd303d09409,0.06
14650800,1650848615.0,0x0ac6f8de228b998acf901b1e9f22d3de407b5110,0x23ab73dafee550e56cc6ec0fb521ffd303d09409,0.06
14650813,1650848837.0,0x0ac6f8de228b998acf901b1e9f22d3de407b5110,0x23ab73dafee550e56cc6ec0fb521ffd303d09409,0.06
14655888,1650918129.0,0x442714ab98d906e9c0d0827f77bf3fccc72b40d9,0x23ab73dafee550e56cc6ec0fb521ffd303d09409,0.06
14658975,1650959807.0,0x123f1884d2fa10c6a955ae60f1c5e1ae826d5063,0x23ab73dafee550e56cc6ec0fb521ffd303d09409,0.18
14662607,1651010063.0,0x6311d8bf506bb0e9cb120176b7b5766f91f91d2a,0x23ab73dafee550e56cc6ec0fb521ffd303d09409,0.11
14666026,1651056361.0,0x5dc6a3268882c21bfa2559bff7621c2d890f2341,0x23ab73dafee550e56cc6ec0fb521ffd303d09409,0.11
14668677,1651091782.0,0x3001f7c588f0a471dccaa7a927357a63f8be5e65,0x23ab73dafee550e56cc6ec0fb521ffd303d09409,0.11
14670797,1651120730.0,0x456c3dacfd9dd7e0c5caf2348a0afbfb60231075,0x23ab73dafee550e56cc6ec0fb521ffd303d09409,0.879016816207001
14713758,1651705976.0,0x5916c0c67bf11e95afa3dd470a66a764950059ce,0x23ab73dafee550e56cc6ec0fb521ffd303d09409,0.06
14715858,1651734505.0,0x456c3dacfd9dd7e0c5caf2348a0afbfb60231075,0x23ab73dafee550e56cc6ec0fb521ffd303d09409,0.159347166202531
14715867,1651734650.0,0x38636411b00fc9b611eab6a0cf869a4eaba686bd,0x23ab73dafee550e56cc6ec0fb521ffd303d09409,0.3502327898054435
14715924,1651735391.0,0x23ab73dafee550e56cc6ec0fb521ffd303d09409,0x16bdf6d4e88f698a3fa92041ae48e736313f6111,2.0
14717165,1651752262.0,0x737af515a6495a826f83e08fbc59a86eb2055e07,0x23ab73dafee550e56cc6ec0fb521ffd303d09409,0.06
14717227,1651753163.0,0xd23fe3823f2b870fa990203775bdf3efa44de628,0x23ab73dafee550e56cc6ec0fb521ffd303d09409,0.06
14717242,1651753344.0,0xd23fe3823f2b870fa990203775bdf3efa44de628,0x23ab73dafee550e56cc6ec0fb521ffd303d09409,0.06
14717407,1651755840.0,0x23ab73dafee550e56cc6ec0fb521ffd303d09409,0xdf1bf6eddf79ed7fb15d9588447390f67ef2ceae,2.0
14718842,1651776119.0,0x6b60d0753f827974492a9878587a7423d5be16a2,0x23ab73dafee550e56cc6ec0fb521ffd303d09409,0.06
14721741,1651815512.0,0x61762510cd01ba178f50e5105ad4d8f6baa3a197,0x23ab73dafee550e56cc6ec0fb521ffd303d09409,0.06
14723392,1651838037.0,0xdae3fdc6d5e9681a01c41fd8bcfd777affca6803,0x23ab73dafee550e56cc6ec0fb521ffd303d09409,0.06
14723403,1651838207.0,0xdae3fdc6d5e9681a01c41fd8bcfd777affca6803,0x23ab73dafee550e56cc6ec0fb521ffd303d09409,0.06
14723404,1651838243.0,0xdc0acef5831f95c6e124592fa829f35f9318f789,0x23ab73dafee550e56cc6ec0fb521ffd303d09409,0.06
14735775,1652008834.0,0x75443931f99d57122e736ebea3285bbd494b3c24,0x23ab73dafee550e56cc6ec0fb521ffd303d09409,0.06
14744944,1652134869.0,0x1c0372ee92b34695838d6b07a37463b4215f4adb,0x23ab73dafee550e56cc6ec0fb521ffd303d09409,0.06
14747600,1652171998.0,0x432bcd921d21c713c27887d241362ec34c60f27a,0x23ab73dafee550e56cc6ec0fb521ffd303d09409,0.12
14761373,1652362575.0,0x0390233695a47cd0e04e6522f76e4149c03a9df8,0x23ab73dafee550e56cc6ec0fb521ffd303d09409,0.22
14827892,1653285811.0,0x23ab73dafee550e56cc6ec0fb521ffd303d09409,0x16bdf6d4e88f698a3fa92041ae48e736313f6111,0.5
14827945,1653286505.0,0x23ab73dafee550e56cc6ec0fb521ffd303d09409,0xdf1bf6eddf79ed7fb15d9588447390f67ef2ceae,0.5
14829029,1653301611.0,0x641753584e6d814db0474f0ef980e967bd7d734a,0x23ab73dafee550e56cc6ec0fb521ffd303d09409,0.05
14830473,1653321346.0,0xd1ac52e1d79564f1ed8dc3f3c8bec331ef199432,0x23ab73dafee550e56cc6ec0fb521ffd303d09409,0.12
14831111,1653330148.0,0xb56f8a5c886279b49352ca2cd49f2dcc08ec8238,0x23ab73dafee550e56cc6ec0fb521ffd303d09409,0.12
14831274,1653332314.0,0xb56f8a5c886279b49352ca2cd49f2dcc08ec8238,0x23ab73dafee550e56cc6ec0fb521ffd303d09409,0.12
14831354,1653333550.0,0xdff79f883f927625678e4f10fbfca8630f722cdc,0x23ab73dafee550e56cc6ec0fb521ffd303d09409,0.12
14835133,1653386522.0,0x61127b268eb42f4dae01a94df2ac225d42f0aa7e,0x23ab73dafee550e56cc6ec0fb521ffd303d09409,0.12
14902978,1654341703.0,0x23ab73dafee550e56cc6ec0fb521ffd303d09409,0xdf1bf6eddf79ed7fb15d9588447390f67ef2ceae,0.03674
14907407,1654408192.0,0x23ab73dafee550e56cc6ec0fb521ffd303d09409,0xdf1bf6eddf79ed7fb15d9588447390f67ef2ceae,0.5
14907407,1654408192.0,0x23ab73dafee550e56cc6ec0fb521ffd303d09409,0x16bdf6d4e88f698a3fa92041ae48e736313f6111,0.5
14924414,1654657469.0,0xb29f90c5f665d9469fdb434c7e41a48ef2334100,0x23ab73dafee550e56cc6ec0fb521ffd303d09409,0.06
14945461,1654967941.0,0x4f11466373d87ed3afe766677c5057364fa068f2,0x23ab73dafee550e56cc6ec0fb521ffd303d09409,0.24
14946606,1654984070.0,0x1532abbb148f6723b18551b7ae7dfd6d2e6608d3,0x23ab73dafee550e56cc6ec0fb521ffd303d09409,0.24
14948851,1655017510.0,0x7f3c9e80e0ec7dd0262453c152ef9266df0ff46e,0x23ab73dafee550e56cc6ec0fb521ffd303d09409,0.06
14952702,1655074439.0,0xc98f0bdb64c0566201a6172e086e8aae35379a87,0x23ab73dafee550e56cc6ec0fb521ffd303d09409,0.12
14952702,1655074439.0,0xc98f0bdb64c0566201a6172e086e8aae35379a87,0x23ab73dafee550e56cc6ec0fb521ffd303d09409,0.12
14953727,1655089653.0,0x23ab73dafee550e56cc6ec0fb521ffd303d09409,0x16bdf6d4e88f698a3fa92041ae48e736313f6111,0.2
14954081,1655094918.0,0x23ab73dafee550e56cc6ec0fb521ffd303d09409,0xdf1bf6eddf79ed7fb15d9588447390f67ef2ceae,0.2
14956205,1655126823.0,0x23ab73dafee550e56cc6ec0fb521ffd303d09409,0x16bdf6d4e88f698a3fa92041ae48e736313f6111,0.1
14959696,1655178521.0,0xc98f0bdb64c0566201a6172e086e8aae35379a87,0x23ab73dafee550e56cc6ec0fb521ffd303d09409,0.12
14959997,1655183147.0,0x23ab73dafee550e56cc6ec0fb521ffd303d09409,0xdf1bf6eddf79ed7fb15d9588447390f67ef2ceae,1.0
14960002,1655183179.0,0x23ab73dafee550e56cc6ec0fb521ffd303d09409,0x16bdf6d4e88f698a3fa92041ae48e736313f6111,1.0
14974500,1655399625.0,0x1cbed1110ae35a32a2ab9ecdb805d9cea6634446,0x23ab73dafee550e56cc6ec0fb521ffd303d09409,0.12
14975612,1655416235.0,0x69b048d41c77d6653a8fc352fa4660e213751d23,0x23ab73dafee550e56cc6ec0fb521ffd303d09409,0.12
14975614,1655416293.0,0x69b048d41c77d6653a8fc352fa4660e213751d23,0x23ab73dafee550e56cc6ec0fb521ffd303d09409,0.12
14979935,1655479985.0,0x76bf63849e46d5232eefaf348ef3cde43d266ca2,0x23ab73dafee550e56cc6ec0fb521ffd303d09409,0.12
15001102,1655796316.0,0x23ab73dafee550e56cc6ec0fb521ffd303d09409,0x6ce58e8e7bfaf3faccfe36d356f7587ff3b487d8,0.55
15006974,1655890252.0,0x23ab73dafee550e56cc6ec0fb521ffd303d09409,0x16bdf6d4e88f698a3fa92041ae48e736313f6111,0.1
15008593,1655916750.0,0xd796b5c4dc7c886ca328faf119b595a6aa857880,0x23ab73dafee550e56cc6ec0fb521ffd303d09409,0.0193212426371124
15014916,1656019285.0,0xc60233ffd95d4cb09c4f51924e8be586cd437f19,0x23ab73dafee550e56cc6ec0fb521ffd303d09409,1.6379429306286215
15016702,1656048336.0,0x4fdb53e0c8d31301b4b0c18ec8e314b8d10c554c,0x23ab73dafee550e56cc6ec0fb521ffd303d09409,0.04891707706528
15017273,1656057356.0,0xeaae64d089405deaca1e51eb0ccd266bd585edf3,0x23ab73dafee550e56cc6ec0fb521ffd303d09409,0.033066739467724
15017438,1656059971.0,0x0bc206a883740330b57fe1df095be03297b8e1ad,0x23ab73dafee550e56cc6ec0fb521ffd303d09409,0.054576118839532
15017674,1656064069.0,0x42404742f24dfc7901b698ed27a225b4c94dbbcd,0x23ab73dafee550e56cc6ec0fb521ffd303d09409,0.0006780391808882
15017895,1656067398.0,0x52f6f0e1ecc1694a8044304d76004224c9ee2376,0x23ab73dafee550e56cc6ec0fb521ffd303d09409,0.0153326601067522
15018695,1656080421.0,0xe33c3783b93cab288955121ea45da46212902634,0x23ab73dafee550e56cc6ec0fb521ffd303d09409,0.0126703322840327
15020089,1656102411.0,0x4aaa32948b04bdb29cc58f39a450162d5c72b2a4,0x23ab73dafee550e56cc6ec0fb521ffd303d09409,0.0066852697467761
15022479,1656140403.0,0xb77d2d9a4e1efd42dd7c8f681c78946623cf4c20,0x23ab73dafee550e56cc6ec0fb521ffd303d09409,0.0080376970519074
15022694,1656143837.0,0x23ab73dafee550e56cc6ec0fb521ffd303d09409,0x16bdf6d4e88f698a3fa92041ae48e736313f6111,0.3
15022702,1656144009.0,0x23ab73dafee550e56cc6ec0fb521ffd303d09409,0xdf1bf6eddf79ed7fb15d9588447390f67ef2ceae,0.3
15023492,1656156990.0,0x60e14f29f691ae77e3822624fbfecc72a342266b,0x23ab73dafee550e56cc6ec0fb521ffd303d09409,0.2062407517688975
15034837,1656340482.0,0x23ab73dafee550e56cc6ec0fb521ffd303d09409,0x16bdf6d4e88f698a3fa92041ae48e736313f6111,0.3
15034842,1656340550.0,0x23ab73dafee550e56cc6ec0fb521ffd303d09409,0xdf1bf6eddf79ed7fb15d9588447390f67ef2ceae,0.3
15048956,1656569358.0,0x23ab73dafee550e56cc6ec0fb521ffd303d09409,0x6ce58e8e7bfaf3faccfe36d356f7587ff3b487d8,0.15
15049110,1656571978.0,0x23ab73dafee550e56cc6ec0fb521ffd303d09409,0xdf1bf6eddf79ed7fb15d9588447390f67ef2ceae,0.15
15070578,1656864733.0,0x23ab73dafee550e56cc6ec0fb521ffd303d09409,0xf1cf162e02f016cc071f05848fe1eaa491c19956,0.6569546960291061
