BlockHeight,TimeStamp,From,To,Value
15382158,1661060359.0,0x54475cd5ef175b6cb82f75c4ec9948029bb999d3,0x230bc0478b5b259ebc7eee449b6495cbb8fdb368,0.0
15382169,1661060497.0,0x54475cd5ef175b6cb82f75c4ec9948029bb999d3,0x230bc0478b5b259ebc7eee449b6495cbb8fdb368,0.0
15382169,1661060497.0,0x54475cd5ef175b6cb82f75c4ec9948029bb999d3,0x230bc0478b5b259ebc7eee449b6495cbb8fdb368,0.0
15382169,1661060497.0,0x54475cd5ef175b6cb82f75c4ec9948029bb999d3,0x230bc0478b5b259ebc7eee449b6495cbb8fdb368,0.0
15382169,1661060497.0,0x54475cd5ef175b6cb82f75c4ec9948029bb999d3,0x230bc0478b5b259ebc7eee449b6495cbb8fdb368,0.0
15382169,1661060497.0,0x54475cd5ef175b6cb82f75c4ec9948029bb999d3,0x230bc0478b5b259ebc7eee449b6495cbb8fdb368,0.0
15382170,1661060509.0,0x54475cd5ef175b6cb82f75c4ec9948029bb999d3,0x230bc0478b5b259ebc7eee449b6495cbb8fdb368,0.0
15382170,1661060509.0,0x54475cd5ef175b6cb82f75c4ec9948029bb999d3,0x230bc0478b5b259ebc7eee449b6495cbb8fdb368,0.0
15382170,1661060509.0,0x54475cd5ef175b6cb82f75c4ec9948029bb999d3,0x230bc0478b5b259ebc7eee449b6495cbb8fdb368,0.0
15382171,1661060524.0,0x54475cd5ef175b6cb82f75c4ec9948029bb999d3,0x230bc0478b5b259ebc7eee449b6495cbb8fdb368,0.0
15382171,1661060524.0,0x54475cd5ef175b6cb82f75c4ec9948029bb999d3,0x230bc0478b5b259ebc7eee449b6495cbb8fdb368,0.0
15382171,1661060524.0,0x54475cd5ef175b6cb82f75c4ec9948029bb999d3,0x230bc0478b5b259ebc7eee449b6495cbb8fdb368,0.0
15382171,1661060524.0,0x54475cd5ef175b6cb82f75c4ec9948029bb999d3,0x230bc0478b5b259ebc7eee449b6495cbb8fdb368,0.0
15382171,1661060524.0,0x54475cd5ef175b6cb82f75c4ec9948029bb999d3,0x230bc0478b5b259ebc7eee449b6495cbb8fdb368,0.0
15382171,1661060524.0,0x54475cd5ef175b6cb82f75c4ec9948029bb999d3,0x230bc0478b5b259ebc7eee449b6495cbb8fdb368,0.0
15382171,1661060524.0,0x54475cd5ef175b6cb82f75c4ec9948029bb999d3,0x230bc0478b5b259ebc7eee449b6495cbb8fdb368,0.0
15382173,1661060537.0,0x54475cd5ef175b6cb82f75c4ec9948029bb999d3,0x230bc0478b5b259ebc7eee449b6495cbb8fdb368,0.0
15382173,1661060537.0,0x54475cd5ef175b6cb82f75c4ec9948029bb999d3,0x230bc0478b5b259ebc7eee449b6495cbb8fdb368,0.0
15382173,1661060537.0,0x54475cd5ef175b6cb82f75c4ec9948029bb999d3,0x230bc0478b5b259ebc7eee449b6495cbb8fdb368,0.0
15382173,1661060537.0,0x54475cd5ef175b6cb82f75c4ec9948029bb999d3,0x230bc0478b5b259ebc7eee449b6495cbb8fdb368,0.0
15382173,1661060537.0,0x54475cd5ef175b6cb82f75c4ec9948029bb999d3,0x230bc0478b5b259ebc7eee449b6495cbb8fdb368,0.0
15397957,1661275706.0,0x6a17adac6c2b4b4fe7750512e226d788275ea9b4,0x230bc0478b5b259ebc7eee449b6495cbb8fdb368,0.0
15467098,1662231797.0,0x48959483bb4236ef46f56e1d84d977d6d9bf3ed3,0x230bc0478b5b259ebc7eee449b6495cbb8fdb368,0.0
