BlockHeight,TimeStamp,From,To,Value
16136042,1670454863.0,0xef8802b4ec75e409ef632085622d6c731415b9c2,0x248fe52da27edd2c6d53ba7ae2db0ca1069d1e0f,0.026337780742005
16137545,1670472971.0,0x248fe52da27edd2c6d53ba7ae2db0ca1069d1e0f,0x1acfca533caff9946d9b466df4e90414b567e08f,0.01463
16139581,1670497535.0,0x946d9757fcd3bd87bb7dcc76f8e4b0c2d0ee5b8e,0x248fe52da27edd2c6d53ba7ae2db0ca1069d1e0f,0.0187542483902821
16139596,1670497715.0,0x946d9757fcd3bd87bb7dcc76f8e4b0c2d0ee5b8e,0x248fe52da27edd2c6d53ba7ae2db0ca1069d1e0f,0.05002752198583
16147202,1670589635.0,0x248fe52da27edd2c6d53ba7ae2db0ca1069d1e0f,0xb8901acb165ed027e32754e0ffe830802919727f,0.0754601043151574
16155036,1670684123.0,0xf26a169c8b252c2ee2825ada26f02f5c64976aab,0x248fe52da27edd2c6d53ba7ae2db0ca1069d1e0f,0.002670563829847
16155047,1670684255.0,0x248fe52da27edd2c6d53ba7ae2db0ca1069d1e0f,0xc47411188ac3265d6cf4ddeae16fd88488130586,0.0
16157189,1670710067.0,0x248fe52da27edd2c6d53ba7ae2db0ca1069d1e0f,0xf26a169c8b252c2ee2825ada26f02f5c64976aab,0.002812178123932
16189397,1671098891.0,0xf3181a443db91575f6c75fd7ff7d7f61e0fdd261,0x248fe52da27edd2c6d53ba7ae2db0ca1069d1e0f,0.1900855770936561
16189444,1671099455.0,0xf26a169c8b252c2ee2825ada26f02f5c64976aab,0x248fe52da27edd2c6d53ba7ae2db0ca1069d1e0f,0.4894982625204824
16190799,1671115799.0,0x952c9dbb90103c3449fe7a96c0d63c52fe30be38,0x248fe52da27edd2c6d53ba7ae2db0ca1069d1e0f,0.00761088105344
16190819,1671116039.0,0x952c9dbb90103c3449fe7a96c0d63c52fe30be38,0x248fe52da27edd2c6d53ba7ae2db0ca1069d1e0f,0.018808476842645
16190842,1671116315.0,0x952c9dbb90103c3449fe7a96c0d63c52fe30be38,0x248fe52da27edd2c6d53ba7ae2db0ca1069d1e0f,0.005910142440967
16191856,1671128555.0,0x248fe52da27edd2c6d53ba7ae2db0ca1069d1e0f,0xf26a169c8b252c2ee2825ada26f02f5c64976aab,0.00394
16197309,1671194315.0,0x248fe52da27edd2c6d53ba7ae2db0ca1069d1e0f,0xdb9dd987bd8892d26ab879bee5784f3948f943d3,0.7
16200040,1671227315.0,0x3eb14da0ff1d868883aafc05c1d8e353d89f5221,0x248fe52da27edd2c6d53ba7ae2db0ca1069d1e0f,0.1080964865087347
16202743,1671259919.0,0x248fe52da27edd2c6d53ba7ae2db0ca1069d1e0f,0xf26a169c8b252c2ee2825ada26f02f5c64976aab,0.1148905595352433
16594474,1675985303.0,0xe66488a0676eb067c9b45822288113397a8004e5,0x248fe52da27edd2c6d53ba7ae2db0ca1069d1e0f,0.01041
16594478,1675985351.0,0x248fe52da27edd2c6d53ba7ae2db0ca1069d1e0f,0xbb80f5ce5d443fa4fb971272841f6ebd7ab758f0,0.0
16594562,1675986371.0,0x248fe52da27edd2c6d53ba7ae2db0ca1069d1e0f,0xbb80f5ce5d443fa4fb971272841f6ebd7ab758f0,0.0
16594563,1675986383.0,0x248fe52da27edd2c6d53ba7ae2db0ca1069d1e0f,0xbb80f5ce5d443fa4fb971272841f6ebd7ab758f0,0.0
16594599,1675986815.0,0x248fe52da27edd2c6d53ba7ae2db0ca1069d1e0f,0x47537923cdcd1a4301abc72ba4f4f6742c5575d5,0.0029271792876817
