BlockHeight,TimeStamp,From,To,Value
14112826,1643621214.0,0xb5d85cbf7cb3ee0d56b3bb207d5fc4b82f43f511,0x26fdf3850c213c0cd60c14be7eded4b8d628259c,0.67581634
14117323,1643680816.0,0xe23b59ce79984576991ddbdd723ce335a9ce0465,0x26fdf3850c213c0cd60c14be7eded4b8d628259c,0.5
14118611,1643697598.0,0x14c4017f81675f7ac1321218d4a385a2d3117328,0x26fdf3850c213c0cd60c14be7eded4b8d628259c,0.6691656
14120652,1643725934.0,0xe78987e79366bd046a23c3411d33fa67149b3a47,0x26fdf3850c213c0cd60c14be7eded4b8d628259c,2.0
14188360,1644629831.0,0x26fdf3850c213c0cd60c14be7eded4b8d628259c,0x8b3192f5eebd8579568a2ed41e6feb402f93f73f,0.0
14188371,1644629983.0,0x26fdf3850c213c0cd60c14be7eded4b8d628259c,0x8b3192f5eebd8579568a2ed41e6feb402f93f73f,0.0
14188382,1644630119.0,0x26fdf3850c213c0cd60c14be7eded4b8d628259c,0x24191b64b7be92ede740b640b8fb4841e7754c8c,3.833787702
14233285,1645230549.0,0xeb2629a2734e272bcc07bda959863f316f4bd4cf,0x26fdf3850c213c0cd60c14be7eded4b8d628259c,0.03579713
14241061,1645334876.0,0x661a90f43e98e3fd37861834a995d88decc1e75c,0x26fdf3850c213c0cd60c14be7eded4b8d628259c,0.50018568
14244548,1645381939.0,0xeb2629a2734e272bcc07bda959863f316f4bd4cf,0x26fdf3850c213c0cd60c14be7eded4b8d628259c,0.14022901
14259221,1645577388.0,0x1c727a55ea3c11b0ab7d3a361fe0f3c47ce6de5d,0x26fdf3850c213c0cd60c14be7eded4b8d628259c,0.00846
14286195,1645937757.0,0x26fdf3850c213c0cd60c14be7eded4b8d628259c,0xe432355460f0a6190112249f859f79b14bcbeb62,0.3701
14838006,1653427216.0,0x26fdf3850c213c0cd60c14be7eded4b8d628259c,0x5c6762ad128f42eceff4c75d62fa1ee9d0ad0739,0.253599
