BlockHeight,TimeStamp,From,To,Value
15898154,1667582999.0,0x12d66f87a04a9e220743712ce6d9bb1b5616b8fc,0x27de8be02fc4f1a8dba458eab2ae910b841e7729,0.0859253980162
16118233,1670238815.0,0x27de8be02fc4f1a8dba458eab2ae910b841e7729,0x173e552bf97bbd50b455514ac52991ef639ba703,0.0
16118236,1670238851.0,0x27de8be02fc4f1a8dba458eab2ae910b841e7729,0x173e552bf97bbd50b455514ac52991ef639ba703,0.0
16118239,1670238887.0,0x27de8be02fc4f1a8dba458eab2ae910b841e7729,0x617dee16b86534a5d792a4d7a62fb491b544111e,0.0
16118244,1670238947.0,0x27de8be02fc4f1a8dba458eab2ae910b841e7729,0x10f44a834097469ac340592d28c479c442e99bfe,0.0
16119882,1670258891.0,0x27de8be02fc4f1a8dba458eab2ae910b841e7729,0xca1308e38340c69e848061aa2c3880daeb958187,0.0
16119884,1670258915.0,0x27de8be02fc4f1a8dba458eab2ae910b841e7729,0x617dee16b86534a5d792a4d7a62fb491b544111e,0.0
16119887,1670258963.0,0x27de8be02fc4f1a8dba458eab2ae910b841e7729,0x617dee16b86534a5d792a4d7a62fb491b544111e,0.0
16291870,1672334459.0,0x27de8be02fc4f1a8dba458eab2ae910b841e7729,0xa8b919680258d369114910511cc87595aec0be6d,0.0
16291872,1672334483.0,0x27de8be02fc4f1a8dba458eab2ae910b841e7729,0x617dee16b86534a5d792a4d7a62fb491b544111e,0.0
16291874,1672334507.0,0x27de8be02fc4f1a8dba458eab2ae910b841e7729,0x3597bfd533a99c9aa083587b074434e61eb0a258,0.0
16291879,1672334567.0,0x27de8be02fc4f1a8dba458eab2ae910b841e7729,0x617dee16b86534a5d792a4d7a62fb491b544111e,0.0
16291880,1672334579.0,0x27de8be02fc4f1a8dba458eab2ae910b841e7729,0x1f9840a85d5af5bf1d1762f925bdaddc4201f984,0.0
16291885,1672334639.0,0x27de8be02fc4f1a8dba458eab2ae910b841e7729,0x617dee16b86534a5d792a4d7a62fb491b544111e,0.0
16291887,1672334663.0,0x27de8be02fc4f1a8dba458eab2ae910b841e7729,0x12b6893ce26ea6341919fe289212ef77e51688c8,0.0
16291889,1672334687.0,0x4fe5b965e3bd76eff36280471030ef9b0e6e2c1d,0x27de8be02fc4f1a8dba458eab2ae910b841e7729,0.282772801911809
16291889,1672334687.0,0x27de8be02fc4f1a8dba458eab2ae910b841e7729,0x617dee16b86534a5d792a4d7a62fb491b544111e,0.0
16291890,1672334699.0,0x27de8be02fc4f1a8dba458eab2ae910b841e7729,0x617dee16b86534a5d792a4d7a62fb491b544111e,0.0
16302709,1672465151.0,0x27de8be02fc4f1a8dba458eab2ae910b841e7729,0xf61f24c2d93bf2de187546b14425bf631f28d6dc,0.0
16302712,1672465187.0,0x27de8be02fc4f1a8dba458eab2ae910b841e7729,0x3bf447963c8d8bdf06751528de40efb0849f3037,0.0
16302717,1672465247.0,0x27de8be02fc4f1a8dba458eab2ae910b841e7729,0x9378368ba6b85c1fba5b131b530f5f5bedf21a18,0.0
16302718,1672465259.0,0x27de8be02fc4f1a8dba458eab2ae910b841e7729,0x9378368ba6b85c1fba5b131b530f5f5bedf21a18,0.0
16302724,1672465331.0,0x27de8be02fc4f1a8dba458eab2ae910b841e7729,0xc101916cd9ddeac5a6f915eed033b1b6e4a637cb,0.0
16302725,1672465343.0,0x27de8be02fc4f1a8dba458eab2ae910b841e7729,0xc101916cd9ddeac5a6f915eed033b1b6e4a637cb,0.0
16356378,1673112263.0,0x27de8be02fc4f1a8dba458eab2ae910b841e7729,0x617dee16b86534a5d792a4d7a62fb491b544111e,0.0
16356381,1673112299.0,0x27de8be02fc4f1a8dba458eab2ae910b841e7729,0x5b7533812759b45c2b44c19e320ba2cd2681b542,0.0
16356391,1673112419.0,0x27de8be02fc4f1a8dba458eab2ae910b841e7729,0x617dee16b86534a5d792a4d7a62fb491b544111e,0.0
16363167,1673194163.0,0x27de8be02fc4f1a8dba458eab2ae910b841e7729,0x761d38e5ddf6ccf6cf7c55759d5210750b5d60f3,0.0
16363169,1673194187.0,0x27de8be02fc4f1a8dba458eab2ae910b841e7729,0x617dee16b86534a5d792a4d7a62fb491b544111e,0.0
16470773,1674492179.0,0x27de8be02fc4f1a8dba458eab2ae910b841e7729,0x735f7319604bdf6301c7d42afdb4f48af6259bc9,0.0
16470777,1674492227.0,0x27de8be02fc4f1a8dba458eab2ae910b841e7729,0xef1c6e67703c7bd7107eed8303fbe6ec2554bf6b,0.0
16470780,1674492263.0,0x27de8be02fc4f1a8dba458eab2ae910b841e7729,0xccc8cb5229b0ac8069c51fd58367fd1e622afd97,0.0
16470786,1674492335.0,0x27de8be02fc4f1a8dba458eab2ae910b841e7729,0xef1c6e67703c7bd7107eed8303fbe6ec2554bf6b,0.0
16470790,1674492383.0,0x27de8be02fc4f1a8dba458eab2ae910b841e7729,0x7b4328c127b85369d9f82ca0503b000d09cf9180,0.0
16470792,1674492407.0,0x27de8be02fc4f1a8dba458eab2ae910b841e7729,0xef1c6e67703c7bd7107eed8303fbe6ec2554bf6b,0.0
16470794,1674492431.0,0x27de8be02fc4f1a8dba458eab2ae910b841e7729,0x243cacb4d5ff6814ad668c3e225246efa886ad5a,0.0
16470796,1674492455.0,0x27de8be02fc4f1a8dba458eab2ae910b841e7729,0xef1c6e67703c7bd7107eed8303fbe6ec2554bf6b,0.0
16470800,1674492503.0,0x27de8be02fc4f1a8dba458eab2ae910b841e7729,0xc52c326331e9ce41f04484d3b5e5648158028804,0.0
16470803,1674492539.0,0x27de8be02fc4f1a8dba458eab2ae910b841e7729,0xef1c6e67703c7bd7107eed8303fbe6ec2554bf6b,0.0
16470806,1674492575.0,0x27de8be02fc4f1a8dba458eab2ae910b841e7729,0x0f5d2fb29fb7d3cfee444a200298f468908cc942,0.0
16470808,1674492599.0,0x27de8be02fc4f1a8dba458eab2ae910b841e7729,0xef1c6e67703c7bd7107eed8303fbe6ec2554bf6b,0.0
16585323,1675874591.0,0x27de8be02fc4f1a8dba458eab2ae910b841e7729,0xf3dcbc6d72a4e1892f7917b7c43b74131df8480e,0.0
16585332,1675874711.0,0x27de8be02fc4f1a8dba458eab2ae910b841e7729,0xef1c6e67703c7bd7107eed8303fbe6ec2554bf6b,0.0
16585335,1675874747.0,0xc02aaa39b223fe8d0a0e5c4f27ead9083c756cc2,0x27de8be02fc4f1a8dba458eab2ae910b841e7729,0.6031126458699522
16585335,1675874747.0,0x27de8be02fc4f1a8dba458eab2ae910b841e7729,0xc02aaa39b223fe8d0a0e5c4f27ead9083c756cc2,0.0
16585337,1675874771.0,0x27de8be02fc4f1a8dba458eab2ae910b841e7729,0xa01199c61841fce3b3dafb83fefc1899715c8756,0.0
16585340,1675874807.0,0x27de8be02fc4f1a8dba458eab2ae910b841e7729,0xef1c6e67703c7bd7107eed8303fbe6ec2554bf6b,0.0
16656568,1676736035.0,0x27de8be02fc4f1a8dba458eab2ae910b841e7729,0x7420b4b9a0110cdc71fb720908340c03f9bc03ec,0.0
16656572,1676736083.0,0x27de8be02fc4f1a8dba458eab2ae910b841e7729,0xef1c6e67703c7bd7107eed8303fbe6ec2554bf6b,0.0
16656596,1676736371.0,0x27de8be02fc4f1a8dba458eab2ae910b841e7729,0xed04915c23f00a313a544955524eb7dbd823143d,0.0
16656598,1676736395.0,0x27de8be02fc4f1a8dba458eab2ae910b841e7729,0xef1c6e67703c7bd7107eed8303fbe6ec2554bf6b,0.0
16656601,1676736431.0,0x27de8be02fc4f1a8dba458eab2ae910b841e7729,0x111111111117dc0aa78b770fa6a738034120c302,0.0
16656603,1676736467.0,0x27de8be02fc4f1a8dba458eab2ae910b841e7729,0xef1c6e67703c7bd7107eed8303fbe6ec2554bf6b,0.0
16656605,1676736491.0,0x27de8be02fc4f1a8dba458eab2ae910b841e7729,0x95ad61b0a150d79219dcf64e1e6cc01f0b64c4ce,0.0
16656607,1676736515.0,0x27de8be02fc4f1a8dba458eab2ae910b841e7729,0xef1c6e67703c7bd7107eed8303fbe6ec2554bf6b,0.0
16656608,1676736527.0,0x27de8be02fc4f1a8dba458eab2ae910b841e7729,0x4cc19356f2d37338b9802aa8e8fc58b0373296e7,0.0
16656612,1676736575.0,0x27de8be02fc4f1a8dba458eab2ae910b841e7729,0xef1c6e67703c7bd7107eed8303fbe6ec2554bf6b,0.0
16656614,1676736599.0,0x27de8be02fc4f1a8dba458eab2ae910b841e7729,0x9e32b13ce7f2e80a01932b42553652e053d6ed8e,0.0
16656652,1676737067.0,0x27de8be02fc4f1a8dba458eab2ae910b841e7729,0xef1c6e67703c7bd7107eed8303fbe6ec2554bf6b,0.0
16656652,1676737067.0,0x27de8be02fc4f1a8dba458eab2ae910b841e7729,0xf65b5c5104c4fafd4b709d9d60a185eae063276c,0.0
16656652,1676737067.0,0x27de8be02fc4f1a8dba458eab2ae910b841e7729,0xf65b5c5104c4fafd4b709d9d60a185eae063276c,0.0
16656654,1676737091.0,0x27de8be02fc4f1a8dba458eab2ae910b841e7729,0xef1c6e67703c7bd7107eed8303fbe6ec2554bf6b,0.0
16656657,1676737127.0,0x27de8be02fc4f1a8dba458eab2ae910b841e7729,0x249e38ea4102d0cf8264d3701f1a0e39c4f2dc3b,0.0
16656666,1676737235.0,0x27de8be02fc4f1a8dba458eab2ae910b841e7729,0xef1c6e67703c7bd7107eed8303fbe6ec2554bf6b,0.0
16656668,1676737259.0,0x27de8be02fc4f1a8dba458eab2ae910b841e7729,0x320623b8e4ff03373931769a31fc52a4e78b5d70,0.0
16656674,1676737331.0,0x27de8be02fc4f1a8dba458eab2ae910b841e7729,0xef1c6e67703c7bd7107eed8303fbe6ec2554bf6b,0.0
16656678,1676737379.0,0x27de8be02fc4f1a8dba458eab2ae910b841e7729,0x7de91b204c1c737bcee6f000aaa6569cf7061cb7,0.0
16656682,1676737427.0,0x27de8be02fc4f1a8dba458eab2ae910b841e7729,0xef1c6e67703c7bd7107eed8303fbe6ec2554bf6b,0.0
16656683,1676737439.0,0x27de8be02fc4f1a8dba458eab2ae910b841e7729,0x514910771af9ca656af840dff83e8264ecf986ca,0.0
16656685,1676737463.0,0x27de8be02fc4f1a8dba458eab2ae910b841e7729,0xef1c6e67703c7bd7107eed8303fbe6ec2554bf6b,0.0
16656689,1676737511.0,0x27de8be02fc4f1a8dba458eab2ae910b841e7729,0x08c32b0726c5684024ea6e141c50ade9690bbdcc,0.0
16656691,1676737535.0,0x27de8be02fc4f1a8dba458eab2ae910b841e7729,0xef1c6e67703c7bd7107eed8303fbe6ec2554bf6b,0.0
16656694,1676737571.0,0x27de8be02fc4f1a8dba458eab2ae910b841e7729,0xec213f83defb583af3a000b1c0ada660b1902a0f,0.0
16656696,1676737595.0,0x27de8be02fc4f1a8dba458eab2ae910b841e7729,0xef1c6e67703c7bd7107eed8303fbe6ec2554bf6b,0.0
16656701,1676737667.0,0x27de8be02fc4f1a8dba458eab2ae910b841e7729,0x04c17b9d3b29a78f7bd062a57cf44fc633e71f85,0.0
16656704,1676737703.0,0x27de8be02fc4f1a8dba458eab2ae910b841e7729,0xef1c6e67703c7bd7107eed8303fbe6ec2554bf6b,0.0
16656710,1676737775.0,0x27de8be02fc4f1a8dba458eab2ae910b841e7729,0xfb5c6815ca3ac72ce9f5006869ae67f18bf77006,0.0
16656715,1676737835.0,0x27de8be02fc4f1a8dba458eab2ae910b841e7729,0xef1c6e67703c7bd7107eed8303fbe6ec2554bf6b,0.0
16656717,1676737859.0,0x27de8be02fc4f1a8dba458eab2ae910b841e7729,0x0bb217e40f8a5cb79adf04e1aab60e5abd0dfc1e,0.0
16656721,1676737907.0,0x27de8be02fc4f1a8dba458eab2ae910b841e7729,0xef1c6e67703c7bd7107eed8303fbe6ec2554bf6b,0.0
16656723,1676737931.0,0x27de8be02fc4f1a8dba458eab2ae910b841e7729,0x99ea4db9ee77acd40b119bd1dc4e33e1c070b80d,0.0
16656727,1676737979.0,0x27de8be02fc4f1a8dba458eab2ae910b841e7729,0xef1c6e67703c7bd7107eed8303fbe6ec2554bf6b,0.0
16656734,1676738063.0,0x27de8be02fc4f1a8dba458eab2ae910b841e7729,0x37cd4e8875e3edaffdfe9be63958f07effbd0bfd,0.0
16656736,1676738087.0,0x27de8be02fc4f1a8dba458eab2ae910b841e7729,0xef1c6e67703c7bd7107eed8303fbe6ec2554bf6b,0.0
16656739,1676738135.0,0x27de8be02fc4f1a8dba458eab2ae910b841e7729,0x1e2f15302b90edde696593607b6bd444b64e8f02,0.0
16656741,1676738159.0,0x27de8be02fc4f1a8dba458eab2ae910b841e7729,0xef1c6e67703c7bd7107eed8303fbe6ec2554bf6b,0.0
16656745,1676738207.0,0x27de8be02fc4f1a8dba458eab2ae910b841e7729,0xc5102fe9359fd9a28f877a67e36b0f050d81a3cc,0.0
16656749,1676738255.0,0x27de8be02fc4f1a8dba458eab2ae910b841e7729,0xef1c6e67703c7bd7107eed8303fbe6ec2554bf6b,0.0
16656757,1676738351.0,0x27de8be02fc4f1a8dba458eab2ae910b841e7729,0x6b175474e89094c44da98b954eedeac495271d0f,0.0
16656761,1676738399.0,0x27de8be02fc4f1a8dba458eab2ae910b841e7729,0xef1c6e67703c7bd7107eed8303fbe6ec2554bf6b,0.0
16656768,1676738495.0,0x27de8be02fc4f1a8dba458eab2ae910b841e7729,0xa2881f7f441267042f9778ffa0d4f834693426be,0.0
16656770,1676738519.0,0x27de8be02fc4f1a8dba458eab2ae910b841e7729,0xef1c6e67703c7bd7107eed8303fbe6ec2554bf6b,0.0
16656773,1676738555.0,0x27de8be02fc4f1a8dba458eab2ae910b841e7729,0x55296f69f40ea6d20e478533c15a6b08b654e758,0.0
16656776,1676738591.0,0x27de8be02fc4f1a8dba458eab2ae910b841e7729,0xef1c6e67703c7bd7107eed8303fbe6ec2554bf6b,0.0
16656781,1676738651.0,0x27de8be02fc4f1a8dba458eab2ae910b841e7729,0xf680429328caaacabee69b7a9fdb21a71419c063,0.0
16656783,1676738675.0,0x27de8be02fc4f1a8dba458eab2ae910b841e7729,0xef1c6e67703c7bd7107eed8303fbe6ec2554bf6b,0.0
16656790,1676738759.0,0x27de8be02fc4f1a8dba458eab2ae910b841e7729,0x49642110b712c1fd7261bc074105e9e44676c68f,0.0
16656811,1676739011.0,0x27de8be02fc4f1a8dba458eab2ae910b841e7729,0xef1c6e67703c7bd7107eed8303fbe6ec2554bf6b,0.0
16656815,1676739059.0,0x27de8be02fc4f1a8dba458eab2ae910b841e7729,0xd478161c952357f05f0292b56012cd8457f1cfbf,0.0
16656820,1676739119.0,0x27de8be02fc4f1a8dba458eab2ae910b841e7729,0xef1c6e67703c7bd7107eed8303fbe6ec2554bf6b,0.0
16656828,1676739215.0,0x27de8be02fc4f1a8dba458eab2ae910b841e7729,0x4521c9ad6a3d4230803ab752ed238be11f8b342f,0.0
16656832,1676739263.0,0x27de8be02fc4f1a8dba458eab2ae910b841e7729,0xef1c6e67703c7bd7107eed8303fbe6ec2554bf6b,0.0
16656834,1676739287.0,0x27de8be02fc4f1a8dba458eab2ae910b841e7729,0x3301ee63fb29f863f2333bd4466acb46cd8323e6,0.0
16656837,1676739323.0,0x27de8be02fc4f1a8dba458eab2ae910b841e7729,0xef1c6e67703c7bd7107eed8303fbe6ec2554bf6b,0.0
16656842,1676739383.0,0x27de8be02fc4f1a8dba458eab2ae910b841e7729,0xf0d33beda4d734c72684b5f9abbebf715d0a7935,0.0
16656845,1676739419.0,0x27de8be02fc4f1a8dba458eab2ae910b841e7729,0xef1c6e67703c7bd7107eed8303fbe6ec2554bf6b,0.0
16656849,1676739467.0,0x27de8be02fc4f1a8dba458eab2ae910b841e7729,0xe61f6e39711cec14f8d6c637c2f4568baa9ff7ee,0.0
16656851,1676739491.0,0x27de8be02fc4f1a8dba458eab2ae910b841e7729,0xef1c6e67703c7bd7107eed8303fbe6ec2554bf6b,0.0
16656852,1676739503.0,0x27de8be02fc4f1a8dba458eab2ae910b841e7729,0xfca59cd816ab1ead66534d82bc21e7515ce441cf,0.0
16656854,1676739527.0,0x27de8be02fc4f1a8dba458eab2ae910b841e7729,0xef1c6e67703c7bd7107eed8303fbe6ec2554bf6b,0.0
16656859,1676739587.0,0x27de8be02fc4f1a8dba458eab2ae910b841e7729,0x8ab7404063ec4dbcfd4598215992dc3f8ec853d7,0.0
16656864,1676739647.0,0x27de8be02fc4f1a8dba458eab2ae910b841e7729,0xef1c6e67703c7bd7107eed8303fbe6ec2554bf6b,0.0
16656871,1676739731.0,0x27de8be02fc4f1a8dba458eab2ae910b841e7729,0x39aa39c021dfbae8fac545936693ac917d5e7563,0.0
16656875,1676739779.0,0x27de8be02fc4f1a8dba458eab2ae910b841e7729,0xef1c6e67703c7bd7107eed8303fbe6ec2554bf6b,0.0
16656878,1676739815.0,0x27de8be02fc4f1a8dba458eab2ae910b841e7729,0x44709a920fccf795fbc57baa433cc3dd53c44dbe,0.0
16656881,1676739851.0,0x27de8be02fc4f1a8dba458eab2ae910b841e7729,0xef1c6e67703c7bd7107eed8303fbe6ec2554bf6b,0.0
16656882,1676739863.0,0x27de8be02fc4f1a8dba458eab2ae910b841e7729,0x044727e50ff30db57fad06ff4f5846eab5ea52a2,0.0
16656884,1676739887.0,0x27de8be02fc4f1a8dba458eab2ae910b841e7729,0xef1c6e67703c7bd7107eed8303fbe6ec2554bf6b,0.0
16656886,1676739911.0,0x27de8be02fc4f1a8dba458eab2ae910b841e7729,0x9c354503c38481a7a7a51629142963f98ecc12d0,0.0
16656894,1676740007.0,0x27de8be02fc4f1a8dba458eab2ae910b841e7729,0xef1c6e67703c7bd7107eed8303fbe6ec2554bf6b,0.0
16656897,1676740043.0,0x27de8be02fc4f1a8dba458eab2ae910b841e7729,0x91dfbee3965baaee32784c2d546b7a0c62f268c9,0.0
16656901,1676740091.0,0x27de8be02fc4f1a8dba458eab2ae910b841e7729,0xef1c6e67703c7bd7107eed8303fbe6ec2554bf6b,0.0
16656912,1676740223.0,0x27de8be02fc4f1a8dba458eab2ae910b841e7729,0xd502f487e1841fdc805130e13eae80c61186bc98,0.0
16656914,1676740247.0,0x27de8be02fc4f1a8dba458eab2ae910b841e7729,0xef1c6e67703c7bd7107eed8303fbe6ec2554bf6b,0.0
16656916,1676740271.0,0x27de8be02fc4f1a8dba458eab2ae910b841e7729,0xce3f08e664693ca792cace4af1364d5e220827b2,0.0
16656918,1676740295.0,0x27de8be02fc4f1a8dba458eab2ae910b841e7729,0xef1c6e67703c7bd7107eed8303fbe6ec2554bf6b,0.0
16656920,1676740319.0,0x27de8be02fc4f1a8dba458eab2ae910b841e7729,0xdc0327d50e6c73db2f8117760592c8bbf1cdcf38,0.0
16656922,1676740343.0,0x27de8be02fc4f1a8dba458eab2ae910b841e7729,0xef1c6e67703c7bd7107eed8303fbe6ec2554bf6b,0.0
16656925,1676740379.0,0x27de8be02fc4f1a8dba458eab2ae910b841e7729,0xa2b4c0af19cc16a6cfacce81f192b024d625817d,0.0
16656929,1676740427.0,0x27de8be02fc4f1a8dba458eab2ae910b841e7729,0xef1c6e67703c7bd7107eed8303fbe6ec2554bf6b,0.0
16656930,1676740439.0,0x27de8be02fc4f1a8dba458eab2ae910b841e7729,0x12f649a9e821f90bb143089a6e56846945892ffb,0.0
16656933,1676740475.0,0x27de8be02fc4f1a8dba458eab2ae910b841e7729,0xef1c6e67703c7bd7107eed8303fbe6ec2554bf6b,0.0
16656937,1676740523.0,0x27de8be02fc4f1a8dba458eab2ae910b841e7729,0xba100000625a3754423978a60c9317c58a424e3d,0.0
16656939,1676740547.0,0x27de8be02fc4f1a8dba458eab2ae910b841e7729,0xef1c6e67703c7bd7107eed8303fbe6ec2554bf6b,0.0
16656942,1676740583.0,0x27de8be02fc4f1a8dba458eab2ae910b841e7729,0x0ae055097c6d159879521c384f1d2123d1f195e6,0.0
16656944,1676740607.0,0x27de8be02fc4f1a8dba458eab2ae910b841e7729,0xef1c6e67703c7bd7107eed8303fbe6ec2554bf6b,0.0
16656947,1676740643.0,0x27de8be02fc4f1a8dba458eab2ae910b841e7729,0xf4cd3d3fda8d7fd6c5a500203e38640a70bf9577,0.0
16656949,1676740667.0,0x27de8be02fc4f1a8dba458eab2ae910b841e7729,0xef1c6e67703c7bd7107eed8303fbe6ec2554bf6b,0.0
16656952,1676740703.0,0x27de8be02fc4f1a8dba458eab2ae910b841e7729,0x3b484b82567a09e2588a13d54d032153f0c0aee0,0.0
16656954,1676740727.0,0x27de8be02fc4f1a8dba458eab2ae910b841e7729,0xef1c6e67703c7bd7107eed8303fbe6ec2554bf6b,0.0
16656961,1676740811.0,0x27de8be02fc4f1a8dba458eab2ae910b841e7729,0x767fe9edc9e0df98e07454847909b5e959d7ca0e,0.0
16656966,1676740871.0,0x27de8be02fc4f1a8dba458eab2ae910b841e7729,0xef1c6e67703c7bd7107eed8303fbe6ec2554bf6b,0.0
16656971,1676740931.0,0x27de8be02fc4f1a8dba458eab2ae910b841e7729,0x8355dbe8b0e275abad27eb843f3eaf3fc855e525,0.0
16656973,1676740955.0,0x27de8be02fc4f1a8dba458eab2ae910b841e7729,0xef1c6e67703c7bd7107eed8303fbe6ec2554bf6b,0.0
16656975,1676740991.0,0x27de8be02fc4f1a8dba458eab2ae910b841e7729,0x24da31e7bb182cb2cabfef1d88db19c2ae1f5572,0.0
16656978,1676741027.0,0x27de8be02fc4f1a8dba458eab2ae910b841e7729,0x51fe2e572e97bfeb1d719809d743ec2675924edc,0.0
16656983,1676741087.0,0x27de8be02fc4f1a8dba458eab2ae910b841e7729,0xef1c6e67703c7bd7107eed8303fbe6ec2554bf6b,0.0
16656988,1676741147.0,0x27de8be02fc4f1a8dba458eab2ae910b841e7729,0xb9d99c33ea2d86ec5ec6b8a4dd816ebba64404af,0.0
16656990,1676741171.0,0x27de8be02fc4f1a8dba458eab2ae910b841e7729,0xef1c6e67703c7bd7107eed8303fbe6ec2554bf6b,0.0
16656998,1676741267.0,0x27de8be02fc4f1a8dba458eab2ae910b841e7729,0x9813037ee2218799597d83d4a5b6f3b6778218d9,0.0
16657000,1676741291.0,0x27de8be02fc4f1a8dba458eab2ae910b841e7729,0xef1c6e67703c7bd7107eed8303fbe6ec2554bf6b,0.0
16657001,1676741303.0,0x27de8be02fc4f1a8dba458eab2ae910b841e7729,0x54cb643ab007f47882e8120a8c57b639005c2688,0.0
16657002,1676741315.0,0x27de8be02fc4f1a8dba458eab2ae910b841e7729,0xef1c6e67703c7bd7107eed8303fbe6ec2554bf6b,0.0
16657014,1676741471.0,0x27de8be02fc4f1a8dba458eab2ae910b841e7729,0xef1c6e67703c7bd7107eed8303fbe6ec2554bf6b,0.0
16657016,1676741495.0,0x27de8be02fc4f1a8dba458eab2ae910b841e7729,0x4d224452801aced8b2f0aebe155379bb5d594381,0.0
16657018,1676741519.0,0x27de8be02fc4f1a8dba458eab2ae910b841e7729,0xef1c6e67703c7bd7107eed8303fbe6ec2554bf6b,0.0
16657023,1676741591.0,0x27de8be02fc4f1a8dba458eab2ae910b841e7729,0xdac17f958d2ee523a2206206994597c13d831ec7,0.0
16657025,1676741615.0,0x27de8be02fc4f1a8dba458eab2ae910b841e7729,0xef1c6e67703c7bd7107eed8303fbe6ec2554bf6b,0.0
16714097,1677435023.0,0x27de8be02fc4f1a8dba458eab2ae910b841e7729,0xcdf7028ceab81fa0c6971208e83fa7872994bee5,0.0
16714100,1677435059.0,0x27de8be02fc4f1a8dba458eab2ae910b841e7729,0x6131b5fae19ea4f9d964eac0408e4408b66337b5,0.0
