BlockHeight,TimeStamp,From,To,Value
14688156,1651356353.0,0xb7caa2dd36ac797da4a73ec31a831c5eb8c91108,0x29d83caace6ad072f4d21f62ba74b50c17f0560c,0.0
14688466,1651361014.0,0xb7caa2dd36ac797da4a73ec31a831c5eb8c91108,0x29d83caace6ad072f4d21f62ba74b50c17f0560c,0.0
14688551,1651362150.0,0xceb98daeb5bc30902588382cb046c2024760186f,0x29d83caace6ad072f4d21f62ba74b50c17f0560c,0.5507153792776817
14688556,1651362246.0,0xb60bf99b622e547ce9554bbf73bfa6371ac12c3d,0x29d83caace6ad072f4d21f62ba74b50c17f0560c,0.0
14688560,1651362291.0,0x57411e5c270e300f329ab0bdd32e220b3a62eb4b,0x29d83caace6ad072f4d21f62ba74b50c17f0560c,0.0
14688560,1651362291.0,0x29d83caace6ad072f4d21f62ba74b50c17f0560c,0x9378368ba6b85c1fba5b131b530f5f5bedf21a18,0.0
14688564,1651362347.0,0x29d83caace6ad072f4d21f62ba74b50c17f0560c,0xbda2481db91fc0f942ed3f53de378ba45ba9d17e,0.0
14688564,1651362347.0,0x29d83caace6ad072f4d21f62ba74b50c17f0560c,0xbda2481db91fc0f942ed3f53de378ba45ba9d17e,0.0
14688565,1651362369.0,0x29d83caace6ad072f4d21f62ba74b50c17f0560c,0xbda2481db91fc0f942ed3f53de378ba45ba9d17e,0.0
14688566,1651362376.0,0x29d83caace6ad072f4d21f62ba74b50c17f0560c,0xbda2481db91fc0f942ed3f53de378ba45ba9d17e,0.0
14688581,1651362563.0,0xe02e3f686a35e8eeacd01902e705fe532f800843,0x29d83caace6ad072f4d21f62ba74b50c17f0560c,0.0
14688589,1651362603.0,0xe871d2f7b77229f87f58afaef47ba9fffc9a0d0c,0x29d83caace6ad072f4d21f62ba74b50c17f0560c,0.0
14688594,1651362720.0,0xe871d2f7b77229f87f58afaef47ba9fffc9a0d0c,0x29d83caace6ad072f4d21f62ba74b50c17f0560c,0.0
14688596,1651362786.0,0x29d83caace6ad072f4d21f62ba74b50c17f0560c,0xe0176ba60efddb29cac5b15338c9962daee9de0c,0.0
14688610,1651362911.0,0x29d83caace6ad072f4d21f62ba74b50c17f0560c,0xa5409ec958c83c3f309868babaca7c86dcb077c1,0.0
14688611,1651362941.0,0x29d83caace6ad072f4d21f62ba74b50c17f0560c,0xe0176ba60efddb29cac5b15338c9962daee9de0c,0.0
14688617,1651363019.0,0x7f268357a8c2552623316e2562d90e642bb538e5,0x29d83caace6ad072f4d21f62ba74b50c17f0560c,1.395
14688619,1651363035.0,0xaf9ccf3c753df40272ea29414b1ee785b7d78d98,0x29d83caace6ad072f4d21f62ba74b50c17f0560c,0.0
14688624,1651363099.0,0xaf9ccf3c753df40272ea29414b1ee785b7d78d98,0x29d83caace6ad072f4d21f62ba74b50c17f0560c,0.0
14688624,1651363099.0,0x29d83caace6ad072f4d21f62ba74b50c17f0560c,0x9378368ba6b85c1fba5b131b530f5f5bedf21a18,0.0
14688639,1651363315.0,0xe05497311361a7706bce6e84a5c0c54b590e8c8c,0x29d83caace6ad072f4d21f62ba74b50c17f0560c,0.0
14688644,1651363380.0,0x9332542a6a39263002cc609619c6b129b916c785,0x29d83caace6ad072f4d21f62ba74b50c17f0560c,0.0
14688646,1651363398.0,0x9332542a6a39263002cc609619c6b129b916c785,0x29d83caace6ad072f4d21f62ba74b50c17f0560c,0.0
14688657,1651363557.0,0x29d83caace6ad072f4d21f62ba74b50c17f0560c,0x78a5e2b8c280fa5580fbe1e1ed546183f959d305,0.0
14688661,1651363589.0,0x9332542a6a39263002cc609619c6b129b916c785,0x29d83caace6ad072f4d21f62ba74b50c17f0560c,0.0
14688665,1651363640.0,0x29d83caace6ad072f4d21f62ba74b50c17f0560c,0x07ce5d64b7b845c8ff645e9a3825f94e6bdd82f1,0.0
14688667,1651363662.0,0xe05497311361a7706bce6e84a5c0c54b590e8c8c,0x29d83caace6ad072f4d21f62ba74b50c17f0560c,0.0
14688667,1651363662.0,0x29d83caace6ad072f4d21f62ba74b50c17f0560c,0x469823c7b84264d1bafbcd6010e9cdf1cac305a3,0.0
14688668,1651363681.0,0x2f61ca0c94ffec760a55328233c29873935f3bdb,0x29d83caace6ad072f4d21f62ba74b50c17f0560c,0.0
14688675,1651363783.0,0x29d83caace6ad072f4d21f62ba74b50c17f0560c,0xf64e6fb725f04042b5197e2529b84be4a925902c,0.0
14688683,1651363883.0,0x76d8f557a4d42732b0ad5fa5d2bd0e0a1fcd402a,0x29d83caace6ad072f4d21f62ba74b50c17f0560c,0.0
14688690,1651363999.0,0x76d8f557a4d42732b0ad5fa5d2bd0e0a1fcd402a,0x29d83caace6ad072f4d21f62ba74b50c17f0560c,0.0
14688700,1651364135.0,0x6f5de938cc4204245d62051c13c391f149c6e092,0x29d83caace6ad072f4d21f62ba74b50c17f0560c,0.0
14688715,1651364364.0,0x6f5de938cc4204245d62051c13c391f149c6e092,0x29d83caace6ad072f4d21f62ba74b50c17f0560c,0.0
14688731,1651364587.0,0x44d6fa50b6a15215e6c589d528a68b48095a43fd,0x29d83caace6ad072f4d21f62ba74b50c17f0560c,0.0
14688746,1651364907.0,0x44d6fa50b6a15215e6c589d528a68b48095a43fd,0x29d83caace6ad072f4d21f62ba74b50c17f0560c,0.0
14688754,1651365012.0,0x29d83caace6ad072f4d21f62ba74b50c17f0560c,0xf54cc94f1f2f5de012b6aa51f1e7ebdc43ef5afc,0.0
14688754,1651365012.0,0x6f5de938cc4204245d62051c13c391f149c6e092,0x29d83caace6ad072f4d21f62ba74b50c17f0560c,0.0
14688777,1651365338.0,0xfdfaa635f6868d6eb68af4b9b9f7b871e7d55cec,0x29d83caace6ad072f4d21f62ba74b50c17f0560c,0.0
14688818,1651365816.0,0x934f0edc97a01dcb33cb70de2e0fa45f810f0e32,0x29d83caace6ad072f4d21f62ba74b50c17f0560c,0.0
14688828,1651365977.0,0x59ee97df5d403e74d5470667a143f81a41a7cd56,0x29d83caace6ad072f4d21f62ba74b50c17f0560c,0.0
14688828,1651365977.0,0x21325a17bf927bc8ac213825fe53d70b4570a1c1,0x29d83caace6ad072f4d21f62ba74b50c17f0560c,0.0
14688828,1651365977.0,0x59ee97df5d403e74d5470667a143f81a41a7cd56,0x29d83caace6ad072f4d21f62ba74b50c17f0560c,0.0
14688832,1651366090.0,0x9332542a6a39263002cc609619c6b129b916c785,0x29d83caace6ad072f4d21f62ba74b50c17f0560c,0.0
14688835,1651366135.0,0x59ee97df5d403e74d5470667a143f81a41a7cd56,0x29d83caace6ad072f4d21f62ba74b50c17f0560c,0.0
14688848,1651366372.0,0x59ee97df5d403e74d5470667a143f81a41a7cd56,0x29d83caace6ad072f4d21f62ba74b50c17f0560c,0.0
14688873,1651366739.0,0xd6bbfd3d445dc4f8b383f5499c950f9b4773287a,0x29d83caace6ad072f4d21f62ba74b50c17f0560c,0.0
14689735,1651378095.0,0xc4049738263f365b313a04cf324cf7fc7b443829,0x29d83caace6ad072f4d21f62ba74b50c17f0560c,0.0
14689747,1651378241.0,0xc4049738263f365b313a04cf324cf7fc7b443829,0x29d83caace6ad072f4d21f62ba74b50c17f0560c,0.0
14689756,1651378320.0,0x29d83caace6ad072f4d21f62ba74b50c17f0560c,0x469823c7b84264d1bafbcd6010e9cdf1cac305a3,0.0
14689756,1651378320.0,0x29d83caace6ad072f4d21f62ba74b50c17f0560c,0xf54cc94f1f2f5de012b6aa51f1e7ebdc43ef5afc,0.0
14689756,1651378320.0,0xd6bbfd3d445dc4f8b383f5499c950f9b4773287a,0x29d83caace6ad072f4d21f62ba74b50c17f0560c,0.0
14689756,1651378320.0,0x29d83caace6ad072f4d21f62ba74b50c17f0560c,0x5298c6d5ac0f2964bbb27f496a8193ce78e8a8e6,0.0
14689756,1651378320.0,0x7c98cd40cfc19be32f92127aca5f89e0b292a7e7,0x29d83caace6ad072f4d21f62ba74b50c17f0560c,0.0
14689814,1651378979.0,0x29d83caace6ad072f4d21f62ba74b50c17f0560c,0x83f82414b5065bb9a85e330c67b4a10f798f4ed2,0.0
14689838,1651379292.0,0x29d83caace6ad072f4d21f62ba74b50c17f0560c,0x282a7d13152b3f51a3e31d46a2ca563f8554d85d,0.0
14689846,1651379391.0,0xc4049738263f365b313a04cf324cf7fc7b443829,0x29d83caace6ad072f4d21f62ba74b50c17f0560c,0.0
14689863,1651379638.0,0x29d83caace6ad072f4d21f62ba74b50c17f0560c,0xc02aaa39b223fe8d0a0e5c4f27ead9083c756cc2,0.0
14689875,1651379822.0,0xdcaf84e17bb0609a19350178018b27851a5a2563,0x29d83caace6ad072f4d21f62ba74b50c17f0560c,0.0
14689951,1651380740.0,0xb54c13259c2e79505e473ac2307057d74eef1779,0x29d83caace6ad072f4d21f62ba74b50c17f0560c,0.0
14689963,1651380920.0,0x29d83caace6ad072f4d21f62ba74b50c17f0560c,0xda31b972d2793cc4593d1f23d2acae028a4878fb,0.0397324202100761
14689970,1651381077.0,0xda31b972d2793cc4593d1f23d2acae028a4878fb,0x29d83caace6ad072f4d21f62ba74b50c17f0560c,0.0360799656263025
14689972,1651381092.0,0x60dc9b2d9aa8909734663cfe9e41ab6cea76b75e,0x29d83caace6ad072f4d21f62ba74b50c17f0560c,0.0
14689981,1651381176.0,0x30d54648dcad0ef11a0c3a5f5ad2c1fc84d0c0b2,0x29d83caace6ad072f4d21f62ba74b50c17f0560c,0.0
14689990,1651381274.0,0x553bcd69b2b638507c824585b71330bf0a5fc45b,0x29d83caace6ad072f4d21f62ba74b50c17f0560c,0.0
14689996,1651381308.0,0x01bc28e036b6e75247fe8f49f0a8b9410b19d851,0x29d83caace6ad072f4d21f62ba74b50c17f0560c,0.0
14690009,1651381423.0,0xde14d7e24b77f50a029a81dfcf8a694f87569742,0x29d83caace6ad072f4d21f62ba74b50c17f0560c,0.0
14690014,1651381460.0,0x60dc9b2d9aa8909734663cfe9e41ab6cea76b75e,0x29d83caace6ad072f4d21f62ba74b50c17f0560c,0.0
14690016,1651381497.0,0xde14d7e24b77f50a029a81dfcf8a694f87569742,0x29d83caace6ad072f4d21f62ba74b50c17f0560c,0.0
14690017,1651381510.0,0x29d83caace6ad072f4d21f62ba74b50c17f0560c,0xd8f2eefed38f10e9b53952125cfe66d6d1511559,0.0
14690030,1651381612.0,0x29d83caace6ad072f4d21f62ba74b50c17f0560c,0xb08a61d96108136439180ad3f3e340a24e448f6b,0.0
14690034,1651381654.0,0x01bc28e036b6e75247fe8f49f0a8b9410b19d851,0x29d83caace6ad072f4d21f62ba74b50c17f0560c,0.0
14690035,1651381700.0,0x27a4e26c9bdb841c3bac82de012d91806dde3086,0x29d83caace6ad072f4d21f62ba74b50c17f0560c,0.0
14690036,1651381740.0,0xf9f5a4d7a37f6480d2db5f0e4aa10365ce5f3a14,0x29d83caace6ad072f4d21f62ba74b50c17f0560c,0.0
14690036,1651381740.0,0x20501e364378ac8202bdad01204df0f210b043f3,0x29d83caace6ad072f4d21f62ba74b50c17f0560c,0.0
14690038,1651381759.0,0x27a4e26c9bdb841c3bac82de012d91806dde3086,0x29d83caace6ad072f4d21f62ba74b50c17f0560c,0.0
14690043,1651381822.0,0x29d83caace6ad072f4d21f62ba74b50c17f0560c,0x4287bd7cc2b4aa8650e2887055a4674759c216e2,0.0
14690049,1651381877.0,0x553bcd69b2b638507c824585b71330bf0a5fc45b,0x29d83caace6ad072f4d21f62ba74b50c17f0560c,0.0
14690055,1651381958.0,0x60dc9b2d9aa8909734663cfe9e41ab6cea76b75e,0x29d83caace6ad072f4d21f62ba74b50c17f0560c,0.0
14690079,1651382333.0,0x01bc28e036b6e75247fe8f49f0a8b9410b19d851,0x29d83caace6ad072f4d21f62ba74b50c17f0560c,0.0
14690093,1651382481.0,0x50b4afbca9c4adac0330d712f51c1385b070cf31,0x29d83caace6ad072f4d21f62ba74b50c17f0560c,0.0
14690149,1651383272.0,0x15e9e61871ae5aaf73acfc11b55b0ab4da95406c,0x29d83caace6ad072f4d21f62ba74b50c17f0560c,0.0
14690156,1651383336.0,0xf83a04951b8ec8ae630578a9134abc3d9fcca17d,0x29d83caace6ad072f4d21f62ba74b50c17f0560c,0.0
14690164,1651383447.0,0x01bc28e036b6e75247fe8f49f0a8b9410b19d851,0x29d83caace6ad072f4d21f62ba74b50c17f0560c,0.0
14690168,1651383510.0,0x15e9e61871ae5aaf73acfc11b55b0ab4da95406c,0x29d83caace6ad072f4d21f62ba74b50c17f0560c,0.0
14690168,1651383510.0,0xb54c13259c2e79505e473ac2307057d74eef1779,0x29d83caace6ad072f4d21f62ba74b50c17f0560c,0.0
14690239,1651384393.0,0x29d83caace6ad072f4d21f62ba74b50c17f0560c,0x4287bd7cc2b4aa8650e2887055a4674759c216e2,0.0
14690241,1651384398.0,0xa95732875d44f5a530978db2ef4d4c75f7a1652d,0x29d83caace6ad072f4d21f62ba74b50c17f0560c,0.0
14690242,1651384421.0,0x7f268357a8c2552623316e2562d90e642bb538e5,0x29d83caace6ad072f4d21f62ba74b50c17f0560c,0.45
14690245,1651384447.0,0x29d83caace6ad072f4d21f62ba74b50c17f0560c,0x29d83caace6ad072f4d21f62ba74b50c17f0560c,0.0
14690249,1651384489.0,0x6c66ccd64d6bbb58cbd73a78c1598f731a4aa117,0x29d83caace6ad072f4d21f62ba74b50c17f0560c,0.0
14690249,1651384489.0,0x444dd5f2c4813031c0047128283b0895d5db0d06,0x29d83caace6ad072f4d21f62ba74b50c17f0560c,0.0
14690260,1651384724.0,0x29d83caace6ad072f4d21f62ba74b50c17f0560c,0x78a5e2b8c280fa5580fbe1e1ed546183f959d305,0.0
14690260,1651384724.0,0x29d83caace6ad072f4d21f62ba74b50c17f0560c,0x78a5e2b8c280fa5580fbe1e1ed546183f959d305,0.0
14690273,1651384850.0,0x60dc9b2d9aa8909734663cfe9e41ab6cea76b75e,0x29d83caace6ad072f4d21f62ba74b50c17f0560c,0.0
14690283,1651384943.0,0x29d83caace6ad072f4d21f62ba74b50c17f0560c,0x83f82414b5065bb9a85e330c67b4a10f798f4ed2,0.0
14690291,1651385100.0,0x29d83caace6ad072f4d21f62ba74b50c17f0560c,0x78a5e2b8c280fa5580fbe1e1ed546183f959d305,0.0
14690295,1651385129.0,0x7f268357a8c2552623316e2562d90e642bb538e5,0x29d83caace6ad072f4d21f62ba74b50c17f0560c,0.54
14690299,1651385177.0,0x7f268357a8c2552623316e2562d90e642bb538e5,0x29d83caace6ad072f4d21f62ba74b50c17f0560c,0.54
14690304,1651385233.0,0x29d83caace6ad072f4d21f62ba74b50c17f0560c,0xd8f2eefed38f10e9b53952125cfe66d6d1511559,0.0
14690307,1651385250.0,0x7f268357a8c2552623316e2562d90e642bb538e5,0x29d83caace6ad072f4d21f62ba74b50c17f0560c,0.54
14690309,1651385289.0,0x29d83caace6ad072f4d21f62ba74b50c17f0560c,0x5298c6d5ac0f2964bbb27f496a8193ce78e8a8e6,0.0
14690311,1651385306.0,0x29d83caace6ad072f4d21f62ba74b50c17f0560c,0x9378368ba6b85c1fba5b131b530f5f5bedf21a18,0.0
14690311,1651385306.0,0x7f268357a8c2552623316e2562d90e642bb538e5,0x29d83caace6ad072f4d21f62ba74b50c17f0560c,3.325
14690311,1651385306.0,0x29d83caace6ad072f4d21f62ba74b50c17f0560c,0x9378368ba6b85c1fba5b131b530f5f5bedf21a18,0.0
14690316,1651385365.0,0x29d83caace6ad072f4d21f62ba74b50c17f0560c,0xf64e6fb725f04042b5197e2529b84be4a925902c,0.0
14690316,1651385365.0,0x7f268357a8c2552623316e2562d90e642bb538e5,0x29d83caace6ad072f4d21f62ba74b50c17f0560c,0.682125
14690321,1651385409.0,0x7f268357a8c2552623316e2562d90e642bb538e5,0x29d83caace6ad072f4d21f62ba74b50c17f0560c,0.682125
14690323,1651385422.0,0x29d83caace6ad072f4d21f62ba74b50c17f0560c,0x07ce5d64b7b845c8ff645e9a3825f94e6bdd82f1,0.0
14690326,1651385443.0,0x7f268357a8c2552623316e2562d90e642bb538e5,0x29d83caace6ad072f4d21f62ba74b50c17f0560c,0.2715
14690328,1651385457.0,0x29d83caace6ad072f4d21f62ba74b50c17f0560c,0xbda2481db91fc0f942ed3f53de378ba45ba9d17e,0.0
14690328,1651385457.0,0x29d83caace6ad072f4d21f62ba74b50c17f0560c,0xb08a61d96108136439180ad3f3e340a24e448f6b,0.0
14690332,1651385528.0,0x7f268357a8c2552623316e2562d90e642bb538e5,0x29d83caace6ad072f4d21f62ba74b50c17f0560c,0.05436
14690336,1651385572.0,0x7f268357a8c2552623316e2562d90e642bb538e5,0x29d83caace6ad072f4d21f62ba74b50c17f0560c,0.041625
14690350,1651385725.0,0xdfaa9c1a8f7cd8b56307b9a852e0af0f0ea47d7c,0x29d83caace6ad072f4d21f62ba74b50c17f0560c,0.0
14690352,1651385738.0,0xceb98daeb5bc30902588382cb046c2024760186f,0x29d83caace6ad072f4d21f62ba74b50c17f0560c,0.0
14690359,1651385790.0,0xdfaa9c1a8f7cd8b56307b9a852e0af0f0ea47d7c,0x29d83caace6ad072f4d21f62ba74b50c17f0560c,0.0
14690375,1651386011.0,0x7f268357a8c2552623316e2562d90e642bb538e5,0x29d83caace6ad072f4d21f62ba74b50c17f0560c,0.2745
14690405,1651386352.0,0xdfaa9c1a8f7cd8b56307b9a852e0af0f0ea47d7c,0x29d83caace6ad072f4d21f62ba74b50c17f0560c,0.0
14690407,1651386407.0,0x29d83caace6ad072f4d21f62ba74b50c17f0560c,0x30808a6047f3d61c38ff43d8390da350d9be1870,0.0
14690411,1651386486.0,0x4e5c3ac4de99e6983c31c481060b598402dcf796,0x29d83caace6ad072f4d21f62ba74b50c17f0560c,0.0
14690413,1651386537.0,0xdfaa9c1a8f7cd8b56307b9a852e0af0f0ea47d7c,0x29d83caace6ad072f4d21f62ba74b50c17f0560c,0.0
14690415,1651386559.0,0x29d83caace6ad072f4d21f62ba74b50c17f0560c,0xe91852c1c7fd57e3b11a51f2904584e3d5bdd279,0.0
14690420,1651386639.0,0x29d83caace6ad072f4d21f62ba74b50c17f0560c,0xe91852c1c7fd57e3b11a51f2904584e3d5bdd279,0.0
14690422,1651386679.0,0x29d83caace6ad072f4d21f62ba74b50c17f0560c,0x30808a6047f3d61c38ff43d8390da350d9be1870,0.0
14690431,1651386881.0,0x7f268357a8c2552623316e2562d90e642bb538e5,0x29d83caace6ad072f4d21f62ba74b50c17f0560c,0.23125
14690436,1651386954.0,0x2b9c4c307280b906b1a28d6204f50c3997df2edf,0x29d83caace6ad072f4d21f62ba74b50c17f0560c,0.0
14690454,1651387158.0,0x2b9c4c307280b906b1a28d6204f50c3997df2edf,0x29d83caace6ad072f4d21f62ba74b50c17f0560c,0.0
14690473,1651387473.0,0xd93f665d7050300c6c443430f882e294dcecf88d,0x29d83caace6ad072f4d21f62ba74b50c17f0560c,0.0
14690478,1651387534.0,0xdfaa9c1a8f7cd8b56307b9a852e0af0f0ea47d7c,0x29d83caace6ad072f4d21f62ba74b50c17f0560c,0.0
14690548,1651388445.0,0x7f268357a8c2552623316e2562d90e642bb538e5,0x29d83caace6ad072f4d21f62ba74b50c17f0560c,0.2275
14690613,1651389308.0,0x7f268357a8c2552623316e2562d90e642bb538e5,0x29d83caace6ad072f4d21f62ba74b50c17f0560c,0.2718
14690617,1651389388.0,0x99cc0de7b4735c0a2ac9987f77820490313ff000,0x29d83caace6ad072f4d21f62ba74b50c17f0560c,0.0
14690646,1651389921.0,0x29d83caace6ad072f4d21f62ba74b50c17f0560c,0x0616a2ef54bad0b37dce41c8d8e35cce17a926f3,0.0
14690647,1651389940.0,0x29d83caace6ad072f4d21f62ba74b50c17f0560c,0xbd275ce24f32d6ce4e9d9519c55abe9bc0ed7fcf,0.0
14690681,1651390310.0,0x7f268357a8c2552623316e2562d90e642bb538e5,0x29d83caace6ad072f4d21f62ba74b50c17f0560c,0.035
14690767,1651391470.0,0x7f268357a8c2552623316e2562d90e642bb538e5,0x29d83caace6ad072f4d21f62ba74b50c17f0560c,0.176
14690786,1651391856.0,0x7f268357a8c2552623316e2562d90e642bb538e5,0x29d83caace6ad072f4d21f62ba74b50c17f0560c,0.25375
14691009,1651394996.0,0x29d83caace6ad072f4d21f62ba74b50c17f0560c,0xbd275ce24f32d6ce4e9d9519c55abe9bc0ed7fcf,0.0
14691015,1651395081.0,0x29d83caace6ad072f4d21f62ba74b50c17f0560c,0x0616a2ef54bad0b37dce41c8d8e35cce17a926f3,0.0
14691015,1651395081.0,0x3f324cec08e7e2e921a8505a06010ce8e3787dc1,0x29d83caace6ad072f4d21f62ba74b50c17f0560c,0.0
14691015,1651395081.0,0x7f268357a8c2552623316e2562d90e642bb538e5,0x29d83caace6ad072f4d21f62ba74b50c17f0560c,0.61975
14691020,1651395174.0,0x3f324cec08e7e2e921a8505a06010ce8e3787dc1,0x29d83caace6ad072f4d21f62ba74b50c17f0560c,0.0
14691051,1651395586.0,0x6fc08988eefed2b6a5504f811eba73a046c3ece0,0x29d83caace6ad072f4d21f62ba74b50c17f0560c,0.0
14691051,1651395586.0,0xebc453e098ea5ca81e216441891c84bc4fb6e8e6,0x29d83caace6ad072f4d21f62ba74b50c17f0560c,0.0
14691083,1651395963.0,0xc56dc6263fd1bd928cc01960ce83f5cae04f0a2d,0x29d83caace6ad072f4d21f62ba74b50c17f0560c,0.0
14691088,1651396109.0,0x29d83caace6ad072f4d21f62ba74b50c17f0560c,0x49efd5986807b139048ccc00b4c09f2135b5a8a8,0.0
14691099,1651396275.0,0x29d83caace6ad072f4d21f62ba74b50c17f0560c,0x49efd5986807b139048ccc00b4c09f2135b5a8a8,0.0
14691114,1651396504.0,0x7f268357a8c2552623316e2562d90e642bb538e5,0x29d83caace6ad072f4d21f62ba74b50c17f0560c,0.39375
14691153,1651397041.0,0x29d83caace6ad072f4d21f62ba74b50c17f0560c,0x495f947276749ce646f68ac8c248420045cb7b5e,0.0
14691171,1651397259.0,0x6a0299986ff3b127414da19aa22138fe9e6a85fb,0x29d83caace6ad072f4d21f62ba74b50c17f0560c,0.0
14691173,1651397330.0,0xd985a8e6aad678c99384f13b707c400b9cc95dd4,0x29d83caace6ad072f4d21f62ba74b50c17f0560c,0.0
14691173,1651397330.0,0x7f268357a8c2552623316e2562d90e642bb538e5,0x29d83caace6ad072f4d21f62ba74b50c17f0560c,0.61975
14691176,1651397375.0,0x29d83caace6ad072f4d21f62ba74b50c17f0560c,0x1b79c7832ed9358e024f9e46e9c8b6f56633691b,0.0
14691188,1651397555.0,0xf2bbeaf2197573e64069343db174520c50730328,0x29d83caace6ad072f4d21f62ba74b50c17f0560c,0.0
14691191,1651397610.0,0x29d83caace6ad072f4d21f62ba74b50c17f0560c,0x0c2e57efddba8c768147d1fdf9176a0a6ebd5d83,0.0
14691192,1651397632.0,0x0b66353d0eec00471ecf3cb1c0a5c362abc1e104,0x29d83caace6ad072f4d21f62ba74b50c17f0560c,0.0
14691192,1651397632.0,0x0b66353d0eec00471ecf3cb1c0a5c362abc1e104,0x29d83caace6ad072f4d21f62ba74b50c17f0560c,0.0
14691200,1651397731.0,0x0b66353d0eec00471ecf3cb1c0a5c362abc1e104,0x29d83caace6ad072f4d21f62ba74b50c17f0560c,0.0
14691204,1651397801.0,0x29d83caace6ad072f4d21f62ba74b50c17f0560c,0x0c2e57efddba8c768147d1fdf9176a0a6ebd5d83,0.0
14691208,1651397818.0,0x29d83caace6ad072f4d21f62ba74b50c17f0560c,0x1b79c7832ed9358e024f9e46e9c8b6f56633691b,0.0
14691214,1651397879.0,0x7f268357a8c2552623316e2562d90e642bb538e5,0x29d83caace6ad072f4d21f62ba74b50c17f0560c,1.0065
14691239,1651398144.0,0x7f268357a8c2552623316e2562d90e642bb538e5,0x29d83caace6ad072f4d21f62ba74b50c17f0560c,0.19932
14691278,1651398578.0,0xb0d14b7beca52c686e05050994706bc3cae5f556,0x29d83caace6ad072f4d21f62ba74b50c17f0560c,0.0
14691279,1651398618.0,0xc5ee54238e88b5deed1ce065279b0edaa566dace,0x29d83caace6ad072f4d21f62ba74b50c17f0560c,0.0
14691287,1651398786.0,0x29d83caace6ad072f4d21f62ba74b50c17f0560c,0xe91852c1c7fd57e3b11a51f2904584e3d5bdd279,0.0
14691311,1651399095.0,0x29d83caace6ad072f4d21f62ba74b50c17f0560c,0xa39e3c0c3ff328905e91880f8398a5f9fcd808e4,0.0
14691311,1651399095.0,0x29d83caace6ad072f4d21f62ba74b50c17f0560c,0xa39e3c0c3ff328905e91880f8398a5f9fcd808e4,0.0
14691317,1651399148.0,0x29d83caace6ad072f4d21f62ba74b50c17f0560c,0xa39e3c0c3ff328905e91880f8398a5f9fcd808e4,0.0
14691320,1651399209.0,0x1deb595d6cd6542b90c424b2921e3b5cca7eac39,0x29d83caace6ad072f4d21f62ba74b50c17f0560c,0.0
14691355,1651399745.0,0x1deb595d6cd6542b90c424b2921e3b5cca7eac39,0x29d83caace6ad072f4d21f62ba74b50c17f0560c,0.0
14691359,1651399820.0,0x29d83caace6ad072f4d21f62ba74b50c17f0560c,0x648e8428e0104ec7d08667866a3568a72fe3898f,0.0
14691362,1651399908.0,0x29d83caace6ad072f4d21f62ba74b50c17f0560c,0x12d2d1bed91c24f878f37e66bd829ce7197e4d14,0.0
14691364,1651399916.0,0x29d83caace6ad072f4d21f62ba74b50c17f0560c,0xa3b041ee6b56bccbc54a3048417d82fe67736f62,0.0
14691370,1651399976.0,0x29d83caace6ad072f4d21f62ba74b50c17f0560c,0xa3b041ee6b56bccbc54a3048417d82fe67736f62,0.0
14691373,1651400023.0,0x29d83caace6ad072f4d21f62ba74b50c17f0560c,0x648e8428e0104ec7d08667866a3568a72fe3898f,0.0
14691380,1651400112.0,0x29d83caace6ad072f4d21f62ba74b50c17f0560c,0x12d2d1bed91c24f878f37e66bd829ce7197e4d14,0.0
14691384,1651400186.0,0x7f268357a8c2552623316e2562d90e642bb538e5,0x29d83caace6ad072f4d21f62ba74b50c17f0560c,0.2775
14691386,1651400198.0,0x29d83caace6ad072f4d21f62ba74b50c17f0560c,0xa3b041ee6b56bccbc54a3048417d82fe67736f62,0.0
14691405,1651400460.0,0x7f268357a8c2552623316e2562d90e642bb538e5,0x29d83caace6ad072f4d21f62ba74b50c17f0560c,0.2718
14691437,1651400973.0,0x03e2503c35313b1a771f0be65f9f3d274ca10593,0x29d83caace6ad072f4d21f62ba74b50c17f0560c,0.0
14691455,1651401215.0,0x29d83caace6ad072f4d21f62ba74b50c17f0560c,0xb6fb14caa60a6b576860959f12aa2d3a8089caa9,0.0
14691462,1651401291.0,0xe10b04023de40aa4f4f340fe0591cb8a4c01e373,0x29d83caace6ad072f4d21f62ba74b50c17f0560c,0.0
14691471,1651401415.0,0x29d83caace6ad072f4d21f62ba74b50c17f0560c,0xf54cc94f1f2f5de012b6aa51f1e7ebdc43ef5afc,0.0
14691533,1651402364.0,0x7f268357a8c2552623316e2562d90e642bb538e5,0x29d83caace6ad072f4d21f62ba74b50c17f0560c,3.5875
14691568,1651402801.0,0x06e2be1e872e7a162bbb846b7d8cdf5d118ea2dc,0x29d83caace6ad072f4d21f62ba74b50c17f0560c,0.0
14691568,1651402801.0,0x06e2be1e872e7a162bbb846b7d8cdf5d118ea2dc,0x29d83caace6ad072f4d21f62ba74b50c17f0560c,0.0
14691628,1651403574.0,0x42bf256dd1abb69590afc4e352a5c518c0e48215,0x29d83caace6ad072f4d21f62ba74b50c17f0560c,0.0
14691634,1651403680.0,0x7a7b366e50b473894ac4137769c776b78573c232,0x29d83caace6ad072f4d21f62ba74b50c17f0560c,0.0
14691634,1651403680.0,0x7f268357a8c2552623316e2562d90e642bb538e5,0x29d83caace6ad072f4d21f62ba74b50c17f0560c,0.2718
14691639,1651403773.0,0xf7e4d4ffa401bad6d3bd90067029f8648c80db59,0x29d83caace6ad072f4d21f62ba74b50c17f0560c,0.0
14691639,1651403773.0,0x29d83caace6ad072f4d21f62ba74b50c17f0560c,0x4287bd7cc2b4aa8650e2887055a4674759c216e2,0.0
14691641,1651403793.0,0x29d83caace6ad072f4d21f62ba74b50c17f0560c,0x4287bd7cc2b4aa8650e2887055a4674759c216e2,0.0
14691651,1651403948.0,0xe897efb3332b705f2db05bfe4e1ba866feb6cd61,0x29d83caace6ad072f4d21f62ba74b50c17f0560c,0.0
14691656,1651404039.0,0x7f268357a8c2552623316e2562d90e642bb538e5,0x29d83caace6ad072f4d21f62ba74b50c17f0560c,0.63
14691657,1651404082.0,0x7f268357a8c2552623316e2562d90e642bb538e5,0x29d83caace6ad072f4d21f62ba74b50c17f0560c,0.63
14691708,1651404758.0,0x01f5ea0ee9e16bf52773c5083f2ba29b6b9d6359,0x29d83caace6ad072f4d21f62ba74b50c17f0560c,0.0
14691720,1651404928.0,0xc4dd49d5bcc324b5d6dd796678018f72cc987df8,0x29d83caace6ad072f4d21f62ba74b50c17f0560c,0.0
14691727,1651405036.0,0x7f268357a8c2552623316e2562d90e642bb538e5,0x29d83caace6ad072f4d21f62ba74b50c17f0560c,0.17385
14691768,1651405546.0,0x7f268357a8c2552623316e2562d90e642bb538e5,0x29d83caace6ad072f4d21f62ba74b50c17f0560c,0.041625
14691880,1651407063.0,0x29d83caace6ad072f4d21f62ba74b50c17f0560c,0xeecd7a36ff5e95991f82410ec65d5636cb7dac57,0.0181390101179398
14691918,1651407540.0,0x29d83caace6ad072f4d21f62ba74b50c17f0560c,0xf68aa032a9fe1e827e0b5c03e373ecbd1d641a90,0.5440913493102735
14691940,1651407864.0,0x29d83caace6ad072f4d21f62ba74b50c17f0560c,0xe4ad403ca23e13860a4e43fee4f1c6396c80af83,2.711320304535497
14691944,1651407954.0,0x29d83caace6ad072f4d21f62ba74b50c17f0560c,0xceb98daeb5bc30902588382cb046c2024760186f,9.386281588447652
14691947,1651407989.0,0x29d83caace6ad072f4d21f62ba74b50c17f0560c,0xceb98daeb5bc30902588382cb046c2024760186f,0.3249097472924187
14691968,1651408242.0,0xfd492276f28fb633a769d3e04e57c946c0a90f75,0x29d83caace6ad072f4d21f62ba74b50c17f0560c,0.0
14692003,1651408714.0,0x27b4f2928cb77800e422f7a571bb57301b9ab839,0x29d83caace6ad072f4d21f62ba74b50c17f0560c,0.0
14692009,1651408765.0,0x29d83caace6ad072f4d21f62ba74b50c17f0560c,0x3d4264bff123e68dba7647469787bc763c6c5389,0.0
14692176,1651410882.0,0x7f268357a8c2552623316e2562d90e642bb538e5,0x29d83caace6ad072f4d21f62ba74b50c17f0560c,0.34428
14692375,1651413635.0,0x7f268357a8c2552623316e2562d90e642bb538e5,0x29d83caace6ad072f4d21f62ba74b50c17f0560c,0.111
14692379,1651413676.0,0x7f268357a8c2552623316e2562d90e642bb538e5,0x29d83caace6ad072f4d21f62ba74b50c17f0560c,0.1295
14692477,1651415055.0,0x29d83caace6ad072f4d21f62ba74b50c17f0560c,0xca9ed67a69ff50b59f3b5d54d0c858ed16f614d9,6.153467478924374
14692537,1651415844.0,0x7f268357a8c2552623316e2562d90e642bb538e5,0x29d83caace6ad072f4d21f62ba74b50c17f0560c,0.2718
14692557,1651416166.0,0x7f268357a8c2552623316e2562d90e642bb538e5,0x29d83caace6ad072f4d21f62ba74b50c17f0560c,0.245
14692599,1651416662.0,0x162043b207b05ae030a5d5371eb9bf3135bf5a1b,0x29d83caace6ad072f4d21f62ba74b50c17f0560c,0.0
14692606,1651416777.0,0x29d83caace6ad072f4d21f62ba74b50c17f0560c,0x3d4264bff123e68dba7647469787bc763c6c5389,0.0
14693049,1651422916.0,0xd4e267227868382b6a1492f29033a79bbba0fc67,0x29d83caace6ad072f4d21f62ba74b50c17f0560c,0.0
14693123,1651424019.0,0x0548cd296178434872b29a3c784af7f6157325fe,0x29d83caace6ad072f4d21f62ba74b50c17f0560c,0.0
14693152,1651424381.0,0x6a10d78c7f7c4c28b052a4bb776341b9e573b1f0,0x29d83caace6ad072f4d21f62ba74b50c17f0560c,0.0
14693169,1651424531.0,0xf0202490acce033f338438a5624f3945f58a5cc3,0x29d83caace6ad072f4d21f62ba74b50c17f0560c,0.0
14693173,1651424609.0,0xcc735529c8eeef34a837a215f768603b77ae6b80,0x29d83caace6ad072f4d21f62ba74b50c17f0560c,0.0
14693175,1651424623.0,0xf13a93e763263a459392c4039c7eb0549c66e12e,0x29d83caace6ad072f4d21f62ba74b50c17f0560c,0.0
14693175,1651424623.0,0x10d327b5987715b4bde907e83149fe8ab4ba7b73,0x29d83caace6ad072f4d21f62ba74b50c17f0560c,0.0
14693176,1651424695.0,0xd8ee70f058e284a9e10843eccfa75c84c08467ad,0x29d83caace6ad072f4d21f62ba74b50c17f0560c,0.0
14693178,1651424733.0,0x4ad07a371a3cf3900785fe0a4c6f48e38de68ccd,0x29d83caace6ad072f4d21f62ba74b50c17f0560c,0.0
14693182,1651424779.0,0xcc735529c8eeef34a837a215f768603b77ae6b80,0x29d83caace6ad072f4d21f62ba74b50c17f0560c,0.0
14693183,1651424819.0,0x10d327b5987715b4bde907e83149fe8ab4ba7b73,0x29d83caace6ad072f4d21f62ba74b50c17f0560c,0.0
14693193,1651424996.0,0x1e3918dd44f427f056be6c8e132cf1b5f42de59e,0x29d83caace6ad072f4d21f62ba74b50c17f0560c,0.0
14693194,1651425008.0,0xc8d2f3ff5d8feac92b77b792b47c11eb27369eda,0x29d83caace6ad072f4d21f62ba74b50c17f0560c,0.0
14693206,1651425188.0,0xe81abbfdff2bc78b4e131469e4c6eaf031683069,0x29d83caace6ad072f4d21f62ba74b50c17f0560c,0.0
14693206,1651425188.0,0xe81abbfdff2bc78b4e131469e4c6eaf031683069,0x29d83caace6ad072f4d21f62ba74b50c17f0560c,0.0
14693226,1651425539.0,0x29d83caace6ad072f4d21f62ba74b50c17f0560c,0xdfe071702852081a82818f404f1e745cbf6ac527,0.0
14693243,1651425687.0,0x15beba4a6370c9322aa81312408d0dc2ab3eeea7,0x29d83caace6ad072f4d21f62ba74b50c17f0560c,0.0
14693253,1651425852.0,0xa622db33d07f7436ab3f1aab4c48c5e3ff33486a,0x29d83caace6ad072f4d21f62ba74b50c17f0560c,0.0
14693260,1651425893.0,0xd84b5eb800f2d54074b745f567cd49a92114931e,0x29d83caace6ad072f4d21f62ba74b50c17f0560c,0.0
14693263,1651425938.0,0x29d83caace6ad072f4d21f62ba74b50c17f0560c,0xe0176ba60efddb29cac5b15338c9962daee9de0c,0.0
14693267,1651426001.0,0x29d83caace6ad072f4d21f62ba74b50c17f0560c,0x86ba9ec85eebe10a9b01af64e89f9d76d25cea18,0.0
14693267,1651426001.0,0x29d83caace6ad072f4d21f62ba74b50c17f0560c,0x4302480690843a8c8e7fc41c0d405ce58769c15f,0.0
14693268,1651426007.0,0xa622db33d07f7436ab3f1aab4c48c5e3ff33486a,0x29d83caace6ad072f4d21f62ba74b50c17f0560c,0.0
14693272,1651426077.0,0xecdec8bfe9ae54ae05b0c693689719cc0bc5effc,0x29d83caace6ad072f4d21f62ba74b50c17f0560c,0.0
14693279,1651426191.0,0x29d83caace6ad072f4d21f62ba74b50c17f0560c,0x7f268357a8c2552623316e2562d90e642bb538e5,0.0
14693281,1651426253.0,0x7f268357a8c2552623316e2562d90e642bb538e5,0x29d83caace6ad072f4d21f62ba74b50c17f0560c,1.935
14693281,1651426253.0,0x29d83caace6ad072f4d21f62ba74b50c17f0560c,0x4302480690843a8c8e7fc41c0d405ce58769c15f,0.0
14693299,1651426491.0,0x29d83caace6ad072f4d21f62ba74b50c17f0560c,0x7f268357a8c2552623316e2562d90e642bb538e5,0.0
14693308,1651426583.0,0x7ea612d0cadd28a6303cd83da2f189de5c525512,0x29d83caace6ad072f4d21f62ba74b50c17f0560c,0.0
14693317,1651426714.0,0x0859236c2c78cf5300ed1e674e05632e2e6381a8,0x29d83caace6ad072f4d21f62ba74b50c17f0560c,0.0
14693326,1651426838.0,0x29d83caace6ad072f4d21f62ba74b50c17f0560c,0x3035bb5fdd9597903776da28e41614e1b2ca39bc,0.0
14693329,1651426857.0,0x29d83caace6ad072f4d21f62ba74b50c17f0560c,0x85f740958906b317de6ed79663012859067e745b,0.0
14693337,1651426937.0,0xb979264e72de95c1089be2046c3abbed6b4d2c75,0x29d83caace6ad072f4d21f62ba74b50c17f0560c,0.0
14693337,1651426937.0,0xebdbdcece0ab2817c2ededa55feaf979c90128e7,0x29d83caace6ad072f4d21f62ba74b50c17f0560c,0.0
14693347,1651427067.0,0x7f268357a8c2552623316e2562d90e642bb538e5,0x29d83caace6ad072f4d21f62ba74b50c17f0560c,0.32375
14693351,1651427123.0,0x29d83caace6ad072f4d21f62ba74b50c17f0560c,0x9142b1eebd10690b400487300599eebf746236d3,0.0
14693353,1651427135.0,0x29d83caace6ad072f4d21f62ba74b50c17f0560c,0x9142b1eebd10690b400487300599eebf746236d3,0.0
14693356,1651427218.0,0x29d83caace6ad072f4d21f62ba74b50c17f0560c,0x7f268357a8c2552623316e2562d90e642bb538e5,0.0
14693357,1651427222.0,0x7f268357a8c2552623316e2562d90e642bb538e5,0x29d83caace6ad072f4d21f62ba74b50c17f0560c,0.14875
14693380,1651427405.0,0x7f2193f1c47d38f8c49a4643027dd2085d9b353c,0x29d83caace6ad072f4d21f62ba74b50c17f0560c,0.0
14693400,1651427644.0,0x3f3baef428a9f0bad733cd978be3552083fbc709,0x29d83caace6ad072f4d21f62ba74b50c17f0560c,0.0
14693407,1651427781.0,0x3f3baef428a9f0bad733cd978be3552083fbc709,0x29d83caace6ad072f4d21f62ba74b50c17f0560c,0.0
14693414,1651427882.0,0x6cc82c9390652c401d2c6af8cc01601ca4d4790c,0x29d83caace6ad072f4d21f62ba74b50c17f0560c,0.0
14693427,1651428031.0,0x29d83caace6ad072f4d21f62ba74b50c17f0560c,0x18487d2cac946c7fe800855c4039aac210f68baa,0.0
14693447,1651428294.0,0xeebe3b1f6466813e07237d436a240a067c625a6d,0x29d83caace6ad072f4d21f62ba74b50c17f0560c,0.0
14693447,1651428294.0,0xeebe3b1f6466813e07237d436a240a067c625a6d,0x29d83caace6ad072f4d21f62ba74b50c17f0560c,0.0
14693456,1651428392.0,0x3f3baef428a9f0bad733cd978be3552083fbc709,0x29d83caace6ad072f4d21f62ba74b50c17f0560c,0.0
14693469,1651428541.0,0xeebe3b1f6466813e07237d436a240a067c625a6d,0x29d83caace6ad072f4d21f62ba74b50c17f0560c,0.0
14693475,1651428632.0,0xeebe3b1f6466813e07237d436a240a067c625a6d,0x29d83caace6ad072f4d21f62ba74b50c17f0560c,0.0
14693500,1651428944.0,0x3030a69b585122e04d8dd63afb519910a94c84fb,0x29d83caace6ad072f4d21f62ba74b50c17f0560c,0.0
14693506,1651429014.0,0xeebe3b1f6466813e07237d436a240a067c625a6d,0x29d83caace6ad072f4d21f62ba74b50c17f0560c,0.0
14693506,1651429014.0,0x09c14ed58c94219aa4f7a496cd312b7e7b011bc1,0x29d83caace6ad072f4d21f62ba74b50c17f0560c,0.0
14693521,1651429188.0,0xeebe3b1f6466813e07237d436a240a067c625a6d,0x29d83caace6ad072f4d21f62ba74b50c17f0560c,0.0
14693576,1651430150.0,0x29d83caace6ad072f4d21f62ba74b50c17f0560c,0x3035bb5fdd9597903776da28e41614e1b2ca39bc,0.0
14693579,1651430184.0,0x29d83caace6ad072f4d21f62ba74b50c17f0560c,0x85f740958906b317de6ed79663012859067e745b,0.0
14693585,1651430226.0,0x29d83caace6ad072f4d21f62ba74b50c17f0560c,0x18487d2cac946c7fe800855c4039aac210f68baa,0.0
14693601,1651430454.0,0x7f268357a8c2552623316e2562d90e642bb538e5,0x29d83caace6ad072f4d21f62ba74b50c17f0560c,0.06615
14693601,1651430454.0,0x29d83caace6ad072f4d21f62ba74b50c17f0560c,0x18487d2cac946c7fe800855c4039aac210f68baa,0.0
14693621,1651430777.0,0x8bd1e80cf7ab925e40e943f9dbe24a8940eb2017,0x29d83caace6ad072f4d21f62ba74b50c17f0560c,0.0
14693637,1651430991.0,0x7f268357a8c2552623316e2562d90e642bb538e5,0x29d83caace6ad072f4d21f62ba74b50c17f0560c,0.10175
14693769,1651432786.0,0xfc0da90eabd0a954b17990080788c5ea0b8b2d77,0x29d83caace6ad072f4d21f62ba74b50c17f0560c,0.0
14693772,1651432826.0,0x68866f412d3b25c3fcf5bad0cfc46c2e545feaf3,0x29d83caace6ad072f4d21f62ba74b50c17f0560c,0.0
14693803,1651433110.0,0x29d83caace6ad072f4d21f62ba74b50c17f0560c,0x177ef8787ceb5d4596b6f011df08c86eb84380dc,0.0
14693805,1651433162.0,0x29d83caace6ad072f4d21f62ba74b50c17f0560c,0xb6fb14caa60a6b576860959f12aa2d3a8089caa9,0.0
14693809,1651433199.0,0x29d83caace6ad072f4d21f62ba74b50c17f0560c,0x3eacf2d8ce91b35c048c6ac6ec36341aae002fb9,0.0
14693809,1651433199.0,0x29d83caace6ad072f4d21f62ba74b50c17f0560c,0x3eacf2d8ce91b35c048c6ac6ec36341aae002fb9,0.0
14693809,1651433199.0,0x29d83caace6ad072f4d21f62ba74b50c17f0560c,0x3eacf2d8ce91b35c048c6ac6ec36341aae002fb9,0.0
14693820,1651433345.0,0x29d83caace6ad072f4d21f62ba74b50c17f0560c,0x177ef8787ceb5d4596b6f011df08c86eb84380dc,0.0
14693846,1651433670.0,0x7f268357a8c2552623316e2562d90e642bb538e5,0x29d83caace6ad072f4d21f62ba74b50c17f0560c,0.49225
14693854,1651433776.0,0x29d83caace6ad072f4d21f62ba74b50c17f0560c,0x3eacf2d8ce91b35c048c6ac6ec36341aae002fb9,0.0
14693855,1651433789.0,0x29d83caace6ad072f4d21f62ba74b50c17f0560c,0x3eacf2d8ce91b35c048c6ac6ec36341aae002fb9,0.0
14693861,1651433860.0,0x28e9ab640dc70e32300622969c6fd20cc6f10065,0x29d83caace6ad072f4d21f62ba74b50c17f0560c,0.0
14693886,1651434284.0,0x7f268357a8c2552623316e2562d90e642bb538e5,0x29d83caace6ad072f4d21f62ba74b50c17f0560c,0.13725
14693915,1651434778.0,0xc4dd49d5bcc324b5d6dd796678018f72cc987df8,0x29d83caace6ad072f4d21f62ba74b50c17f0560c,0.0
14693952,1651435326.0,0x2b951c1f276bfed425926c22c77525ad50325aa0,0x29d83caace6ad072f4d21f62ba74b50c17f0560c,0.0
14694237,1651439267.0,0x50bedded96fc61fa056f99adaaa703ae19d51fea,0x29d83caace6ad072f4d21f62ba74b50c17f0560c,0.0
14694245,1651439370.0,0x29d83caace6ad072f4d21f62ba74b50c17f0560c,0xfa7e3f898c80e31a3aedeae8b0c713a3f9666264,0.0
14694246,1651439393.0,0x29d83caace6ad072f4d21f62ba74b50c17f0560c,0x0c9153d9abb5e0489c89b38837f248816f151f42,0.0
14694275,1651439740.0,0x29d83caace6ad072f4d21f62ba74b50c17f0560c,0x0ee1448f200e6e65e9bad7a335e3ffb674c0f68c,0.0
14694275,1651439740.0,0x29d83caace6ad072f4d21f62ba74b50c17f0560c,0x0ee1448f200e6e65e9bad7a335e3ffb674c0f68c,0.0
14694816,1651446920.0,0x29d83caace6ad072f4d21f62ba74b50c17f0560c,0xfa7e3f898c80e31a3aedeae8b0c713a3f9666264,0.0
14694821,1651447101.0,0x7f268357a8c2552623316e2562d90e642bb538e5,0x29d83caace6ad072f4d21f62ba74b50c17f0560c,0.2405
14694830,1651447171.0,0x29d83caace6ad072f4d21f62ba74b50c17f0560c,0x7f268357a8c2552623316e2562d90e642bb538e5,0.0
14694831,1651447182.0,0x29d83caace6ad072f4d21f62ba74b50c17f0560c,0x7f268357a8c2552623316e2562d90e642bb538e5,0.0
14694837,1651447237.0,0x29d83caace6ad072f4d21f62ba74b50c17f0560c,0x0c9153d9abb5e0489c89b38837f248816f151f42,0.0
14694890,1651447890.0,0x7ea612d0cadd28a6303cd83da2f189de5c525512,0x29d83caace6ad072f4d21f62ba74b50c17f0560c,0.0
14694893,1651447934.0,0xb0a662bfbc054e01012f30e9090fddf5ea2b7750,0x29d83caace6ad072f4d21f62ba74b50c17f0560c,0.0
14694895,1651447948.0,0x7f268357a8c2552623316e2562d90e642bb538e5,0x29d83caace6ad072f4d21f62ba74b50c17f0560c,0.13125
14695192,1651451908.0,0x7f268357a8c2552623316e2562d90e642bb538e5,0x29d83caace6ad072f4d21f62ba74b50c17f0560c,0.23125
14695361,1651453911.0,0x871cc24ea2cf86c9c5703ea42176373049a6893e,0x29d83caace6ad072f4d21f62ba74b50c17f0560c,0.0
14695380,1651454132.0,0x29d83caace6ad072f4d21f62ba74b50c17f0560c,0xa5c0bd78d1667c13bfb403e2a3336871396713c5,0.0
14695400,1651454412.0,0x871cc24ea2cf86c9c5703ea42176373049a6893e,0x29d83caace6ad072f4d21f62ba74b50c17f0560c,0.0
14695462,1651455115.0,0x29d83caace6ad072f4d21f62ba74b50c17f0560c,0xa5c0bd78d1667c13bfb403e2a3336871396713c5,0.0
14695478,1651455438.0,0x7f268357a8c2552623316e2562d90e642bb538e5,0x29d83caace6ad072f4d21f62ba74b50c17f0560c,0.18
14695479,1651455485.0,0x7f268357a8c2552623316e2562d90e642bb538e5,0x29d83caace6ad072f4d21f62ba74b50c17f0560c,0.80872
14695619,1651457491.0,0x29d83caace6ad072f4d21f62ba74b50c17f0560c,0xc02aaa39b223fe8d0a0e5c4f27ead9083c756cc2,0.0
14695619,1651457491.0,0xc02aaa39b223fe8d0a0e5c4f27ead9083c756cc2,0x29d83caace6ad072f4d21f62ba74b50c17f0560c,1.323224
14696448,1651469069.0,0x41a197b667ccab41fcbcea26945f3234c91f0dc1,0x29d83caace6ad072f4d21f62ba74b50c17f0560c,0.0
14696453,1651469164.0,0x41a197b667ccab41fcbcea26945f3234c91f0dc1,0x29d83caace6ad072f4d21f62ba74b50c17f0560c,0.0
14696669,1651472009.0,0x7f268357a8c2552623316e2562d90e642bb538e5,0x29d83caace6ad072f4d21f62ba74b50c17f0560c,0.0333
14696691,1651472220.0,0x0b9ba5f5c36a5a392b814b2b3de71fa3698a9eb4,0x29d83caace6ad072f4d21f62ba74b50c17f0560c,0.0
14696713,1651472487.0,0x0b9ba5f5c36a5a392b814b2b3de71fa3698a9eb4,0x29d83caace6ad072f4d21f62ba74b50c17f0560c,0.0
14696828,1651474132.0,0xac8179128bd034dd16a127d60ace2a207cbebb39,0x29d83caace6ad072f4d21f62ba74b50c17f0560c,0.0
14697147,1651478486.0,0x29d83caace6ad072f4d21f62ba74b50c17f0560c,0x792496a3f678187e59e1d1d5e075799cd1e124c2,0.0
14697159,1651478703.0,0x29d83caace6ad072f4d21f62ba74b50c17f0560c,0x93317e87a3a47821803caadc54ae418af80603da,0.0
14697193,1651479121.0,0x29d83caace6ad072f4d21f62ba74b50c17f0560c,0x329e019979f91cc410b0dfb7235154d17cd500e8,0.0
14697195,1651479149.0,0x29d83caace6ad072f4d21f62ba74b50c17f0560c,0x792496a3f678187e59e1d1d5e075799cd1e124c2,0.0
14697208,1651479260.0,0x29d83caace6ad072f4d21f62ba74b50c17f0560c,0x329e019979f91cc410b0dfb7235154d17cd500e8,0.0
14697264,1651480117.0,0x7f268357a8c2552623316e2562d90e642bb538e5,0x29d83caace6ad072f4d21f62ba74b50c17f0560c,0.1281
14697588,1651484594.0,0x29d83caace6ad072f4d21f62ba74b50c17f0560c,0x561636cd583876c594a403908cd056546d8dd9df,0.0
14697589,1651484600.0,0x29d83caace6ad072f4d21f62ba74b50c17f0560c,0x017ba9ac7916ebd646e7c11dd220c05c5b790224,0.0
14697596,1651484698.0,0x29d83caace6ad072f4d21f62ba74b50c17f0560c,0x0f5ac1716d088b52869a3cfe28f10ddfcc565e94,0.0
14697601,1651484802.0,0x29d83caace6ad072f4d21f62ba74b50c17f0560c,0x7c87b6ff9c2ec3466c6fac9b89bb58a4bf12a5bb,0.0
14697601,1651484802.0,0x29d83caace6ad072f4d21f62ba74b50c17f0560c,0x7c87b6ff9c2ec3466c6fac9b89bb58a4bf12a5bb,0.0
14697674,1651485753.0,0x29d83caace6ad072f4d21f62ba74b50c17f0560c,0x561636cd583876c594a403908cd056546d8dd9df,0.0
14697683,1651485890.0,0x29d83caace6ad072f4d21f62ba74b50c17f0560c,0x7c87b6ff9c2ec3466c6fac9b89bb58a4bf12a5bb,0.0
14697688,1651486008.0,0x29d83caace6ad072f4d21f62ba74b50c17f0560c,0x0f5ac1716d088b52869a3cfe28f10ddfcc565e94,0.0
14697692,1651486089.0,0x29d83caace6ad072f4d21f62ba74b50c17f0560c,0x017ba9ac7916ebd646e7c11dd220c05c5b790224,0.0
14697767,1651487104.0,0x7f268357a8c2552623316e2562d90e642bb538e5,0x29d83caace6ad072f4d21f62ba74b50c17f0560c,0.042525
14698169,1651493056.0,0x7f268357a8c2552623316e2562d90e642bb538e5,0x29d83caace6ad072f4d21f62ba74b50c17f0560c,0.03885
14698519,1651498152.0,0x7f268357a8c2552623316e2562d90e642bb538e5,0x29d83caace6ad072f4d21f62ba74b50c17f0560c,0.0315
14698555,1651498554.0,0x8bc2fcabd8bb54413e01b15ee9980c7814dd3010,0x29d83caace6ad072f4d21f62ba74b50c17f0560c,0.0
14699105,1651505091.0,0x29d83caace6ad072f4d21f62ba74b50c17f0560c,0x7f268357a8c2552623316e2562d90e642bb538e5,0.0
14699267,1651507159.0,0x33c92a7d555f0a1854fc0a7df8a9a754564061b2,0x29d83caace6ad072f4d21f62ba74b50c17f0560c,0.0
14699426,1651509305.0,0xa2c967b2590f73b5d9f641a84513e1bab92ba301,0x29d83caace6ad072f4d21f62ba74b50c17f0560c,0.0
14699432,1651509415.0,0xa2c967b2590f73b5d9f641a84513e1bab92ba301,0x29d83caace6ad072f4d21f62ba74b50c17f0560c,0.0
14699643,1651512517.0,0xb156882c61fa18fa50897ef977637fd69c86cf72,0x29d83caace6ad072f4d21f62ba74b50c17f0560c,0.0
14699822,1651515045.0,0x7f268357a8c2552623316e2562d90e642bb538e5,0x29d83caace6ad072f4d21f62ba74b50c17f0560c,0.04625
14699854,1651515540.0,0x29d83caace6ad072f4d21f62ba74b50c17f0560c,0xe4ad403ca23e13860a4e43fee4f1c6396c80af83,1.2566061580882353
14699882,1651515926.0,0x29d83caace6ad072f4d21f62ba74b50c17f0560c,0xca9ed67a69ff50b59f3b5d54d0c858ed16f614d9,2.845
14699889,1651516016.0,0x5f1037cbeabc6fe3a8ffaade6ebfd63e60d970a8,0x29d83caace6ad072f4d21f62ba74b50c17f0560c,0.0
14699910,1651516396.0,0x4e10abb6e879103ffa0b48d04ccab4b46396a6ab,0x29d83caace6ad072f4d21f62ba74b50c17f0560c,0.0
14700349,1651522544.0,0x7f268357a8c2552623316e2562d90e642bb538e5,0x29d83caace6ad072f4d21f62ba74b50c17f0560c,0.04625
14700558,1651525522.0,0x8eff6a1864894db816fd46b6c3cff7a16126e943,0x29d83caace6ad072f4d21f62ba74b50c17f0560c,0.0
14700601,1651526148.0,0x29d83caace6ad072f4d21f62ba74b50c17f0560c,0x9a38dec0590abc8c883d72e52391090e948ddf12,0.0
14700657,1651526853.0,0x29d83caace6ad072f4d21f62ba74b50c17f0560c,0x9a38dec0590abc8c883d72e52391090e948ddf12,0.0
14700672,1651527024.0,0x29d83caace6ad072f4d21f62ba74b50c17f0560c,0xceb98daeb5bc30902588382cb046c2024760186f,2.8739157101550865
14700677,1651527115.0,0x7f268357a8c2552623316e2562d90e642bb538e5,0x29d83caace6ad072f4d21f62ba74b50c17f0560c,0.555
14701188,1651533883.0,0x6cad2e24bfef0bc2751c82736affb3863b992bea,0x29d83caace6ad072f4d21f62ba74b50c17f0560c,0.0
14701232,1651534285.0,0xfa238c73c6f273ae98a54573dcd6f68a57a1a021,0x29d83caace6ad072f4d21f62ba74b50c17f0560c,0.0
14701433,1651536780.0,0x7f268357a8c2552623316e2562d90e642bb538e5,0x29d83caace6ad072f4d21f62ba74b50c17f0560c,0.095
14701497,1651537935.0,0x7f268357a8c2552623316e2562d90e642bb538e5,0x29d83caace6ad072f4d21f62ba74b50c17f0560c,0.095
14701893,1651543110.0,0x29d83caace6ad072f4d21f62ba74b50c17f0560c,0xceb98daeb5bc30902588382cb046c2024760186f,0.3515867267651588
14701982,1651544271.0,0xa2c967b2590f73b5d9f641a84513e1bab92ba301,0x29d83caace6ad072f4d21f62ba74b50c17f0560c,0.0
14701987,1651544342.0,0x29d83caace6ad072f4d21f62ba74b50c17f0560c,0x28472a58a490c5e09a238847f66a68a47cc76f0f,0.0
14701998,1651544523.0,0x29d83caace6ad072f4d21f62ba74b50c17f0560c,0x8d4100897447d173289560bc85c5c432be4f44e4,0.0
14701998,1651544523.0,0x29d83caace6ad072f4d21f62ba74b50c17f0560c,0x792496a3f678187e59e1d1d5e075799cd1e124c2,0.0
14701998,1651544523.0,0x29d83caace6ad072f4d21f62ba74b50c17f0560c,0x792496a3f678187e59e1d1d5e075799cd1e124c2,0.0
14701998,1651544523.0,0x29d83caace6ad072f4d21f62ba74b50c17f0560c,0xf90733ab2f368ffe41bfba80443e04fc33321f67,0.0
14702001,1651544550.0,0x29d83caace6ad072f4d21f62ba74b50c17f0560c,0x28472a58a490c5e09a238847f66a68a47cc76f0f,0.0
14702004,1651544574.0,0x29d83caace6ad072f4d21f62ba74b50c17f0560c,0x7f268357a8c2552623316e2562d90e642bb538e5,0.0
14702014,1651544754.0,0x29d83caace6ad072f4d21f62ba74b50c17f0560c,0xf90733ab2f368ffe41bfba80443e04fc33321f67,0.0
14702014,1651544754.0,0x29d83caace6ad072f4d21f62ba74b50c17f0560c,0x7f268357a8c2552623316e2562d90e642bb538e5,0.0
14702014,1651544754.0,0x29d83caace6ad072f4d21f62ba74b50c17f0560c,0x7f268357a8c2552623316e2562d90e642bb538e5,0.0
14702014,1651544754.0,0x29d83caace6ad072f4d21f62ba74b50c17f0560c,0x8d4100897447d173289560bc85c5c432be4f44e4,0.0
14702018,1651544802.0,0x29d83caace6ad072f4d21f62ba74b50c17f0560c,0x7f268357a8c2552623316e2562d90e642bb538e5,0.0
14702018,1651544802.0,0x29d83caace6ad072f4d21f62ba74b50c17f0560c,0x7f268357a8c2552623316e2562d90e642bb538e5,0.0
14702161,1651546905.0,0x3ab4f12aaa985ba70c6272fd5f4ace468f30986a,0x29d83caace6ad072f4d21f62ba74b50c17f0560c,0.0
14702169,1651547041.0,0x3ab4f12aaa985ba70c6272fd5f4ace468f30986a,0x29d83caace6ad072f4d21f62ba74b50c17f0560c,0.0
14702453,1651551131.0,0x29d83caace6ad072f4d21f62ba74b50c17f0560c,0xc02aaa39b223fe8d0a0e5c4f27ead9083c756cc2,0.0
14702453,1651551131.0,0xc02aaa39b223fe8d0a0e5c4f27ead9083c756cc2,0x29d83caace6ad072f4d21f62ba74b50c17f0560c,2.150363
14702474,1651551430.0,0x29d83caace6ad072f4d21f62ba74b50c17f0560c,0xb9b385cc7882b7cc3a1b057eaf4457ac1e2c721e,1.0533522936746194
14702515,1651552006.0,0x29d83caace6ad072f4d21f62ba74b50c17f0560c,0xb9b385cc7882b7cc3a1b057eaf4457ac1e2c721e,0.0562538454777182
14704765,1651582580.0,0x29d83caace6ad072f4d21f62ba74b50c17f0560c,0xf710b4fdae5b40cbfa62597253ee0dd7bffc1305,0.3697313285679073
14704824,1651583379.0,0xb32df228c314d4b9f00aa4ddb6c65f22ff6c2d2e,0x29d83caace6ad072f4d21f62ba74b50c17f0560c,0.0
14704829,1651583484.0,0xb32df228c314d4b9f00aa4ddb6c65f22ff6c2d2e,0x29d83caace6ad072f4d21f62ba74b50c17f0560c,0.0
14705524,1651592652.0,0x87ea36b6868d5d4495ced282e89184a96e13e80c,0x29d83caace6ad072f4d21f62ba74b50c17f0560c,0.0
14707299,1651616932.0,0x29d83caace6ad072f4d21f62ba74b50c17f0560c,0x7f268357a8c2552623316e2562d90e642bb538e5,0.0
14708531,1651634188.0,0x29d83caace6ad072f4d21f62ba74b50c17f0560c,0xceb98daeb5bc30902588382cb046c2024760186f,0.9457304245112772
14710325,1651659332.0,0x13b2a71ab18ef3f5d59ee402acd704d65b1ce32f,0x29d83caace6ad072f4d21f62ba74b50c17f0560c,0.0
14710406,1651660263.0,0xceb98daeb5bc30902588382cb046c2024760186f,0x29d83caace6ad072f4d21f62ba74b50c17f0560c,0.0350368237017104
14710442,1651660647.0,0x13b2a71ab18ef3f5d59ee402acd704d65b1ce32f,0x29d83caace6ad072f4d21f62ba74b50c17f0560c,0.0
14710446,1651660699.0,0x29d83caace6ad072f4d21f62ba74b50c17f0560c,0x34d85c9cdeb23fa97cb08333b511ac86e1c4e258,0.0
14710446,1651660699.0,0x29d83caace6ad072f4d21f62ba74b50c17f0560c,0x34d85c9cdeb23fa97cb08333b511ac86e1c4e258,0.0
14710453,1651660780.0,0x29d83caace6ad072f4d21f62ba74b50c17f0560c,0x34d85c9cdeb23fa97cb08333b511ac86e1c4e258,0.0
14710458,1651660867.0,0x7f268357a8c2552623316e2562d90e642bb538e5,0x29d83caace6ad072f4d21f62ba74b50c17f0560c,3.3485
14710462,1651660898.0,0x7f268357a8c2552623316e2562d90e642bb538e5,0x29d83caace6ad072f4d21f62ba74b50c17f0560c,3.35775
14710486,1651661243.0,0x29d83caace6ad072f4d21f62ba74b50c17f0560c,0xceb98daeb5bc30902588382cb046c2024760186f,6.732846469903896
14710768,1651664954.0,0x4a7a3261d0e5351cb1baf5eb343560f198ada931,0x29d83caace6ad072f4d21f62ba74b50c17f0560c,0.0
14710772,1651665043.0,0x4a7a3261d0e5351cb1baf5eb343560f198ada931,0x29d83caace6ad072f4d21f62ba74b50c17f0560c,0.0
14710782,1651665137.0,0x4a7a3261d0e5351cb1baf5eb343560f198ada931,0x29d83caace6ad072f4d21f62ba74b50c17f0560c,0.0
14710785,1651665232.0,0xceb98daeb5bc30902588382cb046c2024760186f,0x29d83caace6ad072f4d21f62ba74b50c17f0560c,0.0209055591366004
14710787,1651665261.0,0x29d83caace6ad072f4d21f62ba74b50c17f0560c,0x1b79c7832ed9358e024f9e46e9c8b6f56633691b,0.0
14710854,1651666144.0,0x7f268357a8c2552623316e2562d90e642bb538e5,0x29d83caace6ad072f4d21f62ba74b50c17f0560c,0.17214
14711077,1651669079.0,0x29d83caace6ad072f4d21f62ba74b50c17f0560c,0xceb98daeb5bc30902588382cb046c2024760186f,0.1747799520403811
14711134,1651669884.0,0x154588c25fe4b0f67964c3e84d69442b23ebd354,0x29d83caace6ad072f4d21f62ba74b50c17f0560c,0.0
14711137,1651669913.0,0x154588c25fe4b0f67964c3e84d69442b23ebd354,0x29d83caace6ad072f4d21f62ba74b50c17f0560c,0.0
14711957,1651681181.0,0xa6f929dfdfafee5e5625817b360ee777f44f6cd3,0x29d83caace6ad072f4d21f62ba74b50c17f0560c,0.0
14715846,1651734306.0,0x13b2a71ab18ef3f5d59ee402acd704d65b1ce32f,0x29d83caace6ad072f4d21f62ba74b50c17f0560c,0.0
14716011,1651736613.0,0x7aea08b33ca548a4910edc7c42d3d10ef20c1374,0x29d83caace6ad072f4d21f62ba74b50c17f0560c,0.0
14716512,1651743452.0,0x9f09f6e76f2a6ba48a46c1f770e33c5079053a00,0x29d83caace6ad072f4d21f62ba74b50c17f0560c,0.0
14717465,1651756722.0,0x0409cf2db6d8038ad33a2e59ffea9f58ba313072,0x29d83caace6ad072f4d21f62ba74b50c17f0560c,0.0
14717469,1651756845.0,0x0409cf2db6d8038ad33a2e59ffea9f58ba313072,0x29d83caace6ad072f4d21f62ba74b50c17f0560c,0.0
14717646,1651759438.0,0xb864fdabd25049fc0ad81b8b2bfda6a119913cd5,0x29d83caace6ad072f4d21f62ba74b50c17f0560c,0.0
14722100,1651820443.0,0x29d83caace6ad072f4d21f62ba74b50c17f0560c,0xd00b34bab001fd78b93cdc0527a64af95a4792ba,0.0
14722100,1651820443.0,0x29d83caace6ad072f4d21f62ba74b50c17f0560c,0xd00b34bab001fd78b93cdc0527a64af95a4792ba,0.0
14722109,1651820506.0,0x29d83caace6ad072f4d21f62ba74b50c17f0560c,0xf0cf077f60af433e5c8b2fb3d30065b554b0aa4e,0.0
14722142,1651820950.0,0x29d83caace6ad072f4d21f62ba74b50c17f0560c,0xd00b34bab001fd78b93cdc0527a64af95a4792ba,0.0
14722148,1651821064.0,0x29d83caace6ad072f4d21f62ba74b50c17f0560c,0xf0cf077f60af433e5c8b2fb3d30065b554b0aa4e,0.0
14722148,1651821064.0,0x7f268357a8c2552623316e2562d90e642bb538e5,0x29d83caace6ad072f4d21f62ba74b50c17f0560c,0.08145
14722149,1651821068.0,0x7f268357a8c2552623316e2562d90e642bb538e5,0x29d83caace6ad072f4d21f62ba74b50c17f0560c,0.08145
14723316,1651836952.0,0x7f268357a8c2552623316e2562d90e642bb538e5,0x29d83caace6ad072f4d21f62ba74b50c17f0560c,0.0732
14727114,1651889158.0,0x8ff576656be31963fa3d1e2d7ead683a77e54fad,0x29d83caace6ad072f4d21f62ba74b50c17f0560c,0.0
14727125,1651889351.0,0x8ff576656be31963fa3d1e2d7ead683a77e54fad,0x29d83caace6ad072f4d21f62ba74b50c17f0560c,0.0
14727353,1651892454.0,0x29d83caace6ad072f4d21f62ba74b50c17f0560c,0xceb98daeb5bc30902588382cb046c2024760186f,0.2237662090647691
14728221,1651905179.0,0x4d96049a7f09c68c40ec929b2648d584eb176595,0x29d83caace6ad072f4d21f62ba74b50c17f0560c,0.0
14728244,1651905536.0,0x4d96049a7f09c68c40ec929b2648d584eb176595,0x29d83caace6ad072f4d21f62ba74b50c17f0560c,0.0
14732200,1651959329.0,0x5fb6ac73cc457aa12b8c5cfca91af439147bc286,0x29d83caace6ad072f4d21f62ba74b50c17f0560c,0.0
14737834,1652036584.0,0xceb98daeb5bc30902588382cb046c2024760186f,0x29d83caace6ad072f4d21f62ba74b50c17f0560c,0.0
14741538,1652087025.0,0x26231cb2cf262365731e6f797f4a1f5b10e2eaee,0x29d83caace6ad072f4d21f62ba74b50c17f0560c,0.0
14741553,1652087218.0,0x26231cb2cf262365731e6f797f4a1f5b10e2eaee,0x29d83caace6ad072f4d21f62ba74b50c17f0560c,0.0
14750196,1652208472.0,0x08a4c5800f29404165c03c40aa03fbb799ea0866,0x29d83caace6ad072f4d21f62ba74b50c17f0560c,0.0
14750211,1652208670.0,0x08a4c5800f29404165c03c40aa03fbb799ea0866,0x29d83caace6ad072f4d21f62ba74b50c17f0560c,0.0
14750225,1652208788.0,0x08a4c5800f29404165c03c40aa03fbb799ea0866,0x29d83caace6ad072f4d21f62ba74b50c17f0560c,0.0
14750316,1652209996.0,0x29d83caace6ad072f4d21f62ba74b50c17f0560c,0xf54cc94f1f2f5de012b6aa51f1e7ebdc43ef5afc,0.0
14750320,1652210052.0,0xd869f5f8133f002e4ebdf7df41bb901afc126fa8,0x29d83caace6ad072f4d21f62ba74b50c17f0560c,0.0295890503605637
14750329,1652210134.0,0x29d83caace6ad072f4d21f62ba74b50c17f0560c,0x57a204aa1042f6e66dd7730813f4024114d74f37,0.0
14750336,1652210203.0,0x29d83caace6ad072f4d21f62ba74b50c17f0560c,0xdd67892e722be69909d7c285db572852d5f8897c,0.0
14750339,1652210226.0,0x29d83caace6ad072f4d21f62ba74b50c17f0560c,0x838804a3dd7c717396a68f94e736eaf76b911632,0.0
14750344,1652210263.0,0x29d83caace6ad072f4d21f62ba74b50c17f0560c,0x1b79c7832ed9358e024f9e46e9c8b6f56633691b,0.0
14750347,1652210305.0,0x29d83caace6ad072f4d21f62ba74b50c17f0560c,0x95784f7b5c8849b0104eaf5d13d6341d8cc40750,0.0
14750347,1652210305.0,0x29d83caace6ad072f4d21f62ba74b50c17f0560c,0x95784f7b5c8849b0104eaf5d13d6341d8cc40750,0.0
14751464,1652225836.0,0x29d83caace6ad072f4d21f62ba74b50c17f0560c,0x1b79c7832ed9358e024f9e46e9c8b6f56633691b,0.0
14751491,1652226159.0,0x29d83caace6ad072f4d21f62ba74b50c17f0560c,0x95784f7b5c8849b0104eaf5d13d6341d8cc40750,0.0
14751491,1652226159.0,0x29d83caace6ad072f4d21f62ba74b50c17f0560c,0x95784f7b5c8849b0104eaf5d13d6341d8cc40750,0.0
14751507,1652226490.0,0x29d83caace6ad072f4d21f62ba74b50c17f0560c,0x838804a3dd7c717396a68f94e736eaf76b911632,0.0
14751515,1652226593.0,0x29d83caace6ad072f4d21f62ba74b50c17f0560c,0xdd67892e722be69909d7c285db572852d5f8897c,0.0
14751537,1652226888.0,0xc02aaa39b223fe8d0a0e5c4f27ead9083c756cc2,0x29d83caace6ad072f4d21f62ba74b50c17f0560c,0.027
14751537,1652226888.0,0x29d83caace6ad072f4d21f62ba74b50c17f0560c,0xc02aaa39b223fe8d0a0e5c4f27ead9083c756cc2,0.0
14751604,1652227825.0,0x29d83caace6ad072f4d21f62ba74b50c17f0560c,0x3d9947aee1cd1e68f6912d9292effff384d44fea,0.0008542846647359
14751734,1652229582.0,0x29d83caace6ad072f4d21f62ba74b50c17f0560c,0x57a204aa1042f6e66dd7730813f4024114d74f37,0.0
14751770,1652229990.0,0x29d83caace6ad072f4d21f62ba74b50c17f0560c,0xf54cc94f1f2f5de012b6aa51f1e7ebdc43ef5afc,0.0
14751908,1652231862.0,0x29d83caace6ad072f4d21f62ba74b50c17f0560c,0xf213b51b1630c929e3fd468724d1ba1a5af99606,0.0139365305499477
14762022,1652371577.0,0x598460935f6713263e6ef5e7e3dc1ac64f560e58,0x29d83caace6ad072f4d21f62ba74b50c17f0560c,0.0
14763259,1652388601.0,0xbefeb68071e46adc3fbea0b402f57b17df848a54,0x29d83caace6ad072f4d21f62ba74b50c17f0560c,0.0
14763289,1652389017.0,0xbefeb68071e46adc3fbea0b402f57b17df848a54,0x29d83caace6ad072f4d21f62ba74b50c17f0560c,0.0
14763296,1652389104.0,0x3309329c9536baef8dffc413e759b775e0ba93dc,0x29d83caace6ad072f4d21f62ba74b50c17f0560c,0.0
14769820,1652477788.0,0xbefeb68071e46adc3fbea0b402f57b17df848a54,0x29d83caace6ad072f4d21f62ba74b50c17f0560c,0.0
14923775,1654647871.0,0xceb98daeb5bc30902588382cb046c2024760186f,0x29d83caace6ad072f4d21f62ba74b50c17f0560c,0.0109913058770512
16245294,1671772943.0,0x29d83caace6ad072f4d21f62ba74b50c17f0560c,0x8922c8d75f32d60b3156c87c72ae1efb547db913,0.0107627281005682
