BlockHeight,TimeStamp,From,To,Value
14723356,1651837550.0,0x9184f901398e5b403e848ba40de872738f25a6c3,0x2bc8baa2232e8cf4a86afe22376b6fdf5eb6d19c,0.0
14723362,1651837604.0,0x9184f901398e5b403e848ba40de872738f25a6c3,0x2bc8baa2232e8cf4a86afe22376b6fdf5eb6d19c,0.0
14723380,1651837880.0,0x9184f901398e5b403e848ba40de872738f25a6c3,0x2bc8baa2232e8cf4a86afe22376b6fdf5eb6d19c,0.0
14723420,1651838455.0,0x9184f901398e5b403e848ba40de872738f25a6c3,0x2bc8baa2232e8cf4a86afe22376b6fdf5eb6d19c,0.0
14723458,1651839086.0,0x9184f901398e5b403e848ba40de872738f25a6c3,0x2bc8baa2232e8cf4a86afe22376b6fdf5eb6d19c,0.0
14723504,1651839712.0,0x9184f901398e5b403e848ba40de872738f25a6c3,0x2bc8baa2232e8cf4a86afe22376b6fdf5eb6d19c,0.0
14723542,1651840297.0,0x9184f901398e5b403e848ba40de872738f25a6c3,0x2bc8baa2232e8cf4a86afe22376b6fdf5eb6d19c,0.0
14723631,1651841412.0,0x9184f901398e5b403e848ba40de872738f25a6c3,0x2bc8baa2232e8cf4a86afe22376b6fdf5eb6d19c,0.0
14723708,1651842441.0,0x0491d77b90929c72706e03d83ba5b7af83939683,0x2bc8baa2232e8cf4a86afe22376b6fdf5eb6d19c,0.0
14723725,1651842617.0,0x9184f901398e5b403e848ba40de872738f25a6c3,0x2bc8baa2232e8cf4a86afe22376b6fdf5eb6d19c,0.0
14723739,1651842877.0,0xbc2ed5395694548103ca8fd31ea599911669a5c5,0x2bc8baa2232e8cf4a86afe22376b6fdf5eb6d19c,0.0
14723763,1651843182.0,0x9184f901398e5b403e848ba40de872738f25a6c3,0x2bc8baa2232e8cf4a86afe22376b6fdf5eb6d19c,0.0
14723763,1651843182.0,0x2bc8baa2232e8cf4a86afe22376b6fdf5eb6d19c,0x9184f901398e5b403e848ba40de872738f25a6c3,140.0
14723763,1651843182.0,0xc02aaa39b223fe8d0a0e5c4f27ead9083c756cc2,0x2bc8baa2232e8cf4a86afe22376b6fdf5eb6d19c,140.0
14723806,1651843834.0,0x9184f901398e5b403e848ba40de872738f25a6c3,0x2bc8baa2232e8cf4a86afe22376b6fdf5eb6d19c,0.0
14723876,1651844751.0,0x0491d77b90929c72706e03d83ba5b7af83939683,0x2bc8baa2232e8cf4a86afe22376b6fdf5eb6d19c,0.0
14724211,1651849311.0,0xcaa7e8b7c556125c185d521922c0cce5233a7b65,0x2bc8baa2232e8cf4a86afe22376b6fdf5eb6d19c,0.0
14725752,1651870532.0,0x9184f901398e5b403e848ba40de872738f25a6c3,0x2bc8baa2232e8cf4a86afe22376b6fdf5eb6d19c,0.0
14725752,1651870532.0,0xc02aaa39b223fe8d0a0e5c4f27ead9083c756cc2,0x2bc8baa2232e8cf4a86afe22376b6fdf5eb6d19c,329.0
14725752,1651870532.0,0x2bc8baa2232e8cf4a86afe22376b6fdf5eb6d19c,0x9184f901398e5b403e848ba40de872738f25a6c3,329.0
14726379,1651878742.0,0xcaa7e8b7c556125c185d521922c0cce5233a7b65,0x2bc8baa2232e8cf4a86afe22376b6fdf5eb6d19c,0.0
14735201,1652001383.0,0x9184f901398e5b403e848ba40de872738f25a6c3,0x2bc8baa2232e8cf4a86afe22376b6fdf5eb6d19c,0.0
14735201,1652001383.0,0xc02aaa39b223fe8d0a0e5c4f27ead9083c756cc2,0x2bc8baa2232e8cf4a86afe22376b6fdf5eb6d19c,89.99999999999999
14735201,1652001383.0,0x2bc8baa2232e8cf4a86afe22376b6fdf5eb6d19c,0x9184f901398e5b403e848ba40de872738f25a6c3,89.99999999999999
14751877,1652231397.0,0x9184f901398e5b403e848ba40de872738f25a6c3,0x2bc8baa2232e8cf4a86afe22376b6fdf5eb6d19c,0.0
14751877,1652231397.0,0xc02aaa39b223fe8d0a0e5c4f27ead9083c756cc2,0x2bc8baa2232e8cf4a86afe22376b6fdf5eb6d19c,10.914039978900025
14751877,1652231397.0,0x2bc8baa2232e8cf4a86afe22376b6fdf5eb6d19c,0x9184f901398e5b403e848ba40de872738f25a6c3,10.914039978900025
