BlockHeight,TimeStamp,From,To,Value
14547322,1649450439.0,0x78a14d2d15735b6fe22ca85406e13fc8865c2c28,0x2cba1c69ee13d6b42f010dec79b2a0faface15ea,0.003
14547324,1649450452.0,0x78a14d2d15735b6fe22ca85406e13fc8865c2c28,0x2cba1c69ee13d6b42f010dec79b2a0faface15ea,0.003
14548017,1649460153.0,0xca8a7efc165a9f31fc46ea7f3a85902bfb478cbd,0x2cba1c69ee13d6b42f010dec79b2a0faface15ea,0.003
14548042,1649460548.0,0xa18317952480ea98c48b559d5b5ae28580dc4897,0x2cba1c69ee13d6b42f010dec79b2a0faface15ea,0.003
14548042,1649460548.0,0xa18317952480ea98c48b559d5b5ae28580dc4897,0x2cba1c69ee13d6b42f010dec79b2a0faface15ea,0.003
14548042,1649460548.0,0xa18317952480ea98c48b559d5b5ae28580dc4897,0x2cba1c69ee13d6b42f010dec79b2a0faface15ea,0.003
14548042,1649460548.0,0xa18317952480ea98c48b559d5b5ae28580dc4897,0x2cba1c69ee13d6b42f010dec79b2a0faface15ea,0.003
14548190,1649462448.0,0x5b1137b7c22e911dbb699d3bfb763e3c08ab823f,0x2cba1c69ee13d6b42f010dec79b2a0faface15ea,0.003
14548192,1649462507.0,0x5b1137b7c22e911dbb699d3bfb763e3c08ab823f,0x2cba1c69ee13d6b42f010dec79b2a0faface15ea,0.003
14548600,1649468306.0,0x2cba1c69ee13d6b42f010dec79b2a0faface15ea,0xa32ffab7fb9cffafdb4e717e54f13af29d78c6a9,0.025784593995453
14550160,1649488979.0,0xec57894719cb6f09841f5f071f535f27d28f7130,0x2cba1c69ee13d6b42f010dec79b2a0faface15ea,0.003
14550161,1649489012.0,0xec57894719cb6f09841f5f071f535f27d28f7130,0x2cba1c69ee13d6b42f010dec79b2a0faface15ea,0.003
14550162,1649489017.0,0xec57894719cb6f09841f5f071f535f27d28f7130,0x2cba1c69ee13d6b42f010dec79b2a0faface15ea,0.003
14550162,1649489017.0,0xec57894719cb6f09841f5f071f535f27d28f7130,0x2cba1c69ee13d6b42f010dec79b2a0faface15ea,0.003
14552391,1649518994.0,0x2cba1c69ee13d6b42f010dec79b2a0faface15ea,0xa32ffab7fb9cffafdb4e717e54f13af29d78c6a9,0.011286495060027
