BlockHeight,TimeStamp,From,To,Value
14610858,1650307725.0,0x9267cd347ebb97c0d8770018a752fb0431095332,0x2ccdbfc13ada8567eb716901408394ddcae742db,0.1
14610868,1650307815.0,0x9267cd347ebb97c0d8770018a752fb0431095332,0x2ccdbfc13ada8567eb716901408394ddcae742db,0.1
14610886,1650308222.0,0x23bb78a580f4ec3e9de07489e4226c9c0c13491e,0x2ccdbfc13ada8567eb716901408394ddcae742db,0.1
14610891,1650308326.0,0x23bb78a580f4ec3e9de07489e4226c9c0c13491e,0x2ccdbfc13ada8567eb716901408394ddcae742db,0.1
14610891,1650308326.0,0x23bb78a580f4ec3e9de07489e4226c9c0c13491e,0x2ccdbfc13ada8567eb716901408394ddcae742db,0.1
14610892,1650308337.0,0x82cb2305388c853ecfe9ea83a1604acf58466659,0x2ccdbfc13ada8567eb716901408394ddcae742db,0.2
14610892,1650308337.0,0x82cb2305388c853ecfe9ea83a1604acf58466659,0x2ccdbfc13ada8567eb716901408394ddcae742db,0.2
14611501,1650316358.0,0x28866a5dad9c9516d2df057dd090a54db5556c58,0x2ccdbfc13ada8567eb716901408394ddcae742db,0.1
14611558,1650317004.0,0x75bc4bdc7835a17ee26cae40dc7eb47b6905168a,0x2ccdbfc13ada8567eb716901408394ddcae742db,0.1
14611558,1650317004.0,0x75bc4bdc7835a17ee26cae40dc7eb47b6905168a,0x2ccdbfc13ada8567eb716901408394ddcae742db,0.1
14611559,1650317047.0,0x75bc4bdc7835a17ee26cae40dc7eb47b6905168a,0x2ccdbfc13ada8567eb716901408394ddcae742db,0.1
14611855,1650321662.0,0xa6ddbcb234f1bc1b5d6a020b887e2a65cdd60255,0x2ccdbfc13ada8567eb716901408394ddcae742db,0.1
14615559,1650372115.0,0x2ccdbfc13ada8567eb716901408394ddcae742db,0x80bc15d43bb74abb5b2156fc8d4ec50f4954be4e,1.399
14616463,1650383591.0,0x8a6e2cb0472859bec405f8c5f1606941f3f85b2e,0x2ccdbfc13ada8567eb716901408394ddcae742db,0.5
14619964,1650431811.0,0x2ccdbfc13ada8567eb716901408394ddcae742db,0xe866dbdd630de7fd51bd185cf5b86a7fed0905b5,0.4992
14642864,1650740926.0,0x8a6e2cb0472859bec405f8c5f1606941f3f85b2e,0x2ccdbfc13ada8567eb716901408394ddcae742db,0.5
14645653,1650778612.0,0x2ccdbfc13ada8567eb716901408394ddcae742db,0xf01454c754ee47979faa42c392b78627d3116b44,0.499838416740854
