BlockHeight,TimeStamp,From,To,Value
14729883,1651927231.0,0x21a31ee1afc51d94c2efccaa2092ad1028285549,0x2cb2ad4044bb6d3d004dedec7477f4ad7efc06b5,1.62957125
14729946,1651928111.0,0xbbd0d4d067d5af2065b1b6fd936d93237ae1c56c,0x2cb2ad4044bb6d3d004dedec7477f4ad7efc06b5,0.1425325620100656
14730193,1651931726.0,0x267be1c1d684f78cb4f6a176c4911b741e4ffdc0,0x2cb2ad4044bb6d3d004dedec7477f4ad7efc06b5,0.0165
14730263,1651932634.0,0x23a59c04289f4378dc2f040e4fb8aa689ccf2f4a,0x2cb2ad4044bb6d3d004dedec7477f4ad7efc06b5,0.1
14730550,1651936959.0,0x3cd751e6b0078be393132286c442345e5dc49699,0x2cb2ad4044bb6d3d004dedec7477f4ad7efc06b5,0.00635441
14735974,1652011451.0,0x2cb2ad4044bb6d3d004dedec7477f4ad7efc06b5,0x2453c70ca524938bd3c3508998b429735a93f659,1.8940780709963936
