BlockHeight,TimeStamp,From,To,Value
13923979,1641099114.0,0xa2208bfe6f28a1e78e568dc15d947604774b4d33,0x2e16bd350cb5db830fb50328ab4df62fd4c16ae8,0.3
13923979,1641099114.0,0xa2208bfe6f28a1e78e568dc15d947604774b4d33,0x2e16bd350cb5db830fb50328ab4df62fd4c16ae8,0.3
13923979,1641099114.0,0xa2208bfe6f28a1e78e568dc15d947604774b4d33,0x2e16bd350cb5db830fb50328ab4df62fd4c16ae8,0.3
13923979,1641099114.0,0xa2208bfe6f28a1e78e568dc15d947604774b4d33,0x2e16bd350cb5db830fb50328ab4df62fd4c16ae8,0.3
13938739,1641295788.0,0xe7c847d202feff39810b9f47c1b30c87c40f88ff,0x2e16bd350cb5db830fb50328ab4df62fd4c16ae8,0.3
13940558,1641320840.0,0x8c04012f5e058e4380205e5f4fc448c29059fbb0,0x2e16bd350cb5db830fb50328ab4df62fd4c16ae8,0.3
13948367,1641424457.0,0x2e16bd350cb5db830fb50328ab4df62fd4c16ae8,0xdd16bbd004e53496c74d6ec97e08b5024ab86ae0,1.796765965932372
13959852,1641579485.0,0x86ee315331cb035056388f9e72305d1a2a685d32,0x2e16bd350cb5db830fb50328ab4df62fd4c16ae8,0.3
13964136,1641636183.0,0x2e16bd350cb5db830fb50328ab4df62fd4c16ae8,0xdd16bbd004e53496c74d6ec97e08b5024ab86ae0,0.298900102550643
13972837,1641751038.0,0xc45dd24718cba29237e308753bfd5f731ba0114c,0x2e16bd350cb5db830fb50328ab4df62fd4c16ae8,0.8999999999999999
13972877,1641751640.0,0x2e16bd350cb5db830fb50328ab4df62fd4c16ae8,0xe3103f2fa648a6c03eec349f0f0be08da1a05338,0.12011139
13973347,1641758088.0,0x2e16bd350cb5db830fb50328ab4df62fd4c16ae8,0x9ce586cf54fdf7b6be3ac753f830cdaf97883da5,0.07
13976808,1641804728.0,0x2e16bd350cb5db830fb50328ab4df62fd4c16ae8,0xdd16bbd004e53496c74d6ec97e08b5024ab86ae0,0.6998822716154749
13984745,1641910882.0,0x0ce140020d798658a00d31d236841f936b375b7b,0x2e16bd350cb5db830fb50328ab4df62fd4c16ae8,0.01
13984846,1641912300.0,0x0ce140020d798658a00d31d236841f936b375b7b,0x2e16bd350cb5db830fb50328ab4df62fd4c16ae8,0.005293676790218
13985506,1641921039.0,0xf58420423c8a83b2c7cc3fe9df3420e9a9d39063,0x2e16bd350cb5db830fb50328ab4df62fd4c16ae8,0.3
13991436,1642000278.0,0x4a3fbd1c02ceb9b8aebadefda53ad74666345487,0x2e16bd350cb5db830fb50328ab4df62fd4c16ae8,0.3
13992200,1642010390.0,0x7b7d4a43d8f07860f32373292e9fab118243609b,0x2e16bd350cb5db830fb50328ab4df62fd4c16ae8,0.3
13992256,1642011097.0,0xa2d7220cdb167da60ea08c2a325e76cef6623140,0x2e16bd350cb5db830fb50328ab4df62fd4c16ae8,0.3
13992660,1642015934.0,0x8bb9ddc0a047a358321407b460b1307ea2e981e3,0x2e16bd350cb5db830fb50328ab4df62fd4c16ae8,0.3
13992792,1642018011.0,0xf453fee7b72fa709134a38fadb6260c0e5163e6e,0x2e16bd350cb5db830fb50328ab4df62fd4c16ae8,0.3
13993243,1642023958.0,0x2e16bd350cb5db830fb50328ab4df62fd4c16ae8,0x0c54d943f0e9bd3e446b7db008640151c4d9bcc8,0.01772288
13993452,1642026866.0,0xc56983e412ab402b35088d82d69c76e203604f3c,0x2e16bd350cb5db830fb50328ab4df62fd4c16ae8,0.3
13993680,1642030024.0,0x414f23011a501bda26458106f1f3af34c420857e,0x2e16bd350cb5db830fb50328ab4df62fd4c16ae8,0.3
13994475,1642040543.0,0x2978fbb298c6aa4be414dccebf122d829ff2fe01,0x2e16bd350cb5db830fb50328ab4df62fd4c16ae8,0.6
13994489,1642040686.0,0xffccade9c34364e2578e1642e3b604948dfcc59c,0x2e16bd350cb5db830fb50328ab4df62fd4c16ae8,0.3
13996624,1642069593.0,0x46cdbef74c35e4b56081327230b65cf2bfc5349b,0x2e16bd350cb5db830fb50328ab4df62fd4c16ae8,0.3
13997843,1642085619.0,0x3c1cc4abc51750eba459e08a19d75c3ee19821bd,0x2e16bd350cb5db830fb50328ab4df62fd4c16ae8,0.3
13997857,1642085835.0,0x3c1cc4abc51750eba459e08a19d75c3ee19821bd,0x2e16bd350cb5db830fb50328ab4df62fd4c16ae8,0.3
13998019,1642088031.0,0x0b29d668a2e0c8af43c650611df1543e20f4fb1f,0x2e16bd350cb5db830fb50328ab4df62fd4c16ae8,0.3
13999018,1642101904.0,0x162c93324b7afaa64a3c399fa903f838062ad6d1,0x2e16bd350cb5db830fb50328ab4df62fd4c16ae8,0.8999999999999999
13999638,1642110070.0,0x2e16bd350cb5db830fb50328ab4df62fd4c16ae8,0xdd16bbd004e53496c74d6ec97e08b5024ab86ae0,0.6421939792785409
14000219,1642117701.0,0xb4ac74e8af49c4546dc05ff11596cd5486492b2a,0x2e16bd350cb5db830fb50328ab4df62fd4c16ae8,0.3
14001054,1642129083.0,0x51673f82ee8bba5d8dadfcba65a65b986cc95fa0,0x2e16bd350cb5db830fb50328ab4df62fd4c16ae8,0.3
14003479,1642161176.0,0x75d228e8d133ac1f1edaedf493815b45c12b95bc,0x2e16bd350cb5db830fb50328ab4df62fd4c16ae8,0.8999999999999999
14003507,1642161610.0,0x75d228e8d133ac1f1edaedf493815b45c12b95bc,0x2e16bd350cb5db830fb50328ab4df62fd4c16ae8,0.3
14004720,1642177940.0,0xf45fa4980e2c3bd3dfc9a5d4bf4109bebd901666,0x2e16bd350cb5db830fb50328ab4df62fd4c16ae8,0.3
14005059,1642182385.0,0x2e16bd350cb5db830fb50328ab4df62fd4c16ae8,0xdd16bbd004e53496c74d6ec97e08b5024ab86ae0,0.12
14005534,1642189190.0,0xba5ff4baa984be6d496878d4d7fa2d364e2d147f,0x2e16bd350cb5db830fb50328ab4df62fd4c16ae8,0.3
14005582,1642189700.0,0x7c19d1796b509f0d59619048337613a485e9b4e8,0x2e16bd350cb5db830fb50328ab4df62fd4c16ae8,0.8999999999999999
14005727,1642191359.0,0xe44db85c45208008ce7636a7e6fff7e683fa89c5,0x2e16bd350cb5db830fb50328ab4df62fd4c16ae8,0.3
14005893,1642193594.0,0x636d4fd9877e2f9564d97682ae8d2497c854ff32,0x2e16bd350cb5db830fb50328ab4df62fd4c16ae8,0.3
14005903,1642193756.0,0x636d4fd9877e2f9564d97682ae8d2497c854ff32,0x2e16bd350cb5db830fb50328ab4df62fd4c16ae8,0.3
14006473,1642201244.0,0xc47b573eaae8bfb72df926cfef288ff7e5dfcf12,0x2e16bd350cb5db830fb50328ab4df62fd4c16ae8,0.3
14007790,1642219301.0,0x867bafa0431199a7f6caf5bb359de3e99a073634,0x2e16bd350cb5db830fb50328ab4df62fd4c16ae8,0.3
14012430,1642281135.0,0x04b897d53df48cc8bf0d87a694e5a40dcec79ab1,0x2e16bd350cb5db830fb50328ab4df62fd4c16ae8,0.3
14012600,1642283282.0,0xf65913d5489c032c7739bf78169e6f126f7ce33a,0x2e16bd350cb5db830fb50328ab4df62fd4c16ae8,0.3
14013086,1642289771.0,0x96d7cbd75af5fe1ca8f8c866ee11446fafcea9a4,0x2e16bd350cb5db830fb50328ab4df62fd4c16ae8,0.3
14018104,1642356612.0,0x2e16bd350cb5db830fb50328ab4df62fd4c16ae8,0xdd16bbd004e53496c74d6ec97e08b5024ab86ae0,10.31788025049798
14018772,1642365555.0,0x20c76ce1242882a4a5b24fe9dc1bdebdac4d06f7,0x2e16bd350cb5db830fb50328ab4df62fd4c16ae8,0.3
14018862,1642366658.0,0x312c1e24da67d7a4d9f7e9c14a33daa8741a4bcb,0x2e16bd350cb5db830fb50328ab4df62fd4c16ae8,0.3
14020431,1642387733.0,0xf58420423c8a83b2c7cc3fe9df3420e9a9d39063,0x2e16bd350cb5db830fb50328ab4df62fd4c16ae8,0.3
14021914,1642407932.0,0x13ecfa10ff7d89e592d1ba654a5cdc821bbfbc08,0x2e16bd350cb5db830fb50328ab4df62fd4c16ae8,0.3
14021950,1642408399.0,0x609264a3679f3611b53b5d4051b2d0b7a473b421,0x2e16bd350cb5db830fb50328ab4df62fd4c16ae8,0.3
14022521,1642415761.0,0xbcfd4ba419cb475d11d0fbea129c4ea53979b23f,0x2e16bd350cb5db830fb50328ab4df62fd4c16ae8,0.3
14022521,1642415761.0,0xbcfd4ba419cb475d11d0fbea129c4ea53979b23f,0x2e16bd350cb5db830fb50328ab4df62fd4c16ae8,0.3
14022521,1642415761.0,0xbcfd4ba419cb475d11d0fbea129c4ea53979b23f,0x2e16bd350cb5db830fb50328ab4df62fd4c16ae8,0.3
14022521,1642415761.0,0xbcfd4ba419cb475d11d0fbea129c4ea53979b23f,0x2e16bd350cb5db830fb50328ab4df62fd4c16ae8,0.3
14022521,1642415761.0,0xbcfd4ba419cb475d11d0fbea129c4ea53979b23f,0x2e16bd350cb5db830fb50328ab4df62fd4c16ae8,0.3
14022578,1642416498.0,0xbcfd4ba419cb475d11d0fbea129c4ea53979b23f,0x2e16bd350cb5db830fb50328ab4df62fd4c16ae8,0.3
14023024,1642422415.0,0x007f3a1db49dc107b8dd83027dddd0fb52b1b127,0x2e16bd350cb5db830fb50328ab4df62fd4c16ae8,0.3
14023287,1642425784.0,0x2e16bd350cb5db830fb50328ab4df62fd4c16ae8,0xdd16bbd004e53496c74d6ec97e08b5024ab86ae0,3.598174190683956
14024583,1642443018.0,0x39bc9272811b6de9ab93b1785c7f61bce3275df4,0x2e16bd350cb5db830fb50328ab4df62fd4c16ae8,0.087
14027420,1642480440.0,0x534c51d2326d411a057ba94493eb3b546fec4d03,0x2e16bd350cb5db830fb50328ab4df62fd4c16ae8,0.3
14031896,1642540200.0,0x2e16bd350cb5db830fb50328ab4df62fd4c16ae8,0xdd16bbd004e53496c74d6ec97e08b5024ab86ae0,0.384703509556032
14036888,1642607806.0,0x08aa0d6ececd535b031906584ecf6c2a250c71f2,0x2e16bd350cb5db830fb50328ab4df62fd4c16ae8,0.2
14037114,1642610888.0,0xed4d2d6b86d0f34c5b9294bc9f08ed12a77ff9e3,0x2e16bd350cb5db830fb50328ab4df62fd4c16ae8,0.2
14037117,1642610949.0,0xed4d2d6b86d0f34c5b9294bc9f08ed12a77ff9e3,0x2e16bd350cb5db830fb50328ab4df62fd4c16ae8,0.2
14037870,1642620803.0,0x97909eae064fbbfa72fe67bef252e6d57c216384,0x2e16bd350cb5db830fb50328ab4df62fd4c16ae8,0.2
14045194,1642717804.0,0xcce85f4c5ae01fc32cae7af253d1938f294b600d,0x2e16bd350cb5db830fb50328ab4df62fd4c16ae8,0.2
14049560,1642776562.0,0xb8914b8da04a31cb7a9c79d65cf229d6cf995937,0x2e16bd350cb5db830fb50328ab4df62fd4c16ae8,0.066
14049571,1642776660.0,0x5f2ad23d828d32346f80672b07bddcd75aa46bc1,0x2e16bd350cb5db830fb50328ab4df62fd4c16ae8,0.066
14049898,1642781309.0,0x1e1cbe76bc143d85c935fb1dd15a30b00d7d56ef,0x2e16bd350cb5db830fb50328ab4df62fd4c16ae8,0.066
14049942,1642782052.0,0x097bbba681a46fbca4c2da3aab14f9bb6f6ef03c,0x2e16bd350cb5db830fb50328ab4df62fd4c16ae8,0.066
14050059,1642783401.0,0x62ffa4312e90cff058cd316b3128f064b86a894c,0x2e16bd350cb5db830fb50328ab4df62fd4c16ae8,0.132
14050289,1642786825.0,0xc1b030008c1ff35b3393ae013ddabc91fa66a28e,0x2e16bd350cb5db830fb50328ab4df62fd4c16ae8,0.198
14050711,1642792258.0,0x2e16bd350cb5db830fb50328ab4df62fd4c16ae8,0x8bff51f4f20d4c3a7af495d32a0998c870e90722,0.05415378
14050934,1642794926.0,0xb90c1596da9650fdce8ea1c9c429ed39ed333523,0x2e16bd350cb5db830fb50328ab4df62fd4c16ae8,0.11
14054355,1642840629.0,0x1eb21ca2eb97e66f15f12dcbbb2496b16aec45db,0x2e16bd350cb5db830fb50328ab4df62fd4c16ae8,0.066
14057315,1642880053.0,0x4d4f104b91538570d699c75edbb9a7728d873175,0x2e16bd350cb5db830fb50328ab4df62fd4c16ae8,0.22
14057505,1642882615.0,0xda8c3c38e89b919f27e750d5bd5f3ca39def288f,0x2e16bd350cb5db830fb50328ab4df62fd4c16ae8,0.11
14058249,1642892378.0,0x025975e5e7dd9c54fab1633dd719f3b805cf5212,0x2e16bd350cb5db830fb50328ab4df62fd4c16ae8,0.11
14058249,1642892378.0,0x025975e5e7dd9c54fab1633dd719f3b805cf5212,0x2e16bd350cb5db830fb50328ab4df62fd4c16ae8,0.22
14058271,1642892663.0,0x025975e5e7dd9c54fab1633dd719f3b805cf5212,0x2e16bd350cb5db830fb50328ab4df62fd4c16ae8,0.22
14058271,1642892663.0,0x025975e5e7dd9c54fab1633dd719f3b805cf5212,0x2e16bd350cb5db830fb50328ab4df62fd4c16ae8,0.11
14060702,1642925298.0,0x5af5b2622c1213198411dcb34e8ffef51db3a857,0x2e16bd350cb5db830fb50328ab4df62fd4c16ae8,0.11
14063824,1642966698.0,0xdb1c29157d8d363f345fd30bc4ac35a298aaef6b,0x2e16bd350cb5db830fb50328ab4df62fd4c16ae8,0.11
14071949,1643075677.0,0x77aeea17e3e367a0966a8b8be8ec912797f4a929,0x2e16bd350cb5db830fb50328ab4df62fd4c16ae8,0.22
14073996,1643103378.0,0xe8bbd7f9611045d64ca8c37119eef1ea6f2de28d,0x2e16bd350cb5db830fb50328ab4df62fd4c16ae8,0.11
14074794,1643114270.0,0xede47f3305aa5e566ee7c63a0d437211e3e3cead,0x2e16bd350cb5db830fb50328ab4df62fd4c16ae8,0.33
14077130,1643145644.0,0x3739983bb327672916dbc6efeb267754f0ff6578,0x2e16bd350cb5db830fb50328ab4df62fd4c16ae8,0.11
14079762,1643180131.0,0x5b356288c8ffea44549706af0c350e019f7decc6,0x2e16bd350cb5db830fb50328ab4df62fd4c16ae8,0.11
14081681,1643205844.0,0x198be88461a82a3ef7581f50370b47f2d30e2bce,0x2e16bd350cb5db830fb50328ab4df62fd4c16ae8,0.11
14088060,1643291752.0,0x1b9a2f901a5bd0f62fa0d406497001ecd68085d9,0x2e16bd350cb5db830fb50328ab4df62fd4c16ae8,0.22
14089807,1643314514.0,0x2e16bd350cb5db830fb50328ab4df62fd4c16ae8,0xdd16bbd004e53496c74d6ec97e08b5024ab86ae0,4.124881897233344
14090201,1643319716.0,0xdb79b925512d1ef290d1bde3a129963296cf1283,0x2e16bd350cb5db830fb50328ab4df62fd4c16ae8,0.25
14090357,1643321933.0,0x94400daac20d4e975fe4b9adec49ef36d08edbc2,0x2e16bd350cb5db830fb50328ab4df62fd4c16ae8,0.11
14099785,1643447125.0,0x1dcfb5a68517cc94c1ec9c5159dbefa3bcacc6a2,0x2e16bd350cb5db830fb50328ab4df62fd4c16ae8,0.25
14099854,1643448376.0,0x1dcfb5a68517cc94c1ec9c5159dbefa3bcacc6a2,0x2e16bd350cb5db830fb50328ab4df62fd4c16ae8,0.25
14103630,1643499039.0,0xf7624ff4a09fc90cffeece10810a3cb7ef5f2fbd,0x2e16bd350cb5db830fb50328ab4df62fd4c16ae8,0.11
14103633,1643499101.0,0xf7624ff4a09fc90cffeece10810a3cb7ef5f2fbd,0x2e16bd350cb5db830fb50328ab4df62fd4c16ae8,0.22
14103675,1643499678.0,0x4c62c1e5271d3e7ecd8161c3f64c169f3aee50c2,0x2e16bd350cb5db830fb50328ab4df62fd4c16ae8,0.15
14104996,1643516856.0,0x4c577bec1eeec2d5b02e7e50f2df8228fa272951,0x2e16bd350cb5db830fb50328ab4df62fd4c16ae8,0.15
14105005,1643517033.0,0x4c577bec1eeec2d5b02e7e50f2df8228fa272951,0x2e16bd350cb5db830fb50328ab4df62fd4c16ae8,0.15
14106287,1643534219.0,0xf50ef16dcc7bd7154e00202c80ab05f8b9599e73,0x2e16bd350cb5db830fb50328ab4df62fd4c16ae8,0.15
14107081,1643545258.0,0x73272a91673cb74d866e89a04002cbcc4836e39f,0x2e16bd350cb5db830fb50328ab4df62fd4c16ae8,0.11
14107608,1643552182.0,0x1db849ca7c28ba383e6ad36d4c6a03e031d28342,0x2e16bd350cb5db830fb50328ab4df62fd4c16ae8,0.25
14108125,1643558971.0,0xa22e78ed3626f1d371451a78db81fb5a3f040776,0x2e16bd350cb5db830fb50328ab4df62fd4c16ae8,0.3
14108351,1643561525.0,0xfcd3f96ee3367947fbff1db074ed73d87a4d7ab9,0x2e16bd350cb5db830fb50328ab4df62fd4c16ae8,0.75
14108397,1643562065.0,0x5fce03e5adaf556dc64a0e261b898f0ce416e93e,0x2e16bd350cb5db830fb50328ab4df62fd4c16ae8,0.3
14108579,1643564238.0,0x5982dfa6d69709977669c88bdf4a24b3730a0c96,0x2e16bd350cb5db830fb50328ab4df62fd4c16ae8,0.3
14108580,1643564248.0,0x5982dfa6d69709977669c88bdf4a24b3730a0c96,0x2e16bd350cb5db830fb50328ab4df62fd4c16ae8,0.3
14109562,1643577458.0,0x561b785af560384a3a6d0ced4c21c0f403266810,0x2e16bd350cb5db830fb50328ab4df62fd4c16ae8,0.25
14109563,1643577461.0,0x561b785af560384a3a6d0ced4c21c0f403266810,0x2e16bd350cb5db830fb50328ab4df62fd4c16ae8,0.25
14110112,1643584788.0,0xd6ece09b310ba7949333a26ba165a1d6cc0f15b8,0x2e16bd350cb5db830fb50328ab4df62fd4c16ae8,0.25
14110877,1643594951.0,0x17e298939404729bc55b902861375e61f2b0f91f,0x2e16bd350cb5db830fb50328ab4df62fd4c16ae8,0.22
14113177,1643625960.0,0xa22e78ed3626f1d371451a78db81fb5a3f040776,0x2e16bd350cb5db830fb50328ab4df62fd4c16ae8,0.3
14115574,1643657752.0,0xff52191fb0ff515ee083223b7dd71bb9d4a3c5d1,0x2e16bd350cb5db830fb50328ab4df62fd4c16ae8,0.11
14118201,1643692326.0,0xce964abfca585659290243409e5f1ad4f1208cf2,0x2e16bd350cb5db830fb50328ab4df62fd4c16ae8,0.25
14118525,1643696475.0,0x5512162a74a871a5cd76bbe30c4dd6f003143cc7,0x2e16bd350cb5db830fb50328ab4df62fd4c16ae8,0.25
14118628,1643697860.0,0x683b91a45c3d6fa3b2b7f8995ceebb54a9ba652a,0x2e16bd350cb5db830fb50328ab4df62fd4c16ae8,0.25
14119095,1643704356.0,0x6f4f265bf8078895231d8a96cedab649b476ad02,0x2e16bd350cb5db830fb50328ab4df62fd4c16ae8,0.25
14122821,1643754249.0,0xd3f5f7bfae1979e1f30526850f5c58d3c346fa98,0x2e16bd350cb5db830fb50328ab4df62fd4c16ae8,0.25
14123254,1643759896.0,0x3dc95ef6fc6548b5dec1a74eeb56e6c4e277a5d6,0x2e16bd350cb5db830fb50328ab4df62fd4c16ae8,0.15
14125482,1643789602.0,0x80d53999a2a6fb313e0380f3a07077ea3e9e8b54,0x2e16bd350cb5db830fb50328ab4df62fd4c16ae8,0.25
14128080,1643824368.0,0xa233f24ded6378e77566608ac0854c5111171806,0x2e16bd350cb5db830fb50328ab4df62fd4c16ae8,0.11
14129065,1643837600.0,0x091a2cf84f32fbdaacafd1b57af66a79ef5b77a1,0x2e16bd350cb5db830fb50328ab4df62fd4c16ae8,0.2
14130968,1643863662.0,0x008450cc774f5a43900bc85b05e64de00e82a694,0x2e16bd350cb5db830fb50328ab4df62fd4c16ae8,0.2
14148343,1644095919.0,0x1d31cf02971fa035c7fd97d134c7563ed700d4b4,0x2e16bd350cb5db830fb50328ab4df62fd4c16ae8,0.2
14148369,1644096288.0,0x369ffb0b317728474539ad21f869c338cb9b8c80,0x2e16bd350cb5db830fb50328ab4df62fd4c16ae8,0.2
14148904,1644103189.0,0x0eed45bb67d30785c9c3fa7db9faa376d17f480f,0x2e16bd350cb5db830fb50328ab4df62fd4c16ae8,0.2
14149409,1644110136.0,0x33c0e57ac4ea9f786edf96a8493eef5b5dbc5de0,0x2e16bd350cb5db830fb50328ab4df62fd4c16ae8,0.4
14149754,1644114480.0,0xa6ec6712e80864bd84ea84e73491562f157b9866,0x2e16bd350cb5db830fb50328ab4df62fd4c16ae8,0.2
14150047,1644118183.0,0x971c4a62b36d927802bcfe4ec7c2b61a370963d6,0x2e16bd350cb5db830fb50328ab4df62fd4c16ae8,0.2
14152126,1644145455.0,0x1bb7fc35cc30b0f4ca535b36b1f4e5a81e977298,0x2e16bd350cb5db830fb50328ab4df62fd4c16ae8,0.2
14153919,1644168927.0,0x2e53a9a95012478f0abdade1407536e251d80a82,0x2e16bd350cb5db830fb50328ab4df62fd4c16ae8,0.2
14153987,1644169959.0,0x4305b49a2d6c4abab7c136246f449cab0c5a7080,0x2e16bd350cb5db830fb50328ab4df62fd4c16ae8,0.2
14154013,1644170243.0,0xf6990b3da9d5833d3b804362b1b51f237d9fba3c,0x2e16bd350cb5db830fb50328ab4df62fd4c16ae8,0.2
14155186,1644186360.0,0xe912e3ae88fc2eb63fd9e92d6bb2fbb06d1ab4e5,0x2e16bd350cb5db830fb50328ab4df62fd4c16ae8,0.2
14155793,1644194417.0,0x18e8b44a298d93ea84328b2fa3b1b62d2b0b5900,0x2e16bd350cb5db830fb50328ab4df62fd4c16ae8,0.15
14156019,1644197192.0,0x1bab1af3665718e46cc95f4bd0f8986364cbc704,0x2e16bd350cb5db830fb50328ab4df62fd4c16ae8,1.5
14156027,1644197296.0,0x1bab1af3665718e46cc95f4bd0f8986364cbc704,0x2e16bd350cb5db830fb50328ab4df62fd4c16ae8,0.75
14157102,1644211735.0,0x813aec011dca8f98f20b9c8476061f504c306814,0x2e16bd350cb5db830fb50328ab4df62fd4c16ae8,0.2
14157106,1644211760.0,0x813aec011dca8f98f20b9c8476061f504c306814,0x2e16bd350cb5db830fb50328ab4df62fd4c16ae8,0.2
14157521,1644217560.0,0xa8831e746bf327eeb39c072d5f5858be7e82bb0d,0x2e16bd350cb5db830fb50328ab4df62fd4c16ae8,0.15
14158129,1644226134.0,0x41111eb70ce3315bfcf347c39c093100f4abddc6,0x2e16bd350cb5db830fb50328ab4df62fd4c16ae8,0.2
14159099,1644239333.0,0x142a91efdbc4909644b01c9e69e81d94572aedb1,0x2e16bd350cb5db830fb50328ab4df62fd4c16ae8,0.15
14159140,1644239856.0,0x8cdbba286329769115c11f3aea9228745cd0e9f5,0x2e16bd350cb5db830fb50328ab4df62fd4c16ae8,0.6
14159459,1644244140.0,0x2ed2a21a1a242ef1eb8ec8206bb570f373c1004b,0x2e16bd350cb5db830fb50328ab4df62fd4c16ae8,0.15
14159491,1644244613.0,0x9bb9edce0eddc3510595d390c25dd22cb0342bcd,0x2e16bd350cb5db830fb50328ab4df62fd4c16ae8,0.15
14159720,1644247334.0,0x66a73288ac4a36016561e0c1cc8a047e0d755556,0x2e16bd350cb5db830fb50328ab4df62fd4c16ae8,0.45
14159749,1644247779.0,0x8de775161b3f74cbfd64e647a3a43a4ddc9f4921,0x2e16bd350cb5db830fb50328ab4df62fd4c16ae8,0.6
14159766,1644247995.0,0x67729bee26555287668b7f85428ed81361065f2d,0x2e16bd350cb5db830fb50328ab4df62fd4c16ae8,0.15
14160167,1644253448.0,0x0fdc1c333860233ed9651571d0f3697f885da06b,0x2e16bd350cb5db830fb50328ab4df62fd4c16ae8,0.15
14160345,1644255755.0,0x47e0a0b670f8a4550cf84b6f89263cfd0d6d02a7,0x2e16bd350cb5db830fb50328ab4df62fd4c16ae8,0.45
14162426,1644282858.0,0x1f2e921439a66310d3fe1f19d2782f0b8017d9d7,0x2e16bd350cb5db830fb50328ab4df62fd4c16ae8,0.6
14162902,1644289264.0,0xaddb15da858dc264f1cc5c038c5968db1ce560c5,0x2e16bd350cb5db830fb50328ab4df62fd4c16ae8,0.75
14163116,1644292355.0,0xc4a8c812e7722294e0a57fcb37130ec8d24c9b9f,0x2e16bd350cb5db830fb50328ab4df62fd4c16ae8,1.5
14163346,1644295207.0,0x3482477f5397c14b1b81009d623ea28115167593,0x2e16bd350cb5db830fb50328ab4df62fd4c16ae8,0.15
14163700,1644299970.0,0x905f9181564b8dcc89417797f25be74e4b921e11,0x2e16bd350cb5db830fb50328ab4df62fd4c16ae8,0.15
14163916,1644302979.0,0xacb9876e0c6e2bdad667735c30958c0312a5552b,0x2e16bd350cb5db830fb50328ab4df62fd4c16ae8,0.3
14164980,1644317233.0,0xc20138ac5638b5c54c03207337c34cf6fd2b4120,0x2e16bd350cb5db830fb50328ab4df62fd4c16ae8,0.3
14165704,1644327198.0,0xc4b9986abe8c0ca5adabf609530d9cbc4244604b,0x2e16bd350cb5db830fb50328ab4df62fd4c16ae8,1.2000000000000002
14168754,1644367839.0,0xc768e05c3c1fe80323140622f3645a05eb77b96d,0x2e16bd350cb5db830fb50328ab4df62fd4c16ae8,0.15
14168939,1644370721.0,0x87e30ade34b7abec554e9265e68b5691bea0ae71,0x2e16bd350cb5db830fb50328ab4df62fd4c16ae8,0.45
14169160,1644373745.0,0x556e20f6cd56fa68d0846466d789d5196e93f63a,0x2e16bd350cb5db830fb50328ab4df62fd4c16ae8,0.45
14170118,1644386189.0,0xb07399c3c4b761e31ee999845294ae840541f1a5,0x2e16bd350cb5db830fb50328ab4df62fd4c16ae8,1.5
14171577,1644405043.0,0x1743c8b53c66cf9babd2b8483c314c1e056bfb0a,0x2e16bd350cb5db830fb50328ab4df62fd4c16ae8,0.15
14171815,1644408479.0,0x361065cae4c760f3299af9a68934ff33d311ddf8,0x2e16bd350cb5db830fb50328ab4df62fd4c16ae8,0.15
14171910,1644409696.0,0xb6eb0a917b4096a7c1c70012b978e0a55bb90fec,0x2e16bd350cb5db830fb50328ab4df62fd4c16ae8,0.15
14171913,1644409727.0,0xb6eb0a917b4096a7c1c70012b978e0a55bb90fec,0x2e16bd350cb5db830fb50328ab4df62fd4c16ae8,0.15
14174618,1644446483.0,0x225a9dd26bfec33154c3d967a1f18dec06c25d18,0x2e16bd350cb5db830fb50328ab4df62fd4c16ae8,0.3
14174824,1644449202.0,0xcecd241d1fce6b980fc6b9458005914c1e52f8e1,0x2e16bd350cb5db830fb50328ab4df62fd4c16ae8,0.15
14175696,1644460188.0,0xd297ef7175285b1d4a5b9e8da759c551b3c8f05f,0x2e16bd350cb5db830fb50328ab4df62fd4c16ae8,0.15
14176550,1644471990.0,0xce5cf506fb53e81ca20b60c4abbe04084a05aafc,0x2e16bd350cb5db830fb50328ab4df62fd4c16ae8,0.6
14176562,1644472254.0,0xc198f7cdb55387203a70393d02211fbd7e530734,0x2e16bd350cb5db830fb50328ab4df62fd4c16ae8,0.6
14177083,1644479145.0,0x875a296e696a62cae3160ba7f31fbf11425cba19,0x2e16bd350cb5db830fb50328ab4df62fd4c16ae8,0.15
14177464,1644484367.0,0x1689a78cc1c267a51288f1f53a000f8c5f4afd17,0x2e16bd350cb5db830fb50328ab4df62fd4c16ae8,0.15
14178284,1644495208.0,0x84c7f59b9a9f9d843bb839af257790a122687760,0x2e16bd350cb5db830fb50328ab4df62fd4c16ae8,0.15
14179034,1644505436.0,0xacadab9126269d3fe85a10b33d23d65e08a8a898,0x2e16bd350cb5db830fb50328ab4df62fd4c16ae8,0.15
14179378,1644510309.0,0xe5ae3ae54cf8c289e664539955327dcdafa94186,0x2e16bd350cb5db830fb50328ab4df62fd4c16ae8,0.15
14182272,1644549441.0,0x96d84694cca4c87a966975588493b95b9e65094d,0x2e16bd350cb5db830fb50328ab4df62fd4c16ae8,0.15
14183867,1644570737.0,0x7ef8eec76bd09c898da35df895a56757e02ce808,0x2e16bd350cb5db830fb50328ab4df62fd4c16ae8,0.15
14185026,1644586197.0,0xabd0471a277d3dff6adced3edec6a748d2dd586b,0x2e16bd350cb5db830fb50328ab4df62fd4c16ae8,0.15
14186011,1644599358.0,0x1f8b98db321ab2816b517bbeef905bb06473112c,0x2e16bd350cb5db830fb50328ab4df62fd4c16ae8,0.15
14186026,1644599516.0,0xadf5abe0ea9bb369c80a5edbdb28fdb5a958b28f,0x2e16bd350cb5db830fb50328ab4df62fd4c16ae8,0.11
14186043,1644599643.0,0x1f8b98db321ab2816b517bbeef905bb06473112c,0x2e16bd350cb5db830fb50328ab4df62fd4c16ae8,0.15
14186982,1644612063.0,0x9b9d51e9bfeb8f312aad2a5968d85d284478fdd9,0x2e16bd350cb5db830fb50328ab4df62fd4c16ae8,0.15
14188316,1644629258.0,0x558b39050011860945417c84a078cf6fa3805768,0x2e16bd350cb5db830fb50328ab4df62fd4c16ae8,0.15
14188941,1644638141.0,0xb70953abae0d3b92ce93b03a60144d50584f8d09,0x2e16bd350cb5db830fb50328ab4df62fd4c16ae8,0.3
14189076,1644639992.0,0x649fe4a2886584547121e5a85d9c4d90c6b2e464,0x2e16bd350cb5db830fb50328ab4df62fd4c16ae8,0.75
14191727,1644674931.0,0x9ed453b80adcae27d4a2fedac2ea7e42c1c9fc25,0x2e16bd350cb5db830fb50328ab4df62fd4c16ae8,0.15
14191727,1644674931.0,0x9ed453b80adcae27d4a2fedac2ea7e42c1c9fc25,0x2e16bd350cb5db830fb50328ab4df62fd4c16ae8,0.15
14192078,1644679878.0,0xf3121a150f27c3a517100f585e77ce082677fe17,0x2e16bd350cb5db830fb50328ab4df62fd4c16ae8,0.15
14192333,1644683393.0,0x98c4a83aaa053935303a0668746c2a4033ba8714,0x2e16bd350cb5db830fb50328ab4df62fd4c16ae8,0.15
14192427,1644684381.0,0x07bfe2d881d291622558cd87bf2d10c3c793560d,0x2e16bd350cb5db830fb50328ab4df62fd4c16ae8,0.3
14194779,1644715430.0,0x3285fc04661b3e6327fe60772262779b047b7d9c,0x2e16bd350cb5db830fb50328ab4df62fd4c16ae8,0.3
14195002,1644718449.0,0x2b3c57e364736d52696581f089ff9f5a9c8b9425,0x2e16bd350cb5db830fb50328ab4df62fd4c16ae8,0.15
14195256,1644722000.0,0x2944489d5cf471653806baf22592a571a302283a,0x2e16bd350cb5db830fb50328ab4df62fd4c16ae8,0.15
14195256,1644722000.0,0x2944489d5cf471653806baf22592a571a302283a,0x2e16bd350cb5db830fb50328ab4df62fd4c16ae8,0.15
14195646,1644727451.0,0xea1918ec126ab6952487076b0d92300d9b069624,0x2e16bd350cb5db830fb50328ab4df62fd4c16ae8,0.15
14195914,1644730809.0,0xea1918ec126ab6952487076b0d92300d9b069624,0x2e16bd350cb5db830fb50328ab4df62fd4c16ae8,0.15
14197220,1644747677.0,0xb7a0367d24072006cc02ffab3d3483575806d25f,0x2e16bd350cb5db830fb50328ab4df62fd4c16ae8,0.15
14198630,1644766767.0,0x1f4e9d4afd015e1ca016c8a028a8a2e40c23ae0f,0x2e16bd350cb5db830fb50328ab4df62fd4c16ae8,0.15
14198865,1644769810.0,0xc327ef89f2ea1ca8489d1832fb25cb7076bc04d2,0x2e16bd350cb5db830fb50328ab4df62fd4c16ae8,0.15
14199020,1644771904.0,0xed02db3e52d241e923f40989fd5cc20b6b9cea2f,0x2e16bd350cb5db830fb50328ab4df62fd4c16ae8,0.15
14199173,1644773830.0,0x67545080c0b2b6f85a331a5a3f02d5d9ede3a051,0x2e16bd350cb5db830fb50328ab4df62fd4c16ae8,0.15
14199382,1644776733.0,0x89e7e5b31b38c5bb78a612a37dabccbf44a0c2ad,0x2e16bd350cb5db830fb50328ab4df62fd4c16ae8,0.15
14199383,1644776739.0,0x89e7e5b31b38c5bb78a612a37dabccbf44a0c2ad,0x2e16bd350cb5db830fb50328ab4df62fd4c16ae8,0.6
14199421,1644777237.0,0xc14208bdb870428dcfad0907ad8f21feb1b69dbf,0x2e16bd350cb5db830fb50328ab4df62fd4c16ae8,0.15
14199927,1644783615.0,0xdaa1ff5a9b39ffff75b17062814974a4e37ac458,0x2e16bd350cb5db830fb50328ab4df62fd4c16ae8,0.75
14199944,1644783746.0,0x89e7e5b31b38c5bb78a612a37dabccbf44a0c2ad,0x2e16bd350cb5db830fb50328ab4df62fd4c16ae8,0.75
14199944,1644783746.0,0x89e7e5b31b38c5bb78a612a37dabccbf44a0c2ad,0x2e16bd350cb5db830fb50328ab4df62fd4c16ae8,0.75
14200242,1644787776.0,0x81f267618fbfa67c07a0bc30b5986bf14569ead7,0x2e16bd350cb5db830fb50328ab4df62fd4c16ae8,0.9
14200327,1644788874.0,0x06c3bb8f6a13281c80be010050e1e51a8c2629c0,0x2e16bd350cb5db830fb50328ab4df62fd4c16ae8,0.15
14200497,1644791334.0,0xb6103b35c1dfcfbc66aa6aa59e5dec376b79dd6a,0x2e16bd350cb5db830fb50328ab4df62fd4c16ae8,0.15
14200564,1644792186.0,0xbd9ae42ff01f95a09040726f512080b9231cc870,0x2e16bd350cb5db830fb50328ab4df62fd4c16ae8,0.3
14200611,1644792965.0,0x2e16bd350cb5db830fb50328ab4df62fd4c16ae8,0x392e2434ab7224475515d01fa7017d5cfe3827b9,36.25070753837795
14200967,1644797848.0,0xc0da8ff78200107f2ea61a9393300ee6b7a28aad,0x2e16bd350cb5db830fb50328ab4df62fd4c16ae8,0.15
14200987,1644798095.0,0xc0da8ff78200107f2ea61a9393300ee6b7a28aad,0x2e16bd350cb5db830fb50328ab4df62fd4c16ae8,0.15
14201052,1644798941.0,0x7a693965a14925e45727e7b7f44cf8ff8f25d6f0,0x2e16bd350cb5db830fb50328ab4df62fd4c16ae8,0.3
14201090,1644799525.0,0x099c61e7ea66fdf0cf1ef52f85a30bfe99f6bb54,0x2e16bd350cb5db830fb50328ab4df62fd4c16ae8,0.15
14201133,1644800227.0,0x7a9b4bff968b00d9b68458cddf9eff52056900fb,0x2e16bd350cb5db830fb50328ab4df62fd4c16ae8,0.15
14201171,1644800825.0,0xe194ec94419a6a3dd43947c41c47ff818e2846da,0x2e16bd350cb5db830fb50328ab4df62fd4c16ae8,0.3
14201368,1644803394.0,0x4b21032f9d932133897282d5c4044e1c080edb50,0x2e16bd350cb5db830fb50328ab4df62fd4c16ae8,0.15
14201404,1644803887.0,0x28c030824738a0f17a708aee49264b33e684f9a7,0x2e16bd350cb5db830fb50328ab4df62fd4c16ae8,0.15
14201413,1644804006.0,0x142a91efdbc4909644b01c9e69e81d94572aedb1,0x2e16bd350cb5db830fb50328ab4df62fd4c16ae8,0.15
14201504,1644805350.0,0x5000d6ce24b0d88e77e3c04671a977c611eec75a,0x2e16bd350cb5db830fb50328ab4df62fd4c16ae8,0.15
14201555,1644806062.0,0x42e16a51089a29f517d7b724545ba44c8536c5bc,0x2e16bd350cb5db830fb50328ab4df62fd4c16ae8,0.15
14201559,1644806125.0,0x42e16a51089a29f517d7b724545ba44c8536c5bc,0x2e16bd350cb5db830fb50328ab4df62fd4c16ae8,0.3
14201572,1644806256.0,0x5a0b10f61aa2816946ee767a2091d13db7b50a6d,0x2e16bd350cb5db830fb50328ab4df62fd4c16ae8,0.15
14201576,1644806298.0,0x5a0b10f61aa2816946ee767a2091d13db7b50a6d,0x2e16bd350cb5db830fb50328ab4df62fd4c16ae8,0.15
14201636,1644807163.0,0x5a0b10f61aa2816946ee767a2091d13db7b50a6d,0x2e16bd350cb5db830fb50328ab4df62fd4c16ae8,0.15
14201789,1644809304.0,0x4994ac5885506b8081c19501a63a6e46dd9279c2,0x2e16bd350cb5db830fb50328ab4df62fd4c16ae8,0.15
14201885,1644810508.0,0x68986a66b6b9826512396acc07c19cad0faa538e,0x2e16bd350cb5db830fb50328ab4df62fd4c16ae8,1.2
14202532,1644818959.0,0x9fe5e4ad9f4f66a16dbdc7a7be565e546b45cca0,0x2e16bd350cb5db830fb50328ab4df62fd4c16ae8,0.15
14202879,1644823221.0,0x43d6883a9c5eb2f21a1f2fd3294c7f44ed8d8bf8,0x2e16bd350cb5db830fb50328ab4df62fd4c16ae8,0.15
14202974,1644824344.0,0x7e59ee9b9da440a8403cbd08b15a995949bd7c9e,0x2e16bd350cb5db830fb50328ab4df62fd4c16ae8,0.15
14203141,1644826416.0,0x50f809ba30808700e7f69b63a8433a89aee688d1,0x2e16bd350cb5db830fb50328ab4df62fd4c16ae8,0.15
14203323,1644828774.0,0xb5b9320ccf9b549c710a86c42e46d25d88505b27,0x2e16bd350cb5db830fb50328ab4df62fd4c16ae8,0.15
14203412,1644829872.0,0x663c32ed95a70fc4caa6b0133ab1530b981ba706,0x2e16bd350cb5db830fb50328ab4df62fd4c16ae8,0.15
14203432,1644830213.0,0xa1d0057c747cac08990fa92f7c7224979ee3fe93,0x2e16bd350cb5db830fb50328ab4df62fd4c16ae8,0.15
14203631,1644832789.0,0x9f128737c162b9546dedfe623d481be6d728e1cb,0x2e16bd350cb5db830fb50328ab4df62fd4c16ae8,0.15
14203787,1644834763.0,0xbdd1beea5624d42877c6d9efc629b498aded68cd,0x2e16bd350cb5db830fb50328ab4df62fd4c16ae8,0.3
14203888,1644836385.0,0xa1d0057c747cac08990fa92f7c7224979ee3fe93,0x2e16bd350cb5db830fb50328ab4df62fd4c16ae8,0.15
14204738,1644848049.0,0x6eb3e44d5775b36bf778303e60b61864cb60889e,0x2e16bd350cb5db830fb50328ab4df62fd4c16ae8,0.15
14205670,1644860483.0,0xbd5485bb2c25ce2391d429880cf5765dd6f0e189,0x2e16bd350cb5db830fb50328ab4df62fd4c16ae8,0.15
14207327,1644883028.0,0xf882c4a00c45fc7e6f420b4e1711601cb6778f5f,0x2e16bd350cb5db830fb50328ab4df62fd4c16ae8,0.11
14207336,1644883132.0,0x8870b2fdd6b16ecb2d4096954b05bc81e528c86a,0x2e16bd350cb5db830fb50328ab4df62fd4c16ae8,0.11
14207339,1644883233.0,0xf882c4a00c45fc7e6f420b4e1711601cb6778f5f,0x2e16bd350cb5db830fb50328ab4df62fd4c16ae8,0.11
14208445,1644897708.0,0xc7298b04a0e8cda87dea163b9183aedeb6e8910a,0x2e16bd350cb5db830fb50328ab4df62fd4c16ae8,1.5
14210905,1644930942.0,0x5ff88dfa5ab8ae1cfcd9e2365eeef95188524425,0x2e16bd350cb5db830fb50328ab4df62fd4c16ae8,0.45
14210982,1644932126.0,0xc6a835b87559d5baa55784b5327a8353235fac95,0x2e16bd350cb5db830fb50328ab4df62fd4c16ae8,0.22
14211129,1644934070.0,0x5e7571cdd5775026bbac530d786804a619a318c8,0x2e16bd350cb5db830fb50328ab4df62fd4c16ae8,0.11
14211207,1644935056.0,0x82c7bff703991c4e473f81d5a38f99b6695b81e0,0x2e16bd350cb5db830fb50328ab4df62fd4c16ae8,0.15
14211325,1644936829.0,0xb7913a3b129caf3afe0486ee1c0a78594ff37d05,0x2e16bd350cb5db830fb50328ab4df62fd4c16ae8,0.45
14211351,1644937116.0,0xff99f207fe59688521f0981a682d3591746afa7a,0x2e16bd350cb5db830fb50328ab4df62fd4c16ae8,0.45
14211548,1644939881.0,0x7ee9963269f8b17f0227f037fcd518560dd0e6c8,0x2e16bd350cb5db830fb50328ab4df62fd4c16ae8,0.15
14211582,1644940288.0,0x6aea2bc3a7cbceb0054386f99553aca1dc011270,0x2e16bd350cb5db830fb50328ab4df62fd4c16ae8,0.45
14211697,1644941572.0,0x6aea2bc3a7cbceb0054386f99553aca1dc011270,0x2e16bd350cb5db830fb50328ab4df62fd4c16ae8,0.3
14211725,1644941940.0,0x68f28dc091b3d9d8b9124a93ad577fd39679c667,0x2e16bd350cb5db830fb50328ab4df62fd4c16ae8,0.45
14211866,1644943664.0,0xadbb914bafb45bd31f30b6622dadb3c158725a2e,0x2e16bd350cb5db830fb50328ab4df62fd4c16ae8,0.45
14212821,1644955947.0,0xffb5a3b18401034b8ae9cfbd836094f1f479d7a1,0x2e16bd350cb5db830fb50328ab4df62fd4c16ae8,0.45
14214076,1644972721.0,0xb7913a3b129caf3afe0486ee1c0a78594ff37d05,0x2e16bd350cb5db830fb50328ab4df62fd4c16ae8,0.15
14214187,1644974245.0,0x89515cd4e2f33a3b462a216a2f3db0e133fcb345,0x2e16bd350cb5db830fb50328ab4df62fd4c16ae8,0.15
14215937,1644998152.0,0x98c33bf7424cc1bd0f82e95432ea9afcfe354e24,0x2e16bd350cb5db830fb50328ab4df62fd4c16ae8,0.15
14216151,1645001271.0,0xc5f8ae22c4337d0919fee199611b5bec942474e5,0x2e16bd350cb5db830fb50328ab4df62fd4c16ae8,0.11
14219162,1645041078.0,0x4971d9a939d333464cccda14d9145323d23231ce,0x2e16bd350cb5db830fb50328ab4df62fd4c16ae8,0.11
14219499,1645045534.0,0x9ccbe5a638b76118443c62d9fc95bcaa33fbdafd,0x2e16bd350cb5db830fb50328ab4df62fd4c16ae8,0.11
14220446,1645058413.0,0x81ae9da54a84fbf6c452046a78d7dec8db482e37,0x2e16bd350cb5db830fb50328ab4df62fd4c16ae8,0.11
14220600,1645060604.0,0x19db0b7e3729c5e7782908403df4a5312b4039bb,0x2e16bd350cb5db830fb50328ab4df62fd4c16ae8,0.55
14222345,1645083252.0,0x130323e62ee8807c2512a568d109e1e17caf5c59,0x2e16bd350cb5db830fb50328ab4df62fd4c16ae8,0.15
14223085,1645093472.0,0xfb83dc52490deac2b1dced3f3b63c01e5738fc36,0x2e16bd350cb5db830fb50328ab4df62fd4c16ae8,0.15
14223212,1645095100.0,0x54022d2fde5f54b1846b6013c65d61cd2185d958,0x2e16bd350cb5db830fb50328ab4df62fd4c16ae8,0.15
14223391,1645097451.0,0x357e06172b0cad1df694c59e4a8196db8a0c19a5,0x2e16bd350cb5db830fb50328ab4df62fd4c16ae8,0.174
14224163,1645107862.0,0x94d32f66b64d4427313344e82605a7242d781f04,0x2e16bd350cb5db830fb50328ab4df62fd4c16ae8,0.11
14230948,1645198764.0,0x4e8e808e54b6dfca15c1a7c2af834b82f8b0d672,0x2e16bd350cb5db830fb50328ab4df62fd4c16ae8,0.15
14235761,1645263228.0,0x5ff88dfa5ab8ae1cfcd9e2365eeef95188524425,0x2e16bd350cb5db830fb50328ab4df62fd4c16ae8,0.15
14236035,1645267015.0,0xae88e9a085093b93912574cff5ac6fa0764078d4,0x2e16bd350cb5db830fb50328ab4df62fd4c16ae8,0.15
14236137,1645268475.0,0xae88e9a085093b93912574cff5ac6fa0764078d4,0x2e16bd350cb5db830fb50328ab4df62fd4c16ae8,0.15
14237171,1645283251.0,0x5ff88dfa5ab8ae1cfcd9e2365eeef95188524425,0x2e16bd350cb5db830fb50328ab4df62fd4c16ae8,0.6
14241642,1645342690.0,0x311ccf899eeb5b419672c7535bd517378a6684ac,0x2e16bd350cb5db830fb50328ab4df62fd4c16ae8,0.15
14241838,1645345565.0,0x311ccf899eeb5b419672c7535bd517378a6684ac,0x2e16bd350cb5db830fb50328ab4df62fd4c16ae8,0.15
14247317,1645417816.0,0x70117aac43670ff0f59ceba11e9aaee4b782560d,0x2e16bd350cb5db830fb50328ab4df62fd4c16ae8,0.15
14252239,1645484346.0,0x1a599f63a66ae595f5dc6a03242c8f47b6971cd7,0x2e16bd350cb5db830fb50328ab4df62fd4c16ae8,0.15
14252256,1645484522.0,0x1a599f63a66ae595f5dc6a03242c8f47b6971cd7,0x2e16bd350cb5db830fb50328ab4df62fd4c16ae8,0.15
14254649,1645516742.0,0x2e16bd350cb5db830fb50328ab4df62fd4c16ae8,0x392e2434ab7224475515d01fa7017d5cfe3827b9,16.03265524277318
14257521,1645555072.0,0x879f8f49a4dde6d155d92e7d613ba2d4b070a14f,0x2e16bd350cb5db830fb50328ab4df62fd4c16ae8,0.15
14257582,1645555935.0,0x879f8f49a4dde6d155d92e7d613ba2d4b070a14f,0x2e16bd350cb5db830fb50328ab4df62fd4c16ae8,0.15
14257612,1645556264.0,0x2eff8d134e3c182da86bad77fd1a05acee99bb03,0x2e16bd350cb5db830fb50328ab4df62fd4c16ae8,0.15
14259730,1645584083.0,0x6aae960a83199493436fd6f3470e85e339f916ef,0x2e16bd350cb5db830fb50328ab4df62fd4c16ae8,0.15
14263431,1645633835.0,0xec124bf8d4b35bd1e16bc8f9fecd5ba0bf55ab25,0x2e16bd350cb5db830fb50328ab4df62fd4c16ae8,0.15
14266584,1645676386.0,0x2e16bd350cb5db830fb50328ab4df62fd4c16ae8,0x392e2434ab7224475515d01fa7017d5cfe3827b9,0.743794420554249
14267237,1645685024.0,0xd7173fb3566c1a38d49aa9242ef1de54329f1dea,0x2e16bd350cb5db830fb50328ab4df62fd4c16ae8,0.15
14269872,1645720331.0,0xb02374aa93af8707ca68432c1bf2f7e780fd5f00,0x2e16bd350cb5db830fb50328ab4df62fd4c16ae8,0.15
14277260,1645818725.0,0x188f0ea4b97a67381cff5aabb3adac5a07ce3d0c,0x2e16bd350cb5db830fb50328ab4df62fd4c16ae8,0.11
14296984,1646082436.0,0x2e16bd350cb5db830fb50328ab4df62fd4c16ae8,0x07e304fbdda4fb04c26bb4b06636039845825c94,0.01414832
14355248,1646864369.0,0x2e16bd350cb5db830fb50328ab4df62fd4c16ae8,0x64e5c1f37a33c8c3e25e8fe380a1b795ba10c2d1,0.387805013931321
14470251,1648410755.0,0x5a0b10f61aa2816946ee767a2091d13db7b50a6d,0x2e16bd350cb5db830fb50328ab4df62fd4c16ae8,0.15
14483346,1648586672.0,0x2e16bd350cb5db830fb50328ab4df62fd4c16ae8,0x64e5c1f37a33c8c3e25e8fe380a1b795ba10c2d1,0.149284954451181
15119173,1657513282.0,0x255b51247a5cf4660a510de0094c89fcd4b9b770,0x2e16bd350cb5db830fb50328ab4df62fd4c16ae8,0.11
15119173,1657513282.0,0x255b51247a5cf4660a510de0094c89fcd4b9b770,0x2e16bd350cb5db830fb50328ab4df62fd4c16ae8,0.11
15119726,1657520466.0,0x255b51247a5cf4660a510de0094c89fcd4b9b770,0x2e16bd350cb5db830fb50328ab4df62fd4c16ae8,0.11
15124751,1657587654.0,0x2e16bd350cb5db830fb50328ab4df62fd4c16ae8,0x64e5c1f37a33c8c3e25e8fe380a1b795ba10c2d1,0.329736284638881
