BlockHeight,TimeStamp,From,To,Value
14275460,1645794835.0,0x253e9d1b4b634a0e881971bb538c2bb9df30c0f7,0x2f28755a4f7d85fdd53185cc4c9e5fc182b8f8e0,0.0
14275483,1645795210.0,0x253e9d1b4b634a0e881971bb538c2bb9df30c0f7,0x2f28755a4f7d85fdd53185cc4c9e5fc182b8f8e0,0.0
14275502,1645795551.0,0x253e9d1b4b634a0e881971bb538c2bb9df30c0f7,0x2f28755a4f7d85fdd53185cc4c9e5fc182b8f8e0,0.0
14275536,1645796019.0,0x253e9d1b4b634a0e881971bb538c2bb9df30c0f7,0x2f28755a4f7d85fdd53185cc4c9e5fc182b8f8e0,0.0
14275549,1645796210.0,0x253e9d1b4b634a0e881971bb538c2bb9df30c0f7,0x2f28755a4f7d85fdd53185cc4c9e5fc182b8f8e0,0.0
14275613,1645797075.0,0x253e9d1b4b634a0e881971bb538c2bb9df30c0f7,0x2f28755a4f7d85fdd53185cc4c9e5fc182b8f8e0,0.0
14275687,1645797909.0,0x253e9d1b4b634a0e881971bb538c2bb9df30c0f7,0x2f28755a4f7d85fdd53185cc4c9e5fc182b8f8e0,0.0
14275792,1645799215.0,0x253e9d1b4b634a0e881971bb538c2bb9df30c0f7,0x2f28755a4f7d85fdd53185cc4c9e5fc182b8f8e0,0.0
14275850,1645799951.0,0x253e9d1b4b634a0e881971bb538c2bb9df30c0f7,0x2f28755a4f7d85fdd53185cc4c9e5fc182b8f8e0,0.0
14275873,1645800259.0,0x253e9d1b4b634a0e881971bb538c2bb9df30c0f7,0x2f28755a4f7d85fdd53185cc4c9e5fc182b8f8e0,0.0
14275890,1645800412.0,0x253e9d1b4b634a0e881971bb538c2bb9df30c0f7,0x2f28755a4f7d85fdd53185cc4c9e5fc182b8f8e0,0.0
14275929,1645800857.0,0x253e9d1b4b634a0e881971bb538c2bb9df30c0f7,0x2f28755a4f7d85fdd53185cc4c9e5fc182b8f8e0,0.0
14276053,1645802624.0,0x253e9d1b4b634a0e881971bb538c2bb9df30c0f7,0x2f28755a4f7d85fdd53185cc4c9e5fc182b8f8e0,0.0
14276092,1645803037.0,0x253e9d1b4b634a0e881971bb538c2bb9df30c0f7,0x2f28755a4f7d85fdd53185cc4c9e5fc182b8f8e0,0.0
14282852,1645893799.0,0x253e9d1b4b634a0e881971bb538c2bb9df30c0f7,0x2f28755a4f7d85fdd53185cc4c9e5fc182b8f8e0,0.0
14283069,1645896282.0,0x253e9d1b4b634a0e881971bb538c2bb9df30c0f7,0x2f28755a4f7d85fdd53185cc4c9e5fc182b8f8e0,0.0
14283084,1645896449.0,0x253e9d1b4b634a0e881971bb538c2bb9df30c0f7,0x2f28755a4f7d85fdd53185cc4c9e5fc182b8f8e0,0.0
