BlockHeight,TimeStamp,From,To,Value
14472016,1648434677.0,0xcc78fd9731d90ebfbb83213ebacac171f64faf1a,0x31d9dd312de765dcfe2246f7eff51e29684e1cec,0.25
14472016,1648434677.0,0xcc78fd9731d90ebfbb83213ebacac171f64faf1a,0x31d9dd312de765dcfe2246f7eff51e29684e1cec,0.0557036678847109
14476983,1648501583.0,0x05814590bf6e83e7eb85ed5e8f118b4d93c0b2ea,0x31d9dd312de765dcfe2246f7eff51e29684e1cec,1.25
14488153,1648651493.0,0x4f163a9a4b52f66f463a132cd184a53647326555,0x31d9dd312de765dcfe2246f7eff51e29684e1cec,1.25
14518963,1649067916.0,0x31d9dd312de765dcfe2246f7eff51e29684e1cec,0x853fde019d6ba1b2b2b0d849c5258178eef2bd5d,0.2
16833058,1678880411.0,0x31d9dd312de765dcfe2246f7eff51e29684e1cec,0xb28c1e989aa6c7f6810aca35ec1d616dd1dd84a1,0.6
16833671,1678887923.0,0x31d9dd312de765dcfe2246f7eff51e29684e1cec,0xe6c3643da8c27621b9f5c38a552327f5ce83caf7,0.00297
16970932,1680554591.0,0x31d9dd312de765dcfe2246f7eff51e29684e1cec,0x4ca8b761d1ea0e886e739b73d16350ff2d21f33d,0.2009
17004044,1680961379.0,0x31d9dd312de765dcfe2246f7eff51e29684e1cec,0x078ff0b23c51d8bbf51e1fd2d94d06c5236edf0e,0.85716
17044428,1681463135.0,0x31d9dd312de765dcfe2246f7eff51e29684e1cec,0x078ff0b23c51d8bbf51e1fd2d94d06c5236edf0e,0.00948
17044467,1681463615.0,0x31d9dd312de765dcfe2246f7eff51e29684e1cec,0x078ff0b23c51d8bbf51e1fd2d94d06c5236edf0e,0.00569
17056698,1681614395.0,0x31d9dd312de765dcfe2246f7eff51e29684e1cec,0x078ff0b23c51d8bbf51e1fd2d94d06c5236edf0e,0.02392
17060951,1681666511.0,0x31d9dd312de765dcfe2246f7eff51e29684e1cec,0x078ff0b23c51d8bbf51e1fd2d94d06c5236edf0e,0.02381
17064133,1681705547.0,0x31d9dd312de765dcfe2246f7eff51e29684e1cec,0x078ff0b23c51d8bbf51e1fd2d94d06c5236edf0e,0.00954
17064547,1681710671.0,0x31d9dd312de765dcfe2246f7eff51e29684e1cec,0x078ff0b23c51d8bbf51e1fd2d94d06c5236edf0e,0.00952
17064601,1681711343.0,0x31d9dd312de765dcfe2246f7eff51e29684e1cec,0x078ff0b23c51d8bbf51e1fd2d94d06c5236edf0e,0.00713
17087696,1681993571.0,0x31d9dd312de765dcfe2246f7eff51e29684e1cec,0x078ff0b23c51d8bbf51e1fd2d94d06c5236edf0e,0.02556
17116691,1682345903.0,0x31d9dd312de765dcfe2246f7eff51e29684e1cec,0x078ff0b23c51d8bbf51e1fd2d94d06c5236edf0e,0.01602
17386590,1685630147.0,0x31d9dd312de765dcfe2246f7eff51e29684e1cec,0x078ff0b23c51d8bbf51e1fd2d94d06c5236edf0e,0.02691
17387332,1685639147.0,0x31d9dd312de765dcfe2246f7eff51e29684e1cec,0x078ff0b23c51d8bbf51e1fd2d94d06c5236edf0e,0.02667
17407871,1685889419.0,0x31d9dd312de765dcfe2246f7eff51e29684e1cec,0x078ff0b23c51d8bbf51e1fd2d94d06c5236edf0e,0.02102
17425340,1686102443.0,0x31d9dd312de765dcfe2246f7eff51e29684e1cec,0x078ff0b23c51d8bbf51e1fd2d94d06c5236edf0e,0.02657
17430675,1686167471.0,0x31d9dd312de765dcfe2246f7eff51e29684e1cec,0x078ff0b23c51d8bbf51e1fd2d94d06c5236edf0e,0.04865
17439603,1686276359.0,0x31d9dd312de765dcfe2246f7eff51e29684e1cec,0x078ff0b23c51d8bbf51e1fd2d94d06c5236edf0e,0.01898
17565345,1687803755.0,0x31d9dd312de765dcfe2246f7eff51e29684e1cec,0x078ff0b23c51d8bbf51e1fd2d94d06c5236edf0e,0.0271
17614424,1688399303.0,0x31d9dd312de765dcfe2246f7eff51e29684e1cec,0x078ff0b23c51d8bbf51e1fd2d94d06c5236edf0e,0.08629
17659644,1688948075.0,0x31d9dd312de765dcfe2246f7eff51e29684e1cec,0x4ca8b761d1ea0e886e739b73d16350ff2d21f33d,0.02694
18797159,1702711955.0,0x31d9dd312de765dcfe2246f7eff51e29684e1cec,0x81075d251bfdd3a8b155ef3aa8ae4e7a21bebb14,0.11165
