BlockHeight,TimeStamp,From,To,Value
14004897,1642180323.0,0xeb7da0269538a6efae29a259126c7759167c2c91,0x32ebca8decdfe3b41f0324d2bc49fff4951f27f2,0.3
14005343,1642186275.0,0x2aa0969775c8923724ed67b513022ce2964d204e,0x32ebca8decdfe3b41f0324d2bc49fff4951f27f2,0.75
14005346,1642186292.0,0x2d77b156b7ed4fef346dc970014cc613d38f4541,0x32ebca8decdfe3b41f0324d2bc49fff4951f27f2,0.3
14005877,1642193359.0,0x4bfe40061f3581c69ed3691bfa3238bf746ffe8a,0x32ebca8decdfe3b41f0324d2bc49fff4951f27f2,0.75
14006091,1642196128.0,0x9c801425758d31b98c786755aa8c94e4c45f467b,0x32ebca8decdfe3b41f0324d2bc49fff4951f27f2,0.15
14006176,1642197106.0,0xf755556f009e1c66ca32296d6f74444f37ecf1f1,0x32ebca8decdfe3b41f0324d2bc49fff4951f27f2,1.6
14006198,1642197428.0,0xd07967cbb56e8afbd0669b1026fbf2d59a3942be,0x32ebca8decdfe3b41f0324d2bc49fff4951f27f2,0.15
14006239,1642197978.0,0x6c123dd96ae9ef3632561399faec7f6881706776,0x32ebca8decdfe3b41f0324d2bc49fff4951f27f2,0.3
14006465,1642201124.0,0x7df82196b980e17dd08508ade640b8460dc37bd1,0x32ebca8decdfe3b41f0324d2bc49fff4951f27f2,0.0
14006485,1642201475.0,0x7df82196b980e17dd08508ade640b8460dc37bd1,0x32ebca8decdfe3b41f0324d2bc49fff4951f27f2,0.0
14006522,1642201899.0,0xb4b99e8554dad60600a0eef2ccb51488520f1477,0x32ebca8decdfe3b41f0324d2bc49fff4951f27f2,0.75
14006524,1642201967.0,0xb4b99e8554dad60600a0eef2ccb51488520f1477,0x32ebca8decdfe3b41f0324d2bc49fff4951f27f2,0.75
14006546,1642202266.0,0x7df82196b980e17dd08508ade640b8460dc37bd1,0x32ebca8decdfe3b41f0324d2bc49fff4951f27f2,0.15
14006640,1642203677.0,0x8292b55652e4dc3ba0d0fd69744548dbb173d18d,0x32ebca8decdfe3b41f0324d2bc49fff4951f27f2,0.15
14006758,1642205483.0,0x021f75859cb963c4dd867778700a0730432641d2,0x32ebca8decdfe3b41f0324d2bc49fff4951f27f2,0.15
14007293,1642212452.0,0x8aa865925f480594c920202c4283e9e703ffdd5e,0x32ebca8decdfe3b41f0324d2bc49fff4951f27f2,0.15
14007321,1642212856.0,0x8aa865925f480594c920202c4283e9e703ffdd5e,0x32ebca8decdfe3b41f0324d2bc49fff4951f27f2,0.15
14007336,1642213055.0,0x8aa865925f480594c920202c4283e9e703ffdd5e,0x32ebca8decdfe3b41f0324d2bc49fff4951f27f2,0.15
14007734,1642218456.0,0x65e6cb240116a7a2337a62288f04315958e059b1,0x32ebca8decdfe3b41f0324d2bc49fff4951f27f2,0.3
14008242,1642225156.0,0x872c812f903f97d7ad2e1b022744e0d77771cb4d,0x32ebca8decdfe3b41f0324d2bc49fff4951f27f2,0.4499999999999999
14008570,1642229626.0,0x078ec276f89404d32568f67bf7e58abf03ce3d6d,0x32ebca8decdfe3b41f0324d2bc49fff4951f27f2,0.4499999999999999
14008684,1642231297.0,0x078ec276f89404d32568f67bf7e58abf03ce3d6d,0x32ebca8decdfe3b41f0324d2bc49fff4951f27f2,0.4499999999999999
14008810,1642233244.0,0xac852c3a47c71d7c74e1f734d8da7dac1fa147f6,0x32ebca8decdfe3b41f0324d2bc49fff4951f27f2,0.15
14008920,1642234645.0,0x1d21977e423f4b93e7b149117ac929712c3577c5,0x32ebca8decdfe3b41f0324d2bc49fff4951f27f2,0.15
14009091,1642237137.0,0x95085c1eaac79923f23bc953de01eadeb3804f5d,0x32ebca8decdfe3b41f0324d2bc49fff4951f27f2,0.15
14009185,1642238390.0,0x8da9c066812c28f50d1a1ad5a9fba2acc54c6c5a,0x32ebca8decdfe3b41f0324d2bc49fff4951f27f2,0.3
14009252,1642239329.0,0xe586d2a3a8b3458db7bfab964b361463943c8d4f,0x32ebca8decdfe3b41f0324d2bc49fff4951f27f2,0.15
14009286,1642239903.0,0xc323362486151deff293fef7295c683db409ca49,0x32ebca8decdfe3b41f0324d2bc49fff4951f27f2,0.15
14009376,1642241026.0,0xd16cb27227089094c3628e5a855d21a74c336225,0x32ebca8decdfe3b41f0324d2bc49fff4951f27f2,0.4499999999999999
14009800,1642246893.0,0xf39cf80221c3cefa79f6eaf4eed08992a5b076c2,0x32ebca8decdfe3b41f0324d2bc49fff4951f27f2,0.3
14009976,1642249087.0,0x696ed331894ec42239ca2157a8d0a8cad46b305f,0x32ebca8decdfe3b41f0324d2bc49fff4951f27f2,0.4499999999999999
14009976,1642249087.0,0x696ed331894ec42239ca2157a8d0a8cad46b305f,0x32ebca8decdfe3b41f0324d2bc49fff4951f27f2,0.4499999999999999
14010266,1642252999.0,0x155e8837319228b09834940d5fcc1780784584b9,0x32ebca8decdfe3b41f0324d2bc49fff4951f27f2,0.15
14010441,1642255533.0,0xc246ee702e07de3e089868a1e707b2f786dfe3c4,0x32ebca8decdfe3b41f0324d2bc49fff4951f27f2,0.2
14010501,1642256266.0,0xbf3df0cd0f25e40b26b4e5df39e4f9cd37c7345f,0x32ebca8decdfe3b41f0324d2bc49fff4951f27f2,0.4499999999999999
14010523,1642256480.0,0xae64123900cc482f9472876795fbc0224aff6bde,0x32ebca8decdfe3b41f0324d2bc49fff4951f27f2,0.4499999999999999
14010529,1642256626.0,0xd7346e1ed6329ace4787469d945af00a59e666bb,0x32ebca8decdfe3b41f0324d2bc49fff4951f27f2,0.15
14010545,1642256739.0,0x821c3b5aa63cda740dc5b903dc99055b4a7a1328,0x32ebca8decdfe3b41f0324d2bc49fff4951f27f2,0.15
14010625,1642257705.0,0xa4fa70fd839bf5ef4e87d7a05de5882bd5d1b0f8,0x32ebca8decdfe3b41f0324d2bc49fff4951f27f2,0.15
14010918,1642261575.0,0xd5f694d7cbbe24bac3e2a4cda413a38547e472c4,0x32ebca8decdfe3b41f0324d2bc49fff4951f27f2,0.3
14010959,1642262101.0,0x7adbfe80e59dd8953f9420bbf00774bb387a2ddd,0x32ebca8decdfe3b41f0324d2bc49fff4951f27f2,0.15
14010972,1642262235.0,0x833091ab17806deda1931155e698a1cd0ea93aef,0x32ebca8decdfe3b41f0324d2bc49fff4951f27f2,0.4499999999999999
14010984,1642262354.0,0x19d8a4e52f500502cff3bb1a7c6c86e486caae59,0x32ebca8decdfe3b41f0324d2bc49fff4951f27f2,0.3
14011087,1642263946.0,0xbcb8356baae37abc4ff4c6c1dbe4f15da2bb42d2,0x32ebca8decdfe3b41f0324d2bc49fff4951f27f2,0.4499999999999999
14011108,1642264244.0,0xe4ec73743ab121493ee30981239914b9cd61529e,0x32ebca8decdfe3b41f0324d2bc49fff4951f27f2,0.4499999999999999
14011555,1642270090.0,0xcadf8f5d4b18fbe6ea9d54700f1db68ca7d215a3,0x32ebca8decdfe3b41f0324d2bc49fff4951f27f2,0.3
14011621,1642271070.0,0x5fd5f0934b8100b2decf2d99976acb594fd1c6e5,0x32ebca8decdfe3b41f0324d2bc49fff4951f27f2,0.15
14011794,1642273354.0,0xbf11950cc9087ffd31b1e441a0236ac72c059fd7,0x32ebca8decdfe3b41f0324d2bc49fff4951f27f2,0.3
14011794,1642273354.0,0xb5441316c07f87457a633bfd40c137d2beabbdef,0x32ebca8decdfe3b41f0324d2bc49fff4951f27f2,0.4499999999999999
14011862,1642274137.0,0x2fd3c74fc1a3d21e79dcdc07283f165cd6558483,0x32ebca8decdfe3b41f0324d2bc49fff4951f27f2,0.6
14011866,1642274265.0,0x85862ddd323e215e70dd4dd161b0c9f81d402c2a,0x32ebca8decdfe3b41f0324d2bc49fff4951f27f2,0.4499999999999999
14012235,1642278768.0,0x6382f2fedbae155e3573cc81fec8475870511c9d,0x32ebca8decdfe3b41f0324d2bc49fff4951f27f2,0.4499999999999999
14012235,1642278768.0,0x5567da1da9022a7bf947d09919c27112cbf394b5,0x32ebca8decdfe3b41f0324d2bc49fff4951f27f2,0.75
14012461,1642281561.0,0xb3c30a25c4a032215a855b5d3e492d65abfda991,0x32ebca8decdfe3b41f0324d2bc49fff4951f27f2,0.15
14012480,1642281768.0,0x69c0ce89d16c849e929301ff2bf60bde62b54fba,0x32ebca8decdfe3b41f0324d2bc49fff4951f27f2,0.3
14012521,1642282261.0,0xb36a342547f7b2ac39293c17c1d2f0d53e4ef984,0x32ebca8decdfe3b41f0324d2bc49fff4951f27f2,0.15
14012754,1642285218.0,0xc8b1c9a963d98804fd2384a7ac6dd7d0d13432d5,0x32ebca8decdfe3b41f0324d2bc49fff4951f27f2,0.4499999999999999
14012830,1642286206.0,0x4732ab1afef4b8df82f17c38b5364f0357fe97a3,0x32ebca8decdfe3b41f0324d2bc49fff4951f27f2,0.2
14012920,1642287437.0,0xaf53e909a26cca11d349b6c092335da2e36d012f,0x32ebca8decdfe3b41f0324d2bc49fff4951f27f2,0.15
14012950,1642287991.0,0x9378db95cbde725016734ef0729f3b700122ad5a,0x32ebca8decdfe3b41f0324d2bc49fff4951f27f2,0.4499999999999999
14012964,1642288105.0,0x9378db95cbde725016734ef0729f3b700122ad5a,0x32ebca8decdfe3b41f0324d2bc49fff4951f27f2,0.3
14013164,1642290805.0,0xe6a32491fb1adfb24e5517957075118e4a021254,0x32ebca8decdfe3b41f0324d2bc49fff4951f27f2,0.15
14013214,1642291499.0,0x45e46992a90e43866b7c75d156bede92ca3861d6,0x32ebca8decdfe3b41f0324d2bc49fff4951f27f2,0.4499999999999999
14013404,1642294206.0,0x08de8ff939e9bcf7992784df8d4e6036e31ef297,0x32ebca8decdfe3b41f0324d2bc49fff4951f27f2,0.15
14013727,1642298824.0,0x0fd24d3737831dce1bbf70bea0c66d7652e7e9fd,0x32ebca8decdfe3b41f0324d2bc49fff4951f27f2,0.4499999999999999
14013821,1642300111.0,0x06af39efb48680438f406cda823ac5b23cb60d69,0x32ebca8decdfe3b41f0324d2bc49fff4951f27f2,0.15
14013840,1642300345.0,0x06af39efb48680438f406cda823ac5b23cb60d69,0x32ebca8decdfe3b41f0324d2bc49fff4951f27f2,0.3
14013895,1642301201.0,0x9db8d9e63b014c79054109ca3ad13ea91255c0e4,0x32ebca8decdfe3b41f0324d2bc49fff4951f27f2,0.4499999999999999
14014255,1642306066.0,0x9ec850e4e161f7369011811ca7e8e80a49a93a2f,0x32ebca8decdfe3b41f0324d2bc49fff4951f27f2,0.2
14014355,1642307382.0,0xdaa9adda87311afd49eb705871bc2f7f17e7043c,0x32ebca8decdfe3b41f0324d2bc49fff4951f27f2,0.4499999999999999
14014355,1642307382.0,0xdaa9adda87311afd49eb705871bc2f7f17e7043c,0x32ebca8decdfe3b41f0324d2bc49fff4951f27f2,0.4499999999999999
14014359,1642307449.0,0xd7d2c94581e49fe1206527f497004e851ce5fb00,0x32ebca8decdfe3b41f0324d2bc49fff4951f27f2,0.15
14014658,1642311702.0,0xed6fc645ec0c771bbafd8991c46cfffef2a9991d,0x32ebca8decdfe3b41f0324d2bc49fff4951f27f2,0.15
14014825,1642313752.0,0xa180a200075ef8e09336fb8012bf141c641db26c,0x32ebca8decdfe3b41f0324d2bc49fff4951f27f2,0.3
14015375,1642320622.0,0x4c29c448fda7931e597335d62eeb0583e1fef6f6,0x32ebca8decdfe3b41f0324d2bc49fff4951f27f2,0.15
14015422,1642321330.0,0x274af36deb6de12818985161cc070ac7b0ba58d1,0x32ebca8decdfe3b41f0324d2bc49fff4951f27f2,0.4499999999999999
14015572,1642323310.0,0x4617f6a0ba826f737740ce1247f6097a46ba2edd,0x32ebca8decdfe3b41f0324d2bc49fff4951f27f2,0.75
14015714,1642325229.0,0x7887bbdae844f8cad15351d85b4bea3ea3727a07,0x32ebca8decdfe3b41f0324d2bc49fff4951f27f2,0.6
14016655,1642337891.0,0xcad0b58c52c02093b0f802be0478177838412e20,0x32ebca8decdfe3b41f0324d2bc49fff4951f27f2,0.4499999999999999
14016692,1642338363.0,0xa8c514c4f8b22b39dcc0d66d5d254a27bf9d79b9,0x32ebca8decdfe3b41f0324d2bc49fff4951f27f2,0.15
14016738,1642338897.0,0x243ee34782d413a366679c587913ea9e4f1216f4,0x32ebca8decdfe3b41f0324d2bc49fff4951f27f2,0.15
14017016,1642342616.0,0x9e00fecc95898c63282083230ade0e9530f2002c,0x32ebca8decdfe3b41f0324d2bc49fff4951f27f2,0.15
14017135,1642343931.0,0x332aa6122778a45cae4b042754df9a6dd14e8c50,0x32ebca8decdfe3b41f0324d2bc49fff4951f27f2,0.15
14017182,1642344569.0,0x1a8a6aee755999578a8829814feed96a72883a4b,0x32ebca8decdfe3b41f0324d2bc49fff4951f27f2,0.75
14017299,1642346117.0,0xbe7870c71ebb8cd5250ad2a7a6bdb8c3dd0675e0,0x32ebca8decdfe3b41f0324d2bc49fff4951f27f2,0.75
14017335,1642346627.0,0xfcb1a6e39e4c7c9067642b02020a3b341896ae79,0x32ebca8decdfe3b41f0324d2bc49fff4951f27f2,0.15
14017341,1642346715.0,0x06c18ebdeb2ad98dbdb573254da09a7b6af49e74,0x32ebca8decdfe3b41f0324d2bc49fff4951f27f2,0.75
14017462,1642348230.0,0x13b8e96e0232af40cf2bc337e68ca8dc04ba15a6,0x32ebca8decdfe3b41f0324d2bc49fff4951f27f2,0.4499999999999999
14017505,1642348839.0,0x9b3098c7d60e36ac123e1689d4aa8e02cddc6556,0x32ebca8decdfe3b41f0324d2bc49fff4951f27f2,0.2
14017647,1642350565.0,0xb76a2ceb2bdc22ec2b726f1fe1e59fa41375e5a7,0x32ebca8decdfe3b41f0324d2bc49fff4951f27f2,0.4499999999999999
14017668,1642350819.0,0x682f13b75a14365e078c8550560d88b1e268c3df,0x32ebca8decdfe3b41f0324d2bc49fff4951f27f2,0.15
14017707,1642351275.0,0x34f22447b2eedea976c0733cee67b7723e311d31,0x32ebca8decdfe3b41f0324d2bc49fff4951f27f2,0.4
14017798,1642352536.0,0x9ba66ba4c7cd84693bfdd5eab7bc07b3a2f17c44,0x32ebca8decdfe3b41f0324d2bc49fff4951f27f2,0.3
14017804,1642352643.0,0xadb4f06c70e16b3d9b600c385fe97ab66fdf201f,0x32ebca8decdfe3b41f0324d2bc49fff4951f27f2,0.15
14017816,1642352787.0,0x38631663997b0b0a8d476c472551c9c5e529005e,0x32ebca8decdfe3b41f0324d2bc49fff4951f27f2,0.15
14017831,1642353014.0,0x5cfe248dac84dbe002342847246297568cecec96,0x32ebca8decdfe3b41f0324d2bc49fff4951f27f2,0.15
14017874,1642353631.0,0x89df2df851a8d97afed88a492c1496cfc534a172,0x32ebca8decdfe3b41f0324d2bc49fff4951f27f2,0.15
14017969,1642354843.0,0xed08f5569cb175556003b3510143cd4e1a6a3533,0x32ebca8decdfe3b41f0324d2bc49fff4951f27f2,0.15
14018023,1642355594.0,0xc8b1c9a963d98804fd2384a7ac6dd7d0d13432d5,0x32ebca8decdfe3b41f0324d2bc49fff4951f27f2,0.4499999999999999
14018069,1642356160.0,0x2c1aa236835daa98b97879f1b48273328facb9a3,0x32ebca8decdfe3b41f0324d2bc49fff4951f27f2,0.4499999999999999
14018079,1642356273.0,0x44c1451bf62a99378ae4f97658067131a33ff050,0x32ebca8decdfe3b41f0324d2bc49fff4951f27f2,0.4499999999999999
14018122,1642356859.0,0x973b4976c32b868401bd2da684fb0d80e5580242,0x32ebca8decdfe3b41f0324d2bc49fff4951f27f2,0.15
14018176,1642357630.0,0xefa834f85097cb89a4756535719f5b1fb751b3d1,0x32ebca8decdfe3b41f0324d2bc49fff4951f27f2,0.2
14018183,1642357681.0,0x00721d10c11574d801300d0715430ae78dc2cbb7,0x32ebca8decdfe3b41f0324d2bc49fff4951f27f2,0.3
14018206,1642357946.0,0xe0d85c5eb32eb7a3c5fac1dcd20b09cb1c49d140,0x32ebca8decdfe3b41f0324d2bc49fff4951f27f2,0.75
14018243,1642358480.0,0x313e33de469738877e23d0d2eabb9da44d3e7e24,0x32ebca8decdfe3b41f0324d2bc49fff4951f27f2,0.15
14018256,1642358658.0,0xcbd49adc5ce7c64ad036c95a37fa20ec2397b1e5,0x32ebca8decdfe3b41f0324d2bc49fff4951f27f2,0.4499999999999999
14018276,1642358863.0,0x2aafd2121a8608abde7da222b182419a0c6c1f1f,0x32ebca8decdfe3b41f0324d2bc49fff4951f27f2,0.2
14018345,1642359768.0,0x9f1c25f882339404cd340a674b087bfb5c2bc6f2,0x32ebca8decdfe3b41f0324d2bc49fff4951f27f2,0.15
14018352,1642359822.0,0x9f1c25f882339404cd340a674b087bfb5c2bc6f2,0x32ebca8decdfe3b41f0324d2bc49fff4951f27f2,0.3
14018356,1642359890.0,0x3861dd49aa50ca22c61bc0e3bb0f3d597cc15232,0x32ebca8decdfe3b41f0324d2bc49fff4951f27f2,0.4499999999999999
14018393,1642360340.0,0xa558fdc632427645968067bd4e2dde444d49dbbf,0x32ebca8decdfe3b41f0324d2bc49fff4951f27f2,0.4499999999999999
14018450,1642361123.0,0xaea1fddf315ccdbfee750541b5b5d6d3cd767ef8,0x32ebca8decdfe3b41f0324d2bc49fff4951f27f2,0.4499999999999999
14018465,1642361474.0,0x3ac27653f63f05466a48a436718cc2798d0afcfb,0x32ebca8decdfe3b41f0324d2bc49fff4951f27f2,0.4499999999999999
14018468,1642361541.0,0x277d8b4a4ea2de69d2f0d48886fa35ccb2c47b2e,0x32ebca8decdfe3b41f0324d2bc49fff4951f27f2,0.3
14019246,1642372176.0,0xdef79a127ea74d6db967471ad6e0f58318c0436a,0x32ebca8decdfe3b41f0324d2bc49fff4951f27f2,0.15
14019934,1642380641.0,0x62354203baefe8e2993189c6b8a21c055d0bfab7,0x32ebca8decdfe3b41f0324d2bc49fff4951f27f2,0.2
14020430,1642387728.0,0x5f3286a42dc23785ff466319daa39a3a90ee8ce5,0x32ebca8decdfe3b41f0324d2bc49fff4951f27f2,0.4499999999999999
14020431,1642387733.0,0xdef79a127ea74d6db967471ad6e0f58318c0436a,0x32ebca8decdfe3b41f0324d2bc49fff4951f27f2,0.15
14020436,1642387806.0,0x7eab29d8695df17621eca877fe6dea0c834e8902,0x32ebca8decdfe3b41f0324d2bc49fff4951f27f2,0.75
14021333,1642400198.0,0x348042a543e1f95273fb3dc26fa9d4889f67b9c7,0x32ebca8decdfe3b41f0324d2bc49fff4951f27f2,0.15
14021830,1642406747.0,0xf3cf869a3d77b819319101cb1b95b42881de8824,0x32ebca8decdfe3b41f0324d2bc49fff4951f27f2,0.75
14022033,1642409237.0,0xb92c5670fd30ff9dc36881bf8831ecfda06f5e29,0x32ebca8decdfe3b41f0324d2bc49fff4951f27f2,0.15
14022226,1642411579.0,0xf93f1d76fc67dc9b481e2daff41d6aa8ddfba8c8,0x32ebca8decdfe3b41f0324d2bc49fff4951f27f2,0.15
14022709,1642418137.0,0x8166fe90ab9433259229bc2954c10f704750e0d5,0x32ebca8decdfe3b41f0324d2bc49fff4951f27f2,0.2
14023373,1642426801.0,0xe4c3e6e23eda493bc350b95ecc3a20ca8b5bda10,0x32ebca8decdfe3b41f0324d2bc49fff4951f27f2,0.15
14024401,1642440570.0,0x0cbae5bf6daea1c563e0267ce2df134404fdb359,0x32ebca8decdfe3b41f0324d2bc49fff4951f27f2,0.2
14025025,1642448898.0,0xb900020a4db5391fbbe83d17cd6646ad6d04600c,0x32ebca8decdfe3b41f0324d2bc49fff4951f27f2,0.6
14025403,1642454066.0,0xbd0b14481b2b8b6bd72056bcb7c0cba1b739c858,0x32ebca8decdfe3b41f0324d2bc49fff4951f27f2,0.2
14026207,1642464530.0,0xb827c5fcf7c07b15191a2e0f57b52df0b595f378,0x32ebca8decdfe3b41f0324d2bc49fff4951f27f2,0.4
14027036,1642475210.0,0x18f01b98ad72c7ea80eb3b96df16690ca310a25f,0x32ebca8decdfe3b41f0324d2bc49fff4951f27f2,0.2
14027297,1642478776.0,0x627d99ebb1edd5d6d3b18eaf72dec298ae9f4d85,0x32ebca8decdfe3b41f0324d2bc49fff4951f27f2,0.2
14027682,1642484069.0,0x1bafe19adc047afa1f0034b947793fc85d520774,0x32ebca8decdfe3b41f0324d2bc49fff4951f27f2,0.2
14027765,1642485146.0,0x9d144652e15500308b3467f3264837a92f2e4c98,0x32ebca8decdfe3b41f0324d2bc49fff4951f27f2,0.2
14027960,1642487956.0,0x261c973ca294fe88fa67060fe23be6df4c9afdca,0x32ebca8decdfe3b41f0324d2bc49fff4951f27f2,0.2
14029452,1642508338.0,0x0bf4be0732dd408ef2be4346db59b61d0557a4ee,0x32ebca8decdfe3b41f0324d2bc49fff4951f27f2,0.8
14029485,1642508819.0,0x0bf4be0732dd408ef2be4346db59b61d0557a4ee,0x32ebca8decdfe3b41f0324d2bc49fff4951f27f2,0.2
14030305,1642519688.0,0xe5e530dc4409140d4903733425aee276f2beed48,0x32ebca8decdfe3b41f0324d2bc49fff4951f27f2,0.6
14030312,1642519745.0,0xe5e530dc4409140d4903733425aee276f2beed48,0x32ebca8decdfe3b41f0324d2bc49fff4951f27f2,0.2
14030851,1642526669.0,0x532edeee1cad0a67cf998f4934af54fe3ca5c682,0x32ebca8decdfe3b41f0324d2bc49fff4951f27f2,0.2
14032377,1642546692.0,0x1e13f94efc7f18eb2eed480f599d9af29d93b0b0,0x32ebca8decdfe3b41f0324d2bc49fff4951f27f2,0.2
14034178,1642571299.0,0x1180517772d8c603629a2a066bbfa7f2e741bc11,0x32ebca8decdfe3b41f0324d2bc49fff4951f27f2,0.15
14038914,1642634174.0,0x6c6f391985186b7eb8d9dd133ff36f5305b83cad,0x32ebca8decdfe3b41f0324d2bc49fff4951f27f2,0.15
14044151,1642704168.0,0xe4abec499c83ab5e30b37dacec9bf5b3a92900b1,0x32ebca8decdfe3b41f0324d2bc49fff4951f27f2,0.2
14044672,1642711017.0,0x30eb9cc4ffd0326180eb3c2b92e8dd4593f47fd1,0x32ebca8decdfe3b41f0324d2bc49fff4951f27f2,0.2
14045040,1642715860.0,0x3f2e1636db31db54bc82b02cb3a098bc35c4fdc1,0x32ebca8decdfe3b41f0324d2bc49fff4951f27f2,0.2
14064501,1642975617.0,0xa8adedcc30cb6366cb942cd78bc10586f42aec6c,0x32ebca8decdfe3b41f0324d2bc49fff4951f27f2,0.2
14070926,1643061943.0,0xd7ef6b1a574554c88f866b22654e3c9f02081a20,0x32ebca8decdfe3b41f0324d2bc49fff4951f27f2,0.2
14112261,1643613644.0,0xd0e41736caa0dd69fe0f5195a5e4768a0a964e88,0x32ebca8decdfe3b41f0324d2bc49fff4951f27f2,0.2
14123650,1643765052.0,0x563eb26aa5ded0c404e0acb10bec5814f4b969ba,0x32ebca8decdfe3b41f0324d2bc49fff4951f27f2,0.3
14126491,1643803025.0,0x32ebca8decdfe3b41f0324d2bc49fff4951f27f2,0x722122df12d4e14e13ac3b6895a86e84145b6967,10.0
14126495,1643803073.0,0x32ebca8decdfe3b41f0324d2bc49fff4951f27f2,0x722122df12d4e14e13ac3b6895a86e84145b6967,10.0
14138690,1643966818.0,0x32ebca8decdfe3b41f0324d2bc49fff4951f27f2,0x722122df12d4e14e13ac3b6895a86e84145b6967,10.0
14138692,1643966834.0,0x32ebca8decdfe3b41f0324d2bc49fff4951f27f2,0x722122df12d4e14e13ac3b6895a86e84145b6967,10.0
14162427,1644282864.0,0x75971a0ca75d3515e125b60b33fd7d85c58471ee,0x32ebca8decdfe3b41f0324d2bc49fff4951f27f2,0.2
14166394,1644336270.0,0x087a8bd1c6ed8f3e6d68b30b5bb5d4937c453c95,0x32ebca8decdfe3b41f0324d2bc49fff4951f27f2,0.2
14172749,1644421200.0,0xeba3bbbb0bee1efab49a0e544f54bc24064f8375,0x32ebca8decdfe3b41f0324d2bc49fff4951f27f2,0.2
14201350,1644803198.0,0x9be7a154e711fe376dbdc5f931262440aeb24f7c,0x32ebca8decdfe3b41f0324d2bc49fff4951f27f2,0.2
14262449,1645621109.0,0x26ee6ea132b0e8d0d3adc31a2a0e66e4ed70916b,0x32ebca8decdfe3b41f0324d2bc49fff4951f27f2,0.2
14263460,1645634242.0,0x08223fb88e4836a41e0a29cebe5d687f25c63422,0x32ebca8decdfe3b41f0324d2bc49fff4951f27f2,0.2
14264982,1645654229.0,0x94644fb9ff3f6821219c917961ccdff753709969,0x32ebca8decdfe3b41f0324d2bc49fff4951f27f2,2.0
14265269,1645658076.0,0x097f71d2abaf370e686fb3f3d773592d9b0031ed,0x32ebca8decdfe3b41f0324d2bc49fff4951f27f2,0.2
14265393,1645659720.0,0xb853e14289ea6d287474172091251a299259ef63,0x32ebca8decdfe3b41f0324d2bc49fff4951f27f2,0.2
14265559,1645661927.0,0x77f0cde87281e9305baad0457a48a6c21b5b5627,0x32ebca8decdfe3b41f0324d2bc49fff4951f27f2,0.2
14268536,1645702341.0,0xa85c0019527fc1b3cd338b72b8131626e7aad238,0x32ebca8decdfe3b41f0324d2bc49fff4951f27f2,0.2
14270267,1645725348.0,0xa05b52ebf2022a1ea0cd63bb68351b326a454dc0,0x32ebca8decdfe3b41f0324d2bc49fff4951f27f2,0.2
14293706,1646038978.0,0x32ebca8decdfe3b41f0324d2bc49fff4951f27f2,0xd90e2f925da726b50c4ed8d0fb90ad053324f31b,10.0
14496113,1648758717.0,0x409e0f20868c981bb6a4cae438414bddd47306a0,0x32ebca8decdfe3b41f0324d2bc49fff4951f27f2,0.2
14597688,1650129860.0,0x32ebca8decdfe3b41f0324d2bc49fff4951f27f2,0xd90e2f925da726b50c4ed8d0fb90ad053324f31b,1.0
14628080,1650541131.0,0x32ebca8decdfe3b41f0324d2bc49fff4951f27f2,0x0d666cc8a253eafb2add071a218603577faab83e,1.1617121230698717
