BlockHeight,TimeStamp,From,To,Value
15894950,1667544407.0,0x86d8e3d9f1c70b41fd6fddfdf027ca361a2a53df,0x3646825becbccca45c5f6d16f1ddff1596d3d387,0.00458091
15917653,1667818175.0,0x3646825becbccca45c5f6d16f1ddff1596d3d387,0x838d8e11b160dec88fe62bf0f743fb7000941e13,0.0
15921104,1667859755.0,0x3646825becbccca45c5f6d16f1ddff1596d3d387,0x4fe83213d56308330ec302a8bd641f1d0113a4cc,0.0
15923817,1667892491.0,0x3646825becbccca45c5f6d16f1ddff1596d3d387,0xed04915c23f00a313a544955524eb7dbd823143d,0.0
15923818,1667892503.0,0x3646825becbccca45c5f6d16f1ddff1596d3d387,0xed04915c23f00a313a544955524eb7dbd823143d,0.0
15932518,1667997467.0,0x478e0cca43c0b008542d6fa671d875c846cc8c8a,0x3646825becbccca45c5f6d16f1ddff1596d3d387,0.0533285051936931
15934298,1668019031.0,0x3646825becbccca45c5f6d16f1ddff1596d3d387,0xf5b1fd29d23e98db2d9ebb8435e1082e3b38fb65,0.0
15934300,1668019055.0,0x3646825becbccca45c5f6d16f1ddff1596d3d387,0xc02aaa39b223fe8d0a0e5c4f27ead9083c756cc2,0.0
15934411,1668020387.0,0x3646825becbccca45c5f6d16f1ddff1596d3d387,0xae86f48c0b00f2a3eaef4ba4c23d17368f0f63f4,0.0
16042902,1669329827.0,0xadf8057af2505e502d4b15fde2fe69038915eb18,0x3646825becbccca45c5f6d16f1ddff1596d3d387,0.005
16507936,1674940499.0,0x3646825becbccca45c5f6d16f1ddff1596d3d387,0xa0b86991c6218b36c1d19d4a2e9eb0ce3606eb48,0.0
16507952,1674940691.0,0x3646825becbccca45c5f6d16f1ddff1596d3d387,0xed04915c23f00a313a544955524eb7dbd823143d,0.0
18536716,1699560983.0,0x3646825becbccca45c5f6d16f1ddff1596d3d387,0x21ba699b00c5aebd4d7b7c7a824ebf0b53a7fbde,0.0236653534673553
