BlockHeight,TimeStamp,From,To,Value
15472708,1662309647.0,0x05c1710606d5a780e654eeb3bd535e86f16705a4,0x3c05c77edebb87398f1dcc5b9bcdd5b56909b2d1,0.3231970453807872
15472710,1662309680.0,0x7d721c8cd23ef0695af60f4dcb3fa88d6c5e570a,0x3c05c77edebb87398f1dcc5b9bcdd5b56909b2d1,0.9094746125702782
15472760,1662310350.0,0x68b3465833fb72a70ecdf485e0e4c7bd8665fc45,0x3c05c77edebb87398f1dcc5b9bcdd5b56909b2d1,2.693999662921657
15472760,1662310350.0,0x3c05c77edebb87398f1dcc5b9bcdd5b56909b2d1,0x68b3465833fb72a70ecdf485e0e4c7bd8665fc45,0.0
15472812,1662311115.0,0x650cf4c97a5ff8958e9b72dd58300302990f9d9f,0x3c05c77edebb87398f1dcc5b9bcdd5b56909b2d1,4.0
15472815,1662311166.0,0x3c05c77edebb87398f1dcc5b9bcdd5b56909b2d1,0xbd871223fb252f75328b084e44271d37aabf7290,6.68
15472943,1662312780.0,0x3c05c77edebb87398f1dcc5b9bcdd5b56909b2d1,0x68b3465833fb72a70ecdf485e0e4c7bd8665fc45,0.4
15473061,1662314515.0,0x3c05c77edebb87398f1dcc5b9bcdd5b56909b2d1,0x3c05c77edebb87398f1dcc5b9bcdd5b56909b2d1,0.0
15473061,1662314515.0,0x3c05c77edebb87398f1dcc5b9bcdd5b56909b2d1,0x3c05c77edebb87398f1dcc5b9bcdd5b56909b2d1,0.0
15474534,1662334440.0,0x3c05c77edebb87398f1dcc5b9bcdd5b56909b2d1,0xae36ee5e023431843e2d4ab3219432b1d149fde5,0.4
15474706,1662336813.0,0x3c05c77edebb87398f1dcc5b9bcdd5b56909b2d1,0xae36ee5e023431843e2d4ab3219432b1d149fde5,0.15
15475265,1662344944.0,0x3c05c77edebb87398f1dcc5b9bcdd5b56909b2d1,0xe30d7183dd74f352e4a71d71f7c2a043446ac0d4,0.13
15475954,1662355149.0,0x3c05c77edebb87398f1dcc5b9bcdd5b56909b2d1,0xae36ee5e023431843e2d4ab3219432b1d149fde5,0.15
15476751,1662365913.0,0x3c05c77edebb87398f1dcc5b9bcdd5b56909b2d1,0x68b3465833fb72a70ecdf485e0e4c7bd8665fc45,0.0
15476751,1662365913.0,0x68b3465833fb72a70ecdf485e0e4c7bd8665fc45,0x3c05c77edebb87398f1dcc5b9bcdd5b56909b2d1,0.4012569084690229
15476754,1662366043.0,0x3c05c77edebb87398f1dcc5b9bcdd5b56909b2d1,0xc40568f147aff69643a9029b85ac40566e8c9424,0.4
15490916,1662562192.0,0x3c05c77edebb87398f1dcc5b9bcdd5b56909b2d1,0xdefa4e8a7bcba345f687a2f1456f5edd9ce97202,0.0
15490917,1662562210.0,0x3c05c77edebb87398f1dcc5b9bcdd5b56909b2d1,0xdefa4e8a7bcba345f687a2f1456f5edd9ce97202,0.0
15490917,1662562210.0,0x3c05c77edebb87398f1dcc5b9bcdd5b56909b2d1,0xdefa4e8a7bcba345f687a2f1456f5edd9ce97202,0.0
15490922,1662562348.0,0x12c7f8d0ca02776db7350451fef13bc4dcd564b0,0x3c05c77edebb87398f1dcc5b9bcdd5b56909b2d1,0.0476736957855334
15490927,1662562386.0,0x3c05c77edebb87398f1dcc5b9bcdd5b56909b2d1,0x617dee16b86534a5d792a4d7a62fb491b544111e,0.0
15490927,1662562386.0,0x41684b361557e9282e0373ca51260d9331e518c9,0x3c05c77edebb87398f1dcc5b9bcdd5b56909b2d1,53.540291857006856
15490936,1662562561.0,0x3c05c77edebb87398f1dcc5b9bcdd5b56909b2d1,0x617dee16b86534a5d792a4d7a62fb491b544111e,0.0
15490936,1662562561.0,0x41684b361557e9282e0373ca51260d9331e518c9,0x3c05c77edebb87398f1dcc5b9bcdd5b56909b2d1,68.33239586114269
15490944,1662562669.0,0x41684b361557e9282e0373ca51260d9331e518c9,0x3c05c77edebb87398f1dcc5b9bcdd5b56909b2d1,73.48213497087113
15490944,1662562669.0,0x3c05c77edebb87398f1dcc5b9bcdd5b56909b2d1,0x617dee16b86534a5d792a4d7a62fb491b544111e,0.0
15490953,1662562830.0,0x3c05c77edebb87398f1dcc5b9bcdd5b56909b2d1,0x8bca1e6b415870b543423beea74c07be9f368561,195.0
15497360,1662650792.0,0x3c05c77edebb87398f1dcc5b9bcdd5b56909b2d1,0x617dee16b86534a5d792a4d7a62fb491b544111e,0.0
15497360,1662650792.0,0x41684b361557e9282e0373ca51260d9331e518c9,0x3c05c77edebb87398f1dcc5b9bcdd5b56909b2d1,108.55831096029397
15497376,1662650947.0,0x3c05c77edebb87398f1dcc5b9bcdd5b56909b2d1,0x22a3261aeb5bd660296a98fccd75c2c1894a9961,108.0
15497584,1662653774.0,0x3c05c77edebb87398f1dcc5b9bcdd5b56909b2d1,0x22a3261aeb5bd660296a98fccd75c2c1894a9961,0.9
15579814,1663738871.0,0x3c05c77edebb87398f1dcc5b9bcdd5b56909b2d1,0x5a666c7d92e5fa7edcb6390e4efd6d0cdd69cf37,0.0
15579818,1663738919.0,0x3c05c77edebb87398f1dcc5b9bcdd5b56909b2d1,0x68b3465833fb72a70ecdf485e0e4c7bd8665fc45,0.0
15579818,1663738919.0,0x68b3465833fb72a70ecdf485e0e4c7bd8665fc45,0x3c05c77edebb87398f1dcc5b9bcdd5b56909b2d1,0.3036152888117888
15579819,1663738931.0,0x3c05c77edebb87398f1dcc5b9bcdd5b56909b2d1,0xeb4c2781e4eba804ce9a9803c67d0893436bb27d,0.0
15579821,1663738955.0,0x3c05c77edebb87398f1dcc5b9bcdd5b56909b2d1,0x68b3465833fb72a70ecdf485e0e4c7bd8665fc45,0.0
15579821,1663738955.0,0x68b3465833fb72a70ecdf485e0e4c7bd8665fc45,0x3c05c77edebb87398f1dcc5b9bcdd5b56909b2d1,0.2841770601715559
15579882,1663739711.0,0xb21cdbc53198fc284a0fe4c28dde3530d1529b5e,0x3c05c77edebb87398f1dcc5b9bcdd5b56909b2d1,0.0661650715058915
15579885,1663739747.0,0x3de14dab8da148af42b871df7308848c3abb90e4,0x3c05c77edebb87398f1dcc5b9bcdd5b56909b2d1,0.034554950191631
15579887,1663739771.0,0xfcce08c6119ceca41f9f2c07db4aaee8391b864f,0x3c05c77edebb87398f1dcc5b9bcdd5b56909b2d1,0.018623937811353
15579890,1663739807.0,0x3c05c77edebb87398f1dcc5b9bcdd5b56909b2d1,0xaf863140a0430096d0945bbc9ce1c2832af998ad,0.7
15579895,1663739867.0,0x3c05c77edebb87398f1dcc5b9bcdd5b56909b2d1,0xaf863140a0430096d0945bbc9ce1c2832af998ad,0.0366974764249769
