BlockHeight,TimeStamp,From,To,Value
14133374,1643896023.0,0x4d846da8257bb0ebd164eff513dff0f0c2c3c0ba,0x3c07cec29e52e228c0a34fd090453ea6ea531caa,0.2268235109022388
14133380,1643896181.0,0x3c07cec29e52e228c0a34fd090453ea6ea531caa,0x784139fbaffb196be28a8ae5838145c4316cf34e,0.2
14133380,1643896181.0,0x3c07cec29e52e228c0a34fd090453ea6ea531caa,0x3c07cec29e52e228c0a34fd090453ea6ea531caa,0.0
14140263,1643987629.0,0x3cd751e6b0078be393132286c442345e5dc49699,0x3c07cec29e52e228c0a34fd090453ea6ea531caa,0.12493415
14140349,1643988789.0,0x3c07cec29e52e228c0a34fd090453ea6ea531caa,0xfaf106e10a89b6fde7f215638e69012df5cd2945,0.1430588517986557
14310440,1646262218.0,0xddfabcdc4d8ffc6d5beaf154f18b778f892a0740,0x3c07cec29e52e228c0a34fd090453ea6ea531caa,0.11252452
14310450,1646262366.0,0x3c07cec29e52e228c0a34fd090453ea6ea531caa,0xc02aaa39b223fe8d0a0e5c4f27ead9083c756cc2,0.1
14310457,1646262468.0,0x3c07cec29e52e228c0a34fd090453ea6ea531caa,0xc02aaa39b223fe8d0a0e5c4f27ead9083c756cc2,0.0
14310498,1646263235.0,0x3c07cec29e52e228c0a34fd090453ea6ea531caa,0xc02aaa39b223fe8d0a0e5c4f27ead9083c756cc2,0.0
14310498,1646263235.0,0xc02aaa39b223fe8d0a0e5c4f27ead9083c756cc2,0x3c07cec29e52e228c0a34fd090453ea6ea531caa,0.1
14310581,1646264354.0,0x3c07cec29e52e228c0a34fd090453ea6ea531caa,0xc02aaa39b223fe8d0a0e5c4f27ead9083c756cc2,0.095
14310744,1646266709.0,0xc02aaa39b223fe8d0a0e5c4f27ead9083c756cc2,0x3c07cec29e52e228c0a34fd090453ea6ea531caa,0.095
14310744,1646266709.0,0x3c07cec29e52e228c0a34fd090453ea6ea531caa,0xc02aaa39b223fe8d0a0e5c4f27ead9083c756cc2,0.0
14310777,1646267176.0,0x3c07cec29e52e228c0a34fd090453ea6ea531caa,0x1aa3ee4e379a264b083e9b1ecf54c8dfbe3a8c81,0.1001986727851846
14441896,1648029866.0,0x4d846da8257bb0ebd164eff513dff0f0c2c3c0ba,0x3c07cec29e52e228c0a34fd090453ea6ea531caa,0.1409277051079607
14445250,1648074319.0,0x3c07cec29e52e228c0a34fd090453ea6ea531caa,0x329ee913aeb384822a96c71b609736c77aa5e8a3,0.12
14446848,1648096077.0,0x3c07cec29e52e228c0a34fd090453ea6ea531caa,0xa5409ec958c83c3f309868babaca7c86dcb077c1,0.0
14447427,1648104404.0,0x3c07cec29e52e228c0a34fd090453ea6ea531caa,0x329ee913aeb384822a96c71b609736c77aa5e8a3,0.0
14471573,1648428881.0,0x3c07cec29e52e228c0a34fd090453ea6ea531caa,0x7f268357a8c2552623316e2562d90e642bb538e5,0.0
17463304,1686564707.0,0x4c9af439b1a6761b8e549d8d226a468a6b2803a8,0x3c07cec29e52e228c0a34fd090453ea6ea531caa,0.142558
17463359,1686565367.0,0x3c07cec29e52e228c0a34fd090453ea6ea531caa,0xe3bc64efa8650195bec1cc03d2e628e4ae72cd08,0.1407472507404596
18139704,1694757587.0,0x4c9af439b1a6761b8e549d8d226a468a6b2803a8,0x3c07cec29e52e228c0a34fd090453ea6ea531caa,0.260807
18139896,1694759951.0,0x3c07cec29e52e228c0a34fd090453ea6ea531caa,0xb2ed32581b82ca9bee2a40511ffc04ccb4a30119,0.2623782772760269
