BlockHeight,TimeStamp,From,To,Value
15566213,1663574147.0,0x6b4b76d4045de28898621ad982b538aeaf8dbe96,0x3ebd76b25a453252ca6b61334ed6f156bf5dd928,0.0
15566321,1663575455.0,0x6b4b76d4045de28898621ad982b538aeaf8dbe96,0x3ebd76b25a453252ca6b61334ed6f156bf5dd928,0.0
15566329,1663575563.0,0x6b4b76d4045de28898621ad982b538aeaf8dbe96,0x3ebd76b25a453252ca6b61334ed6f156bf5dd928,0.0
15566343,1663575731.0,0x6b4b76d4045de28898621ad982b538aeaf8dbe96,0x3ebd76b25a453252ca6b61334ed6f156bf5dd928,0.0
15566370,1663576055.0,0x6b4b76d4045de28898621ad982b538aeaf8dbe96,0x3ebd76b25a453252ca6b61334ed6f156bf5dd928,0.0
15571569,1663639115.0,0x6b4b76d4045de28898621ad982b538aeaf8dbe96,0x3ebd76b25a453252ca6b61334ed6f156bf5dd928,0.0
15571582,1663639271.0,0x6b4b76d4045de28898621ad982b538aeaf8dbe96,0x3ebd76b25a453252ca6b61334ed6f156bf5dd928,0.0
15571746,1663641251.0,0x6b4b76d4045de28898621ad982b538aeaf8dbe96,0x3ebd76b25a453252ca6b61334ed6f156bf5dd928,0.0
15571834,1663642307.0,0x6b4b76d4045de28898621ad982b538aeaf8dbe96,0x3ebd76b25a453252ca6b61334ed6f156bf5dd928,0.0
