BlockHeight,TimeStamp,From,To,Value
14030968,1642528045.0,0x3fb1e914c01103a0200edd5934d47a3b3caf2589,0x3e996ce0e1eed5c622a34ec7ffcdc605fd7634dd,0.09
14031277,1642531990.0,0x3fb1e914c01103a0200edd5934d47a3b3caf2589,0x3e996ce0e1eed5c622a34ec7ffcdc605fd7634dd,0.09
14044809,1642712914.0,0x3e996ce0e1eed5c622a34ec7ffcdc605fd7634dd,0x79cad37ab9bf752d0ef151355a3eeddf081548ea,0.06
14063827,1642966736.0,0x3e996ce0e1eed5c622a34ec7ffcdc605fd7634dd,0x70f0a3eeb4e5c0acf797d2131c736517bd15a74f,0.01494495
14067266,1643012879.0,0x3e996ce0e1eed5c622a34ec7ffcdc605fd7634dd,0x1a569f65f4a6d748d95d72ecf295b09ccab6c694,0.010822
14067546,1643016700.0,0x3e996ce0e1eed5c622a34ec7ffcdc605fd7634dd,0x57658a10dc012f20e4c9c1d843a43c8255e5c10a,0.00965
14067559,1643016875.0,0x3e996ce0e1eed5c622a34ec7ffcdc605fd7634dd,0x70f0a3eeb4e5c0acf797d2131c736517bd15a74f,0.00549788
14073597,1643098272.0,0x3e996ce0e1eed5c622a34ec7ffcdc605fd7634dd,0x3de549f2cb0761d0c6164dae7b0ef62a69b26565,0.025069358558679
14075144,1643119083.0,0x3e996ce0e1eed5c622a34ec7ffcdc605fd7634dd,0x3de549f2cb0761d0c6164dae7b0ef62a69b26565,0.008272530236098
14076344,1643135340.0,0x8cbf96147bc813ccdcd2fcc4b9c6271befc49ec3,0x3e996ce0e1eed5c622a34ec7ffcdc605fd7634dd,0.0681141593310388
14077076,1643144822.0,0x3e996ce0e1eed5c622a34ec7ffcdc605fd7634dd,0x3de549f2cb0761d0c6164dae7b0ef62a69b26565,0.0412437464169495
14082816,1643220746.0,0x83ffa3db9924e0f573876ba44199b6ca4933a9c8,0x3e996ce0e1eed5c622a34ec7ffcdc605fd7634dd,0.3
14088360,1643295882.0,0x3e996ce0e1eed5c622a34ec7ffcdc605fd7634dd,0x3de549f2cb0761d0c6164dae7b0ef62a69b26565,0.0400434070532457
14089382,1643308932.0,0x939843151738488667dbf938276fe8705041d7ef,0x3e996ce0e1eed5c622a34ec7ffcdc605fd7634dd,0.3
14092724,1643353770.0,0x3e996ce0e1eed5c622a34ec7ffcdc605fd7634dd,0x890d41fbf50cc82dedccc9abe80189032172f872,0.55
14095745,1643393898.0,0x44ec8cd0717c2276b9e5fb3755b73b32a064a943,0x3e996ce0e1eed5c622a34ec7ffcdc605fd7634dd,0.3
14096628,1643405721.0,0xc3e534085f91dbd41abb4792fdfe4ebc107a8e7a,0x3e996ce0e1eed5c622a34ec7ffcdc605fd7634dd,0.3
14099596,1643444785.0,0x3e996ce0e1eed5c622a34ec7ffcdc605fd7634dd,0x890d41fbf50cc82dedccc9abe80189032172f872,0.63
14133341,1643895555.0,0x4e76b8a9491687ca6dcec7af99eddf6080b3d043,0x3e996ce0e1eed5c622a34ec7ffcdc605fd7634dd,0.12
14133477,1643897392.0,0xafafd65bde67c558736a21d29bc2ffb6cccce634,0x3e996ce0e1eed5c622a34ec7ffcdc605fd7634dd,0.12
14134918,1643916419.0,0xd0879a3992e6187e8454d4e942c6589eecb5a111,0x3e996ce0e1eed5c622a34ec7ffcdc605fd7634dd,0.24
14134948,1643916819.0,0xd0879a3992e6187e8454d4e942c6589eecb5a111,0x3e996ce0e1eed5c622a34ec7ffcdc605fd7634dd,0.12
14139897,1643982730.0,0x153fa59e22c2ff228ac9a0ecd923c3f09df336a4,0x3e996ce0e1eed5c622a34ec7ffcdc605fd7634dd,0.26
14140013,1643984265.0,0x82f60fde073fd8c5e30fd273394c64a97f17ec23,0x3e996ce0e1eed5c622a34ec7ffcdc605fd7634dd,0.13
14140148,1643986254.0,0x30d8d56bdd17101bf1bff58cdc0bedb110616d3a,0x3e996ce0e1eed5c622a34ec7ffcdc605fd7634dd,0.26
14140148,1643986254.0,0x30d8d56bdd17101bf1bff58cdc0bedb110616d3a,0x3e996ce0e1eed5c622a34ec7ffcdc605fd7634dd,0.38135
14140754,1643994170.0,0xc1762779867b9bcd500136ff460f0663875af69f,0x3e996ce0e1eed5c622a34ec7ffcdc605fd7634dd,0.13
14140934,1643996502.0,0x3e996ce0e1eed5c622a34ec7ffcdc605fd7634dd,0x9b9a4ddc026136d995a39708fb813d9fd80deb3a,0.016929
14141179,1643999783.0,0xd5959829ed3509aff590b99bda00898010e87b92,0x3e996ce0e1eed5c622a34ec7ffcdc605fd7634dd,0.26
14141180,1643999801.0,0xd5959829ed3509aff590b99bda00898010e87b92,0x3e996ce0e1eed5c622a34ec7ffcdc605fd7634dd,1.30673
14141937,1644009221.0,0x5330a1e6278424a7d975c5a3c0fceed44c2ae846,0x3e996ce0e1eed5c622a34ec7ffcdc605fd7634dd,0.13
14141941,1644009241.0,0x5330a1e6278424a7d975c5a3c0fceed44c2ae846,0x3e996ce0e1eed5c622a34ec7ffcdc605fd7634dd,0.21292
14142547,1644017103.0,0xfea1d3f5a79f8ede0dee6e0146c614d5c9647701,0x3e996ce0e1eed5c622a34ec7ffcdc605fd7634dd,0.13
14142775,1644020244.0,0x27ec5d8492a58d327d2667ae53e3f5f499f4bf46,0x3e996ce0e1eed5c622a34ec7ffcdc605fd7634dd,0.13
14142775,1644020244.0,0x27ec5d8492a58d327d2667ae53e3f5f499f4bf46,0x3e996ce0e1eed5c622a34ec7ffcdc605fd7634dd,0.1387499999999999
14142902,1644021997.0,0xd7ce172fd2fe7fa233cb0269ddbf485309f31c27,0x3e996ce0e1eed5c622a34ec7ffcdc605fd7634dd,0.13
14143764,1644034202.0,0xf8228f1b16af66bfae02fc2acfe19a2e50f50471,0x3e996ce0e1eed5c622a34ec7ffcdc605fd7634dd,0.39
14143799,1644034790.0,0x18852b31a01e41868c1a9fda6d8521015e3a2028,0x3e996ce0e1eed5c622a34ec7ffcdc605fd7634dd,0.13
14146727,1644074069.0,0x3e996ce0e1eed5c622a34ec7ffcdc605fd7634dd,0x890d41fbf50cc82dedccc9abe80189032172f872,0.7
14146995,1644077375.0,0xd1d05da937b741b56bf13112a617f024d3999915,0x3e996ce0e1eed5c622a34ec7ffcdc605fd7634dd,0.13
14147393,1644082820.0,0xa685abf91c2cf213389d93fbf9fe018b4e06da65,0x3e996ce0e1eed5c622a34ec7ffcdc605fd7634dd,0.13
14147520,1644084487.0,0xc0533b1f17a70405046c33ac3bf96e4057441088,0x3e996ce0e1eed5c622a34ec7ffcdc605fd7634dd,0.13
14147675,1644086735.0,0xf5cad3289074bfaee4321944dd3841bd50260e53,0x3e996ce0e1eed5c622a34ec7ffcdc605fd7634dd,0.13
14151811,1644141520.0,0x6370b06eb5dbfb44a6d663bbee72f40ebdbcd962,0x3e996ce0e1eed5c622a34ec7ffcdc605fd7634dd,0.13
14153009,1644157109.0,0xc28f4519b83671aa3a7e6c652609411d2ccc7e90,0x3e996ce0e1eed5c622a34ec7ffcdc605fd7634dd,0.13
14153752,1644166760.0,0x60dd7267120ebb30064fc989b7deedd7abfc9eda,0x3e996ce0e1eed5c622a34ec7ffcdc605fd7634dd,0.13
14154924,1644182755.0,0xed1ff4bcf9c553502afca2dd3877acc99a698786,0x3e996ce0e1eed5c622a34ec7ffcdc605fd7634dd,0.15
14155120,1644185512.0,0x7e5929629856e92d6f47ec70c2cb66702406a0fd,0x3e996ce0e1eed5c622a34ec7ffcdc605fd7634dd,0.15
14158483,1644230841.0,0x3e996ce0e1eed5c622a34ec7ffcdc605fd7634dd,0xe2acfc574ed330feeb38a82d8336472dc00a8e8e,0.016242
14167961,1644357335.0,0x3e996ce0e1eed5c622a34ec7ffcdc605fd7634dd,0x8ac673b687ff44af813baec56c9b016506a7f1d2,0.01127356
14174779,1644448762.0,0xc97529e03a2903da0f9505f1fe3e928eb7c8be23,0x3e996ce0e1eed5c622a34ec7ffcdc605fd7634dd,0.2
14177907,1644490155.0,0x4313e4b72f31f09ec231deac970685280184fd47,0x3e996ce0e1eed5c622a34ec7ffcdc605fd7634dd,0.15
14179701,1644514827.0,0x5ea70f47f046a340e7a46bf7c4286a1ed95f0f64,0x3e996ce0e1eed5c622a34ec7ffcdc605fd7634dd,0.25
14180510,1644525584.0,0x8bd67adf4a87641f9bcfd304b2cb9cfc74413542,0x3e996ce0e1eed5c622a34ec7ffcdc605fd7634dd,0.15
14180595,1644526562.0,0x8bd67adf4a87641f9bcfd304b2cb9cfc74413542,0x3e996ce0e1eed5c622a34ec7ffcdc605fd7634dd,0.15
14191039,1644666321.0,0x3e996ce0e1eed5c622a34ec7ffcdc605fd7634dd,0x890d41fbf50cc82dedccc9abe80189032172f872,6.0
14203121,1644826136.0,0x3e996ce0e1eed5c622a34ec7ffcdc605fd7634dd,0x158f510bd88d9fef456fb5ccf6efda06200b6578,0.03657691
14206477,1644871590.0,0x3e996ce0e1eed5c622a34ec7ffcdc605fd7634dd,0xb93b4375e486b69ccbb6dda3d49db48c6f91851d,0.0014916
14206587,1644873199.0,0x3e996ce0e1eed5c622a34ec7ffcdc605fd7634dd,0xcebbb65fe5907320edabb79e22bd26faed2a9641,0.01726
14212076,1644946350.0,0x3e996ce0e1eed5c622a34ec7ffcdc605fd7634dd,0x853384d6e1320738c309911d27bc77fb9e157a97,0.016156
14221316,1645070052.0,0x1b96d921d808128d7bee5aa03453eeb5ea2c8142,0x3e996ce0e1eed5c622a34ec7ffcdc605fd7634dd,0.18
14229053,1645173638.0,0xdb84ebec515ef383aab778f369db1a52678b6199,0x3e996ce0e1eed5c622a34ec7ffcdc605fd7634dd,0.15
14229611,1645181058.0,0x3e996ce0e1eed5c622a34ec7ffcdc605fd7634dd,0x846fe23cbe9bfef7cb7c2ae47422bb20464c6d58,0.08
14235764,1645263275.0,0x3e996ce0e1eed5c622a34ec7ffcdc605fd7634dd,0x890d41fbf50cc82dedccc9abe80189032172f872,0.25
14289462,1645981226.0,0x3e996ce0e1eed5c622a34ec7ffcdc605fd7634dd,0x224e9f6b9584273be054b5f0659586b230aae987,0.00183767
14572408,1649788671.0,0x293e835852b8b05523e87a4e86862d6221c65cf0,0x3e996ce0e1eed5c622a34ec7ffcdc605fd7634dd,0.0008963577994748
14572429,1649788885.0,0x890d41fbf50cc82dedccc9abe80189032172f872,0x3e996ce0e1eed5c622a34ec7ffcdc605fd7634dd,0.0018
14572431,1649788920.0,0x3e996ce0e1eed5c622a34ec7ffcdc605fd7634dd,0xa1b2384e900360a67f5ec06e7794139d67c2b6db,0.0
14572457,1649789200.0,0x3e996ce0e1eed5c622a34ec7ffcdc605fd7634dd,0xa1b2384e900360a67f5ec06e7794139d67c2b6db,0.0
14573115,1649797772.0,0x890d41fbf50cc82dedccc9abe80189032172f872,0x3e996ce0e1eed5c622a34ec7ffcdc605fd7634dd,0.00181
14711774,1651678667.0,0x3e996ce0e1eed5c622a34ec7ffcdc605fd7634dd,0x293e835852b8b05523e87a4e86862d6221c65cf0,0.0019604637009295
15466258,1662220366.0,0x5b68c0b4a259179ae792b91df30f82521322e795,0x3e996ce0e1eed5c622a34ec7ffcdc605fd7634dd,0.0012872166514346
15466306,1662220926.0,0x3e996ce0e1eed5c622a34ec7ffcdc605fd7634dd,0x5b68c0b4a259179ae792b91df30f82521322e795,0.0
15466306,1662220926.0,0x3e996ce0e1eed5c622a34ec7ffcdc605fd7634dd,0x5b68c0b4a259179ae792b91df30f82521322e795,0.0
15552145,1663403675.0,0x3e996ce0e1eed5c622a34ec7ffcdc605fd7634dd,0x5b68c0b4a259179ae792b91df30f82521322e795,0.0
15552145,1663403675.0,0x3e996ce0e1eed5c622a34ec7ffcdc605fd7634dd,0x5b68c0b4a259179ae792b91df30f82521322e795,0.0
