BlockHeight,TimeStamp,From,To,Value
14758261,1652318844.0,0x5bc85c6f3c7f1a5a10a952a0e2efa6758b7ac1c2,0x3f08b12dc209df102eff517c528fcfaf0f04f0e2,0.2
14760023,1652343763.0,0xa4bae34e069e4403263a7bbceb0a77dd36e0598b,0x3f08b12dc209df102eff517c528fcfaf0f04f0e2,0.2
14760071,1652344558.0,0xc4b915f59f9237c3ed6764aa3e95f3c25f9a0ed9,0x3f08b12dc209df102eff517c528fcfaf0f04f0e2,0.2
14760071,1652344558.0,0xc4b915f59f9237c3ed6764aa3e95f3c25f9a0ed9,0x3f08b12dc209df102eff517c528fcfaf0f04f0e2,0.2
14760395,1652348930.0,0xfcc4906d871b9959dbc51a844555d668a0106db7,0x3f08b12dc209df102eff517c528fcfaf0f04f0e2,0.2
14760405,1652349065.0,0xfcc4906d871b9959dbc51a844555d668a0106db7,0x3f08b12dc209df102eff517c528fcfaf0f04f0e2,0.2
14760439,1652349542.0,0xfcc4906d871b9959dbc51a844555d668a0106db7,0x3f08b12dc209df102eff517c528fcfaf0f04f0e2,0.6000000000000001
14761135,1652359337.0,0x680d4ba1f81569fb62e14b722f08e23953b6ae45,0x3f08b12dc209df102eff517c528fcfaf0f04f0e2,0.2
14762141,1652373103.0,0x48fa8257f4e616170d3d31870f41e6ae6abe2d20,0x3f08b12dc209df102eff517c528fcfaf0f04f0e2,0.2
14780588,1652626614.0,0xd3a18f55244889ef3a55c2210cdd79cff2c50aac,0x3f08b12dc209df102eff517c528fcfaf0f04f0e2,1.6
14780646,1652627359.0,0x85a2445ccab59b54d7ae1f6fd0dedaf4de9fdf84,0x3f08b12dc209df102eff517c528fcfaf0f04f0e2,0.38
14785711,1652697013.0,0x6d90309c2c173b25c531b614a0c9adba434812f7,0x3f08b12dc209df102eff517c528fcfaf0f04f0e2,0.1
14785832,1652698579.0,0xd0cdf93b821ecc3ae79e7a84131eb2d595daa493,0x3f08b12dc209df102eff517c528fcfaf0f04f0e2,0.1
14786592,1652708638.0,0x9d186c08031be2792c7c5255df4a0e7c97183dcb,0x3f08b12dc209df102eff517c528fcfaf0f04f0e2,0.4
14786664,1652709765.0,0xf2760885441d80d22b2afefbe9b27c2d69cb3e1c,0x3f08b12dc209df102eff517c528fcfaf0f04f0e2,0.1
14786667,1652709869.0,0xf2760885441d80d22b2afefbe9b27c2d69cb3e1c,0x3f08b12dc209df102eff517c528fcfaf0f04f0e2,0.1
14786677,1652709986.0,0x92dfac949991b0a26a01e125241da2231de15660,0x3f08b12dc209df102eff517c528fcfaf0f04f0e2,0.1
14786693,1652710250.0,0x04b2ca3d4e1180b4c4f92edd2b913b4156b20240,0x3f08b12dc209df102eff517c528fcfaf0f04f0e2,0.1
14789564,1652749667.0,0x5d648fbf2c4e4cb33ab5addf477974a6ee4b62de,0x3f08b12dc209df102eff517c528fcfaf0f04f0e2,0.3
14794730,1652820732.0,0x50c57a2354bacfd934e53809b96b108f9479ebf3,0x3f08b12dc209df102eff517c528fcfaf0f04f0e2,0.8
14801389,1652912422.0,0x1264981e0ca9b53301b79713781acbb14a28f15d,0x3f08b12dc209df102eff517c528fcfaf0f04f0e2,0.1
14805283,1652967793.0,0x7fd153cbe91afdfccb2507050aea12540399e35f,0x3f08b12dc209df102eff517c528fcfaf0f04f0e2,0.1
14805866,1652976373.0,0xc4b54b124e5ce1f71df681d5610669ddebf50db6,0x3f08b12dc209df102eff517c528fcfaf0f04f0e2,0.2
14805896,1652976841.0,0xc4b54b124e5ce1f71df681d5610669ddebf50db6,0x3f08b12dc209df102eff517c528fcfaf0f04f0e2,0.5
14805897,1652976851.0,0x24f42046892e05f5451f8d336acf95e05b3e679f,0x3f08b12dc209df102eff517c528fcfaf0f04f0e2,0.2089125220440713
14807446,1652998533.0,0x356c7595e9ca2e1e04f4ef5cb52baa47c1b1c697,0x3f08b12dc209df102eff517c528fcfaf0f04f0e2,0.11
14811468,1653054427.0,0xabc9834d2dd5b0b51318b9395bba02c29c2ef109,0x3f08b12dc209df102eff517c528fcfaf0f04f0e2,0.1
14811512,1653055136.0,0xabc9834d2dd5b0b51318b9395bba02c29c2ef109,0x3f08b12dc209df102eff517c528fcfaf0f04f0e2,0.1
14812989,1653076315.0,0xce6ab90095c712c5415271b5b69f0d3c532edc6d,0x3f08b12dc209df102eff517c528fcfaf0f04f0e2,0.11
14825642,1653253982.0,0xf5a5e203ab75982f704142d9f3dd9ab4131c40ed,0x3f08b12dc209df102eff517c528fcfaf0f04f0e2,0.15
14831687,1653338439.0,0x8728d7aa74056e8480738212cde3719e7e320ae0,0x3f08b12dc209df102eff517c528fcfaf0f04f0e2,0.2
14831923,1653341458.0,0xac7e48d05427bb5b3729712fb3b34edb68be003e,0x3f08b12dc209df102eff517c528fcfaf0f04f0e2,0.2
14839100,1653443327.0,0x8dd94d36932ae66a96c01be4d8f76b3734f590a9,0x3f08b12dc209df102eff517c528fcfaf0f04f0e2,0.33
14850070,1653597527.0,0x92766dfc557fd05515129b02066af88621fca5dc,0x3f08b12dc209df102eff517c528fcfaf0f04f0e2,0.05
14862589,1653772879.0,0x59282d06a98bd6aabdde27e23fe36e487941fef6,0x3f08b12dc209df102eff517c528fcfaf0f04f0e2,0.2
14864328,1653796680.0,0xfe88c114aab2841f2f8f6c2f0fec6e2fe15d6e52,0x3f08b12dc209df102eff517c528fcfaf0f04f0e2,0.06
14865359,1653811592.0,0xcf40f689ed82fe6df7538e075dca91f30f249252,0x3f08b12dc209df102eff517c528fcfaf0f04f0e2,0.05
14871356,1653896322.0,0x3cc8839b4f6cfbac55cd45996ef3cdd341b0c715,0x3f08b12dc209df102eff517c528fcfaf0f04f0e2,0.1
14872437,1653912425.0,0x9b3fb75961ffcd2e36358889ab4d7a52a11abe2e,0x3f08b12dc209df102eff517c528fcfaf0f04f0e2,0.08
14873425,1653925703.0,0x70a09983ec8d1f4d8b0b174763f3246d75799ae8,0x3f08b12dc209df102eff517c528fcfaf0f04f0e2,0.3
14877563,1653983567.0,0x56a54912c55a19078a7f5510a730e734b40c7a6a,0x3f08b12dc209df102eff517c528fcfaf0f04f0e2,0.1
14877983,1653989676.0,0xddd57131e0d748e1496ab0c57e873de921ebd8b8,0x3f08b12dc209df102eff517c528fcfaf0f04f0e2,0.1
14882026,1654046412.0,0x1fc29f2e62e7c3a18cea763d4f74f1944104688c,0x3f08b12dc209df102eff517c528fcfaf0f04f0e2,0.25
14883910,1654073672.0,0x81ee4421ac595fed2e33b0dc5926a91136f76020,0x3f08b12dc209df102eff517c528fcfaf0f04f0e2,0.1
14883977,1654074704.0,0x606f6b8c14ed291273ce6922e00d748a28f0b539,0x3f08b12dc209df102eff517c528fcfaf0f04f0e2,0.2
14884198,1654077991.0,0x908efc9e46bc4c034d90fc54c8a8f405398a725a,0x3f08b12dc209df102eff517c528fcfaf0f04f0e2,0.06
14896349,1654248262.0,0x01e4a36a6b052fb2d388492b80c08a8b184d83ce,0x3f08b12dc209df102eff517c528fcfaf0f04f0e2,0.03
14896371,1654248576.0,0x01e4a36a6b052fb2d388492b80c08a8b184d83ce,0x3f08b12dc209df102eff517c528fcfaf0f04f0e2,0.03
14896485,1654250103.0,0x96469c65de3148fdb322940ee589f1876e138f65,0x3f08b12dc209df102eff517c528fcfaf0f04f0e2,0.18
14897132,1654259514.0,0x51a6c79aa4c740c653009a68db24ef62c3b07823,0x3f08b12dc209df102eff517c528fcfaf0f04f0e2,0.18
14897582,1654265979.0,0x13f97f9b9119d49187aec180d82e7be6986c61d5,0x3f08b12dc209df102eff517c528fcfaf0f04f0e2,0.1
14898097,1654273249.0,0x9e74df4ad33be063ee4d5da21d352ae35eb9b646,0x3f08b12dc209df102eff517c528fcfaf0f04f0e2,0.11
14898335,1654276528.0,0x13f97f9b9119d49187aec180d82e7be6986c61d5,0x3f08b12dc209df102eff517c528fcfaf0f04f0e2,0.1
14898556,1654279558.0,0xdd6f41826113856efd1b84960ca730e5172ff61b,0x3f08b12dc209df102eff517c528fcfaf0f04f0e2,0.03
14901414,1654318646.0,0xa4de814636ca94f43d524d46c00c59df94584ce7,0x3f08b12dc209df102eff517c528fcfaf0f04f0e2,0.11
14911243,1654463997.0,0x3f50b85744fba8f7cb0b04130f22dc5c7540d021,0x3f08b12dc209df102eff517c528fcfaf0f04f0e2,0.03
14911249,1654464057.0,0x3f50b85744fba8f7cb0b04130f22dc5c7540d021,0x3f08b12dc209df102eff517c528fcfaf0f04f0e2,0.03
14911448,1654466921.0,0x476a3e82269f18816794ae246b6d08bbaf46771e,0x3f08b12dc209df102eff517c528fcfaf0f04f0e2,0.12
14920970,1654607212.0,0xd5c62218684e4b0ef7db85625fc34f4ca97a1b95,0x3f08b12dc209df102eff517c528fcfaf0f04f0e2,0.35
14922966,1654636410.0,0xfc4fd9d58173c3f8f9acb4ac1ea7c0244a09471c,0x3f08b12dc209df102eff517c528fcfaf0f04f0e2,0.35
14923631,1654645691.0,0x52f6afb2a9e5bf2732e245d0590a8392befaf8a0,0x3f08b12dc209df102eff517c528fcfaf0f04f0e2,0.06
14923868,1654649312.0,0x52f6afb2a9e5bf2732e245d0590a8392befaf8a0,0x3f08b12dc209df102eff517c528fcfaf0f04f0e2,0.06
14925079,1654667547.0,0x04fc6905c4c9a793c0c2a1c939f2f26d0dc71ae8,0x3f08b12dc209df102eff517c528fcfaf0f04f0e2,0.35
14925255,1654670150.0,0x5b5f1ddf71d98c41746ae2ed7fc6b3a603b5d9a0,0x3f08b12dc209df102eff517c528fcfaf0f04f0e2,0.24
14926671,1654691298.0,0xeed37dbc985e1fa4c26466a283d43a106a912f0e,0x3f08b12dc209df102eff517c528fcfaf0f04f0e2,0.2
14926672,1654691311.0,0xeed37dbc985e1fa4c26466a283d43a106a912f0e,0x3f08b12dc209df102eff517c528fcfaf0f04f0e2,0.4
14926906,1654694497.0,0x52f6afb2a9e5bf2732e245d0590a8392befaf8a0,0x3f08b12dc209df102eff517c528fcfaf0f04f0e2,0.06
14926906,1654694497.0,0x52f6afb2a9e5bf2732e245d0590a8392befaf8a0,0x3f08b12dc209df102eff517c528fcfaf0f04f0e2,0.06
14927286,1654699756.0,0x52f6afb2a9e5bf2732e245d0590a8392befaf8a0,0x3f08b12dc209df102eff517c528fcfaf0f04f0e2,0.06
14932678,1654778963.0,0x4f6fff5cd87eaf8cf09467366fe783e7ecb1317b,0x3f08b12dc209df102eff517c528fcfaf0f04f0e2,1.0499999999999998
14932680,1654778974.0,0x4f6fff5cd87eaf8cf09467366fe783e7ecb1317b,0x3f08b12dc209df102eff517c528fcfaf0f04f0e2,1.0499999999999998
14933628,1654793246.0,0x8d6a1ce67993e7d5f62d71dc3e4c1758375e3905,0x3f08b12dc209df102eff517c528fcfaf0f04f0e2,0.1
14933631,1654793310.0,0x42e1f78b62ee5d134cc20d25e17369eb8a513a3d,0x3f08b12dc209df102eff517c528fcfaf0f04f0e2,0.1
14934035,1654799436.0,0x4277f54e47dafecf8f0a00fc97d970a0d5104dc2,0x3f08b12dc209df102eff517c528fcfaf0f04f0e2,0.35
14934318,1654803299.0,0x6f5c40751b7aee4d3a776700560a6fcf6c5cf97e,0x3f08b12dc209df102eff517c528fcfaf0f04f0e2,0.08
14938829,1654869981.0,0x33f837b5e6b226d64d95bcb4c608a23e639a535e,0x3f08b12dc209df102eff517c528fcfaf0f04f0e2,0.08
14943007,1654932137.0,0xe093b32e23646248990d121aa02d2b493b538e41,0x3f08b12dc209df102eff517c528fcfaf0f04f0e2,3.3000000000000003
14943900,1654945185.0,0x61a3498e3185aec61adf27816ecbc90d797a24e3,0x3f08b12dc209df102eff517c528fcfaf0f04f0e2,0.09
14944774,1654957753.0,0xb3d264380ffcf9e764a16ee9addd08bdcf46093f,0x3f08b12dc209df102eff517c528fcfaf0f04f0e2,0.07
14945720,1654971881.0,0xeff7c4c7a489fed0ad3c89f5551c5ea6eefcd2cb,0x3f08b12dc209df102eff517c528fcfaf0f04f0e2,0.07
14948663,1655014459.0,0xb314006a4ea176052be974f14af26d70fe1203b5,0x3f08b12dc209df102eff517c528fcfaf0f04f0e2,0.09
14950263,1655038774.0,0x414113f5e5d0d34d43c589357739016ee27ade11,0x3f08b12dc209df102eff517c528fcfaf0f04f0e2,0.09
14950838,1655046809.0,0xc500e7b3163cebe06370700adee430075c1523d9,0x3f08b12dc209df102eff517c528fcfaf0f04f0e2,0.33
14952303,1655068433.0,0x055a655d884fb32aeeb129dc48c4a90b60307bff,0x3f08b12dc209df102eff517c528fcfaf0f04f0e2,0.16
14955427,1655115023.0,0x4c77a0173820c8d0b9ce2b2b8a0595e4b501b0f6,0x3f08b12dc209df102eff517c528fcfaf0f04f0e2,0.08
14955473,1655115600.0,0x4c77a0173820c8d0b9ce2b2b8a0595e4b501b0f6,0x3f08b12dc209df102eff517c528fcfaf0f04f0e2,0.06
14955675,1655118537.0,0xf350394239024622df4bc5aa199639d0b3926007,0x3f08b12dc209df102eff517c528fcfaf0f04f0e2,0.06
14956185,1655126516.0,0xdf34dc07b35666890fc6bd88b67c912e1f1679f9,0x3f08b12dc209df102eff517c528fcfaf0f04f0e2,1.5
14967201,1655291714.0,0x3cc8839b4f6cfbac55cd45996ef3cdd341b0c715,0x3f08b12dc209df102eff517c528fcfaf0f04f0e2,0.1
14967248,1655292346.0,0xdfe5d7f0450fd2d81ff64ccbf626398dace03d61,0x3f08b12dc209df102eff517c528fcfaf0f04f0e2,0.36
14971235,1655351215.0,0xbf074a9532a3ba60bd84754abe23a31977de6606,0x3f08b12dc209df102eff517c528fcfaf0f04f0e2,0.08
14974213,1655395321.0,0x2579bbed0dc471dc05680aba349aa882a023196c,0x3f08b12dc209df102eff517c528fcfaf0f04f0e2,0.2
14974223,1655395479.0,0x2579bbed0dc471dc05680aba349aa882a023196c,0x3f08b12dc209df102eff517c528fcfaf0f04f0e2,0.6000000000000001
14978497,1655459008.0,0x0d3a5fe8f78472648a6429c665119e6a8b80ffef,0x3f08b12dc209df102eff517c528fcfaf0f04f0e2,0.2
14993815,1655687435.0,0xca16a7fe5f5f88c6863f1a2922d3e047ee07e4ff,0x3f08b12dc209df102eff517c528fcfaf0f04f0e2,0.15
14999741,1655774410.0,0xeb20692e1fd8028af67f23c5180afdafc845affa,0x3f08b12dc209df102eff517c528fcfaf0f04f0e2,0.15
15000338,1655783927.0,0xc6ba6980c40990df638cd88f3912f08a903dfa3f,0x3f08b12dc209df102eff517c528fcfaf0f04f0e2,0.3
15000344,1655783985.0,0xc6ba6980c40990df638cd88f3912f08a903dfa3f,0x3f08b12dc209df102eff517c528fcfaf0f04f0e2,0.06
15004528,1655850271.0,0x8f2a1ab331df61f57e5ca63a5a21ddba770cfb17,0x3f08b12dc209df102eff517c528fcfaf0f04f0e2,0.1
15010439,1655946113.0,0xa71be828db65bd2dc3db91e13f9447edc2387372,0x3f08b12dc209df102eff517c528fcfaf0f04f0e2,0.08
15024792,1656178629.0,0xb1d38dcb51132e91ef304c3ee92d4be329ee6e35,0x3f08b12dc209df102eff517c528fcfaf0f04f0e2,0.33
15032053,1656296552.0,0x217c199202f133dc114bf0e43b621a5428fadd4c,0x3f08b12dc209df102eff517c528fcfaf0f04f0e2,0.2
15048266,1656558201.0,0x5a927ee8de5a4e7e8edef21d5a030d2ffdac5f20,0x3f08b12dc209df102eff517c528fcfaf0f04f0e2,0.18
15048269,1656558239.0,0x5a927ee8de5a4e7e8edef21d5a030d2ffdac5f20,0x3f08b12dc209df102eff517c528fcfaf0f04f0e2,0.18
15048859,1656567840.0,0xe547d3b03d7d20bfae64f6d35d77d2b97e96f3e7,0x3f08b12dc209df102eff517c528fcfaf0f04f0e2,0.36
15067246,1656820093.0,0x979098ed03bc4419b2e384a27cfcd402d0022501,0x3f08b12dc209df102eff517c528fcfaf0f04f0e2,0.18
15082692,1657026328.0,0x6b5b85cda419dc8cd3f4ea5bb8a6bc65f61bb23c,0x3f08b12dc209df102eff517c528fcfaf0f04f0e2,0.2
15129557,1657651541.0,0x3f08b12dc209df102eff517c528fcfaf0f04f0e2,0x3405a473435906823d9fea35d57d03da3ac4b0f9,14.46
