BlockHeight,TimeStamp,From,To,Value
13918119,1641021448.0,0x400d112abcf6cb08fab1116bbe84115e7f6e2e6e,0x6077afc06db68d37be66d94a3305fc5e4be2a4b2,0.36808
13926823,1641137148.0,0x7be8076f4ea4a4ad08075c2508e481d6c946d12b,0x400d112abcf6cb08fab1116bbe84115e7f6e2e6e,0.07875
13928773,1641162784.0,0x400d112abcf6cb08fab1116bbe84115e7f6e2e6e,0x4d6dee96c30f628476dabf06a48beabd661f862b,1.33608
13928781,1641162904.0,0x400d112abcf6cb08fab1116bbe84115e7f6e2e6e,0x98d106becf112918b33baae20b751c64aabff7d6,1.3362
13940938,1641325738.0,0x400d112abcf6cb08fab1116bbe84115e7f6e2e6e,0xef1df5f463a2907e407dbec4dc92a159560e18fa,1.5760482691049884
13942374,1641344145.0,0x400d112abcf6cb08fab1116bbe84115e7f6e2e6e,0x46a86cf19ac2135bc0a837385f23d16ed23f15ca,0.09425
13948659,1641428255.0,0x400d112abcf6cb08fab1116bbe84115e7f6e2e6e,0x9bb0b0497ac1f353326367f6e6e8b5a28df4f93f,1.0
13953162,1641489299.0,0x400d112abcf6cb08fab1116bbe84115e7f6e2e6e,0xff465a4355e49d808a806dbb6efc76042e7b05df,0.4550792718731649
14040582,1642657074.0,0x400d112abcf6cb08fab1116bbe84115e7f6e2e6e,0x00fa82ea9be4e24ec6d7ed86ef93bfe85b9a3e68,0.0
14040589,1642657176.0,0x400d112abcf6cb08fab1116bbe84115e7f6e2e6e,0xccc5ead31d288caaa891f66ee1b01df15766173d,0.0640467284931085
14040637,1642657811.0,0x400d112abcf6cb08fab1116bbe84115e7f6e2e6e,0x265e3ab1488ac41cfb18569842ec4dcefe9aac45,0.0320479950774279
14043898,1642700879.0,0x400d112abcf6cb08fab1116bbe84115e7f6e2e6e,0x0c80c59660428646489fa2085f8733bf720a2eb3,0.61
14058911,1642900993.0,0x400d112abcf6cb08fab1116bbe84115e7f6e2e6e,0xf5c8a3fc533f06b3bda9d4c032b11cf765655090,0.6
14069845,1643047402.0,0x400d112abcf6cb08fab1116bbe84115e7f6e2e6e,0xc600321b59e3592446dcc3e52e310a0294578940,0.85
14069847,1643047472.0,0x400d112abcf6cb08fab1116bbe84115e7f6e2e6e,0x2fb3c9d2cb6b276d99a73df44eb1ef2d2a3831e0,0.85
14301068,1646137165.0,0x400d112abcf6cb08fab1116bbe84115e7f6e2e6e,0x92f8640951c95279a345edb88013f11fd35ecc65,0.1201147610745809
14415630,1647676174.0,0x400d112abcf6cb08fab1116bbe84115e7f6e2e6e,0x279b14a9a839b492e0c14dd3dbf658ef275998e0,0.034116535261145
14418517,1647714540.0,0x400d112abcf6cb08fab1116bbe84115e7f6e2e6e,0x48bf2157531836e47ddc8dc28bf7e30f14c0e9ac,0.05078
14521013,1649095255.0,0x400d112abcf6cb08fab1116bbe84115e7f6e2e6e,0xa46eb63f902495238003a7262e8bc6f02cb281ea,0.01461
