BlockHeight,TimeStamp,From,To,Value
14152330,1644148202.0,0xd910c165bc6488bfc3bc907a797545e06312e458,0x43661f4b1c67dd6c1e48c6faf2887b22aee3ddf5,0.0
14417722,1647704885.0,0x0840290ccfc6dc0e49a7b030f6d3f24a21de659d,0x43661f4b1c67dd6c1e48c6faf2887b22aee3ddf5,0.0
14417780,1647705577.0,0x0840290ccfc6dc0e49a7b030f6d3f24a21de659d,0x43661f4b1c67dd6c1e48c6faf2887b22aee3ddf5,0.0
14446185,1648087392.0,0x280b3c98140f03879308d2970a2be69182ff5d44,0x43661f4b1c67dd6c1e48c6faf2887b22aee3ddf5,0.0
14457884,1648244420.0,0xd9f696cb6d388bbbf801e3a69e12a4eaa5651e65,0x43661f4b1c67dd6c1e48c6faf2887b22aee3ddf5,0.0
14777640,1652585676.0,0x0840290ccfc6dc0e49a7b030f6d3f24a21de659d,0x43661f4b1c67dd6c1e48c6faf2887b22aee3ddf5,0.0
15206840,1658686447.0,0xb6417f19faf0736e591d4a1a56258fb0d3669e4d,0x43661f4b1c67dd6c1e48c6faf2887b22aee3ddf5,0.0
15206843,1658686475.0,0xb6417f19faf0736e591d4a1a56258fb0d3669e4d,0x43661f4b1c67dd6c1e48c6faf2887b22aee3ddf5,0.0
15435637,1661797199.0,0x457f2a55fa5b7311402a610bfc671a1fe9084fa8,0x43661f4b1c67dd6c1e48c6faf2887b22aee3ddf5,0.0
15561396,1663515803.0,0x6c949c86a9f3da2c5ed9ffe3b511f53d6a95601a,0x43661f4b1c67dd6c1e48c6faf2887b22aee3ddf5,0.0
15664285,1664759771.0,0x0840290ccfc6dc0e49a7b030f6d3f24a21de659d,0x43661f4b1c67dd6c1e48c6faf2887b22aee3ddf5,0.0
15664288,1664759807.0,0x0840290ccfc6dc0e49a7b030f6d3f24a21de659d,0x43661f4b1c67dd6c1e48c6faf2887b22aee3ddf5,0.0
16826866,1678805075.0,0x0cf0e9720fe0523c91b4573e9c9a5b9d0054763f,0x43661f4b1c67dd6c1e48c6faf2887b22aee3ddf5,0.0
