BlockHeight,TimeStamp,From,To,Value
14484773,1648605831.0,0x4d8106e28243662b253fb2a775ff927563bd1e66,0x456c3dacfd9dd7e0c5caf2348a0afbfb60231075,0.069
14485139,1648610555.0,0x9ef91d7a804f5571ae0ed03190f0f051c89ac744,0x456c3dacfd9dd7e0c5caf2348a0afbfb60231075,0.1
14487606,1648644111.0,0xbc297127c2568e7a68c07782d1f8fed5f2f775c2,0x456c3dacfd9dd7e0c5caf2348a0afbfb60231075,0.04
14487959,1648648848.0,0xd2992a4d9865c08b5297303cdae7732bc603c3ff,0x456c3dacfd9dd7e0c5caf2348a0afbfb60231075,0.5
14498374,1648789513.0,0xac54680e39cea0d7b8491228a694779ba30cbdf5,0x456c3dacfd9dd7e0c5caf2348a0afbfb60231075,0.069
14510898,1648958051.0,0x0f3f646ba7b3d8dba6d37f7b4399358b884445a1,0x456c3dacfd9dd7e0c5caf2348a0afbfb60231075,0.06
14510961,1648958877.0,0x0f3f646ba7b3d8dba6d37f7b4399358b884445a1,0x456c3dacfd9dd7e0c5caf2348a0afbfb60231075,0.06
14513793,1648998126.0,0x456c3dacfd9dd7e0c5caf2348a0afbfb60231075,0xd1baf90bd6be2676ad289264bc4e6b26645799be,0.01425
14521155,1649097219.0,0x23ab73dafee550e56cc6ec0fb521ffd303d09409,0x456c3dacfd9dd7e0c5caf2348a0afbfb60231075,0.12
14521169,1649097405.0,0x456c3dacfd9dd7e0c5caf2348a0afbfb60231075,0x1ac0212a77fa2e1c15fb8046a2c33d1f7cee1df4,0.999
14522384,1649113966.0,0x3f5935aea07be3c22def3aed0e53cd200598c9ba,0x456c3dacfd9dd7e0c5caf2348a0afbfb60231075,0.06
14523929,1649134975.0,0xfeebb7251827a89143049d400573f71f54676adf,0x456c3dacfd9dd7e0c5caf2348a0afbfb60231075,0.3
14523939,1649135215.0,0xf1fc1182c2966a30ec878dc0c9c07980a21f8745,0x456c3dacfd9dd7e0c5caf2348a0afbfb60231075,0.06
14525103,1649151121.0,0x9d7020bd917962d9e0b749f1df85cb419820bce0,0x456c3dacfd9dd7e0c5caf2348a0afbfb60231075,0.06
14526339,1649167152.0,0x7efa4e449a6da394950c35e25ee6072e4ab16872,0x456c3dacfd9dd7e0c5caf2348a0afbfb60231075,0.06
14526981,1649175429.0,0x23ab73dafee550e56cc6ec0fb521ffd303d09409,0x456c3dacfd9dd7e0c5caf2348a0afbfb60231075,0.12969
14527617,1649184148.0,0x456c3dacfd9dd7e0c5caf2348a0afbfb60231075,0x1ac0212a77fa2e1c15fb8046a2c33d1f7cee1df4,0.66722
14528058,1649190062.0,0xc65b3e55b41a8bf6fd3b1ccec70102855d65a888,0x456c3dacfd9dd7e0c5caf2348a0afbfb60231075,0.4
14528695,1649198895.0,0x84c4483188f55ce0b2181a9356c1d739062ffb62,0x456c3dacfd9dd7e0c5caf2348a0afbfb60231075,0.06
14529564,1649210457.0,0x456c3dacfd9dd7e0c5caf2348a0afbfb60231075,0x1ac0212a77fa2e1c15fb8046a2c33d1f7cee1df4,0.4589
14530370,1649221272.0,0xba1963d4c065222bd4db29d91c1f19ceecab6c52,0x456c3dacfd9dd7e0c5caf2348a0afbfb60231075,0.08
14530674,1649225350.0,0x51646bed2b3b472e78237f30af34cfaf0d6afd9f,0x456c3dacfd9dd7e0c5caf2348a0afbfb60231075,0.08
14530958,1649229516.0,0xbfe03de0fee9474f9f0b7a332b8df96e8de05e4b,0x456c3dacfd9dd7e0c5caf2348a0afbfb60231075,0.08
14531575,1649237580.0,0x46c5838ff7fb60a4a4aa3ee5ca1da9dab69ea37e,0x456c3dacfd9dd7e0c5caf2348a0afbfb60231075,0.08
14532537,1649250509.0,0x487ee740590e976df40e1e40bbaf576284b9822c,0x456c3dacfd9dd7e0c5caf2348a0afbfb60231075,0.08
14539529,1649345233.0,0x27f9106ec7b156dc11a866b512e12cffd8bffcc7,0x456c3dacfd9dd7e0c5caf2348a0afbfb60231075,0.08
14539590,1649346329.0,0x2caa43ce46b5b9ff936b646a360cf3ef4368a07d,0x456c3dacfd9dd7e0c5caf2348a0afbfb60231075,0.1
14540073,1649352680.0,0xe9bb4b75d40240ced226f77ed1f48ebd189f158d,0x456c3dacfd9dd7e0c5caf2348a0afbfb60231075,0.08
14540212,1649354371.0,0x5cf5db8b84cbf80ab71c04465c5d6b469b6e1d44,0x456c3dacfd9dd7e0c5caf2348a0afbfb60231075,0.1
14540510,1649358133.0,0x8d95fc55e4f2a18427406499818b0b56a3410a70,0x456c3dacfd9dd7e0c5caf2348a0afbfb60231075,0.1
14541199,1649366904.0,0x7e5dcc6980f3d1a69bd1da59ca6d93aab0f57c19,0x456c3dacfd9dd7e0c5caf2348a0afbfb60231075,0.08
14541229,1649367337.0,0x7e5dcc6980f3d1a69bd1da59ca6d93aab0f57c19,0x456c3dacfd9dd7e0c5caf2348a0afbfb60231075,0.08
14545404,1649424534.0,0xe36abeac740feedcb3a7d5bd41536e9483fae820,0x456c3dacfd9dd7e0c5caf2348a0afbfb60231075,0.06
14547134,1649447855.0,0x7e5dcc6980f3d1a69bd1da59ca6d93aab0f57c19,0x456c3dacfd9dd7e0c5caf2348a0afbfb60231075,0.08
14556689,1649576603.0,0x456c3dacfd9dd7e0c5caf2348a0afbfb60231075,0x23ab73dafee550e56cc6ec0fb521ffd303d09409,1.1615
14628154,1650542134.0,0x5f9712e56cde94643ecb4b972ef2963a21d11614,0x456c3dacfd9dd7e0c5caf2348a0afbfb60231075,0.08
14629489,1650560403.0,0xc763795b1c67a785f16e3419ff2cf1ff2e61b16a,0x456c3dacfd9dd7e0c5caf2348a0afbfb60231075,0.08
14641700,1650725362.0,0xef540e827b7b8ea2fa1bbd3ab9a249b86128458c,0x456c3dacfd9dd7e0c5caf2348a0afbfb60231075,0.08
14643612,1650751048.0,0x45bfddf100da5ebc58ce8d78ea763e422814a073,0x456c3dacfd9dd7e0c5caf2348a0afbfb60231075,0.08
14644542,1650763528.0,0x84c4483188f55ce0b2181a9356c1d739062ffb62,0x456c3dacfd9dd7e0c5caf2348a0afbfb60231075,0.06
14645590,1650777945.0,0x72dbc624942a1b690bdd4b4bb512834d58b4b7fc,0x456c3dacfd9dd7e0c5caf2348a0afbfb60231075,0.06
14648811,1650821810.0,0x7acbec12e34c7d3ebd3406e4a00884437486f9b6,0x456c3dacfd9dd7e0c5caf2348a0afbfb60231075,0.08
14648813,1650821835.0,0x7acbec12e34c7d3ebd3406e4a00884437486f9b6,0x456c3dacfd9dd7e0c5caf2348a0afbfb60231075,0.08
14648814,1650821870.0,0x7acbec12e34c7d3ebd3406e4a00884437486f9b6,0x456c3dacfd9dd7e0c5caf2348a0afbfb60231075,0.08
14649105,1650825974.0,0x9a8add4e6a2d1df9ff395fdb003508519153638c,0x456c3dacfd9dd7e0c5caf2348a0afbfb60231075,0.08
14653406,1650884405.0,0x4c1ab4cd385f9a29bbcce0b1c2cb45e6d4d20ee6,0x456c3dacfd9dd7e0c5caf2348a0afbfb60231075,0.04
14662150,1651004018.0,0xa85198ed378732dd69d582da2e582381f1124228,0x456c3dacfd9dd7e0c5caf2348a0afbfb60231075,0.08
14670797,1651120730.0,0x456c3dacfd9dd7e0c5caf2348a0afbfb60231075,0x23ab73dafee550e56cc6ec0fb521ffd303d09409,0.879016816207001
14674326,1651169165.0,0xc104c65f19f2ddfc744fc792ec14861044fecae2,0x456c3dacfd9dd7e0c5caf2348a0afbfb60231075,0.16
14715858,1651734505.0,0x456c3dacfd9dd7e0c5caf2348a0afbfb60231075,0x23ab73dafee550e56cc6ec0fb521ffd303d09409,0.159347166202531
