BlockHeight,TimeStamp,From,To,Value
16094404,1669951331.0,0x98c92b16a6493ba5b50885d48de19f4bac7a9cad,0x452f085be4fb9bd4a5b58240fff3eedf89585e04,3.0
16094452,1669951907.0,0x452f085be4fb9bd4a5b58240fff3eedf89585e04,0xf2a0ef4672d76403b90dc7d7dd8d12c4f9d013b3,0.0
16094465,1669952063.0,0x452f085be4fb9bd4a5b58240fff3eedf89585e04,0xf2a0ef4672d76403b90dc7d7dd8d12c4f9d013b3,0.0
16094472,1669952147.0,0x452f085be4fb9bd4a5b58240fff3eedf89585e04,0xf2a0ef4672d76403b90dc7d7dd8d12c4f9d013b3,0.0
16094485,1669952303.0,0x452f085be4fb9bd4a5b58240fff3eedf89585e04,0x03671b7c11cb749de612bb460cef8bc3f6e6db06,1.5
16094610,1669953803.0,0x452f085be4fb9bd4a5b58240fff3eedf89585e04,0xf2a0ef4672d76403b90dc7d7dd8d12c4f9d013b3,0.0
16094639,1669954151.0,0x452f085be4fb9bd4a5b58240fff3eedf89585e04,0xf2a0ef4672d76403b90dc7d7dd8d12c4f9d013b3,0.0
16094681,1669954655.0,0x452f085be4fb9bd4a5b58240fff3eedf89585e04,0xf2a0ef4672d76403b90dc7d7dd8d12c4f9d013b3,0.0
16094727,1669955219.0,0x452f085be4fb9bd4a5b58240fff3eedf89585e04,0xf2a0ef4672d76403b90dc7d7dd8d12c4f9d013b3,0.0
16094752,1669955519.0,0x452f085be4fb9bd4a5b58240fff3eedf89585e04,0xf2a0ef4672d76403b90dc7d7dd8d12c4f9d013b3,0.0
16094779,1669955843.0,0x452f085be4fb9bd4a5b58240fff3eedf89585e04,0xf2a0ef4672d76403b90dc7d7dd8d12c4f9d013b3,0.0
16094809,1669956203.0,0x452f085be4fb9bd4a5b58240fff3eedf89585e04,0xf2a0ef4672d76403b90dc7d7dd8d12c4f9d013b3,0.0
16094859,1669956839.0,0x452f085be4fb9bd4a5b58240fff3eedf89585e04,0xf2a0ef4672d76403b90dc7d7dd8d12c4f9d013b3,0.0
16094888,1669957187.0,0x452f085be4fb9bd4a5b58240fff3eedf89585e04,0xf2a0ef4672d76403b90dc7d7dd8d12c4f9d013b3,0.0
16094931,1669957703.0,0x452f085be4fb9bd4a5b58240fff3eedf89585e04,0xf2a0ef4672d76403b90dc7d7dd8d12c4f9d013b3,0.0
16094964,1669958099.0,0x452f085be4fb9bd4a5b58240fff3eedf89585e04,0xf2a0ef4672d76403b90dc7d7dd8d12c4f9d013b3,0.0
16094971,1669958183.0,0x452f085be4fb9bd4a5b58240fff3eedf89585e04,0xf2a0ef4672d76403b90dc7d7dd8d12c4f9d013b3,0.0
16094988,1669958387.0,0x452f085be4fb9bd4a5b58240fff3eedf89585e04,0xf2a0ef4672d76403b90dc7d7dd8d12c4f9d013b3,0.0
16095027,1669958867.0,0x452f085be4fb9bd4a5b58240fff3eedf89585e04,0xf2a0ef4672d76403b90dc7d7dd8d12c4f9d013b3,0.0
16095052,1669959167.0,0x452f085be4fb9bd4a5b58240fff3eedf89585e04,0xf2a0ef4672d76403b90dc7d7dd8d12c4f9d013b3,0.0
16095088,1669959599.0,0x452f085be4fb9bd4a5b58240fff3eedf89585e04,0xf2a0ef4672d76403b90dc7d7dd8d12c4f9d013b3,0.0
16095116,1669959935.0,0x452f085be4fb9bd4a5b58240fff3eedf89585e04,0xf2a0ef4672d76403b90dc7d7dd8d12c4f9d013b3,0.0
16095155,1669960403.0,0x452f085be4fb9bd4a5b58240fff3eedf89585e04,0xf2a0ef4672d76403b90dc7d7dd8d12c4f9d013b3,0.0
16095188,1669960799.0,0x452f085be4fb9bd4a5b58240fff3eedf89585e04,0xf2a0ef4672d76403b90dc7d7dd8d12c4f9d013b3,0.0
16095206,1669961015.0,0x452f085be4fb9bd4a5b58240fff3eedf89585e04,0xf2a0ef4672d76403b90dc7d7dd8d12c4f9d013b3,0.0
16095232,1669961327.0,0x452f085be4fb9bd4a5b58240fff3eedf89585e04,0xf2a0ef4672d76403b90dc7d7dd8d12c4f9d013b3,0.0
16095256,1669961615.0,0x452f085be4fb9bd4a5b58240fff3eedf89585e04,0xf2a0ef4672d76403b90dc7d7dd8d12c4f9d013b3,0.0
16095289,1669962011.0,0x452f085be4fb9bd4a5b58240fff3eedf89585e04,0xf2a0ef4672d76403b90dc7d7dd8d12c4f9d013b3,0.0
16095318,1669962359.0,0x452f085be4fb9bd4a5b58240fff3eedf89585e04,0xf2a0ef4672d76403b90dc7d7dd8d12c4f9d013b3,0.0
16095337,1669962587.0,0x452f085be4fb9bd4a5b58240fff3eedf89585e04,0xf2a0ef4672d76403b90dc7d7dd8d12c4f9d013b3,0.0
16095365,1669962923.0,0x452f085be4fb9bd4a5b58240fff3eedf89585e04,0xf2a0ef4672d76403b90dc7d7dd8d12c4f9d013b3,0.0
16095385,1669963163.0,0x452f085be4fb9bd4a5b58240fff3eedf89585e04,0xf2a0ef4672d76403b90dc7d7dd8d12c4f9d013b3,0.0
16095419,1669963571.0,0x452f085be4fb9bd4a5b58240fff3eedf89585e04,0xf2a0ef4672d76403b90dc7d7dd8d12c4f9d013b3,0.0
16095448,1669963919.0,0x452f085be4fb9bd4a5b58240fff3eedf89585e04,0xf2a0ef4672d76403b90dc7d7dd8d12c4f9d013b3,0.0
16095481,1669964315.0,0x452f085be4fb9bd4a5b58240fff3eedf89585e04,0xf2a0ef4672d76403b90dc7d7dd8d12c4f9d013b3,0.0
16095508,1669964639.0,0x452f085be4fb9bd4a5b58240fff3eedf89585e04,0xf2a0ef4672d76403b90dc7d7dd8d12c4f9d013b3,0.0
16095537,1669964999.0,0x452f085be4fb9bd4a5b58240fff3eedf89585e04,0xf2a0ef4672d76403b90dc7d7dd8d12c4f9d013b3,0.0
16095560,1669965275.0,0x452f085be4fb9bd4a5b58240fff3eedf89585e04,0xf2a0ef4672d76403b90dc7d7dd8d12c4f9d013b3,0.0
16095592,1669965659.0,0x452f085be4fb9bd4a5b58240fff3eedf89585e04,0xf2a0ef4672d76403b90dc7d7dd8d12c4f9d013b3,0.0
16095623,1669966031.0,0x452f085be4fb9bd4a5b58240fff3eedf89585e04,0xf2a0ef4672d76403b90dc7d7dd8d12c4f9d013b3,0.0
16095646,1669966319.0,0x452f085be4fb9bd4a5b58240fff3eedf89585e04,0xf2a0ef4672d76403b90dc7d7dd8d12c4f9d013b3,0.0
16095665,1669966547.0,0x452f085be4fb9bd4a5b58240fff3eedf89585e04,0xf2a0ef4672d76403b90dc7d7dd8d12c4f9d013b3,0.0
16095675,1669966667.0,0x452f085be4fb9bd4a5b58240fff3eedf89585e04,0xf2a0ef4672d76403b90dc7d7dd8d12c4f9d013b3,0.0
16095684,1669966775.0,0x452f085be4fb9bd4a5b58240fff3eedf89585e04,0xf2a0ef4672d76403b90dc7d7dd8d12c4f9d013b3,0.0
16095702,1669966991.0,0x452f085be4fb9bd4a5b58240fff3eedf89585e04,0xf2a0ef4672d76403b90dc7d7dd8d12c4f9d013b3,0.0
16095728,1669967303.0,0x452f085be4fb9bd4a5b58240fff3eedf89585e04,0xf2a0ef4672d76403b90dc7d7dd8d12c4f9d013b3,0.0
16095761,1669967699.0,0x452f085be4fb9bd4a5b58240fff3eedf89585e04,0xf2a0ef4672d76403b90dc7d7dd8d12c4f9d013b3,0.0
16095775,1669967867.0,0x452f085be4fb9bd4a5b58240fff3eedf89585e04,0xf2a0ef4672d76403b90dc7d7dd8d12c4f9d013b3,0.0
16095794,1669968095.0,0x452f085be4fb9bd4a5b58240fff3eedf89585e04,0xf2a0ef4672d76403b90dc7d7dd8d12c4f9d013b3,0.0
16095809,1669968275.0,0x452f085be4fb9bd4a5b58240fff3eedf89585e04,0xf2a0ef4672d76403b90dc7d7dd8d12c4f9d013b3,0.0
16095821,1669968419.0,0x452f085be4fb9bd4a5b58240fff3eedf89585e04,0xf2a0ef4672d76403b90dc7d7dd8d12c4f9d013b3,0.0
16095834,1669968575.0,0x452f085be4fb9bd4a5b58240fff3eedf89585e04,0xf2a0ef4672d76403b90dc7d7dd8d12c4f9d013b3,0.0
16095854,1669968815.0,0x452f085be4fb9bd4a5b58240fff3eedf89585e04,0xf2a0ef4672d76403b90dc7d7dd8d12c4f9d013b3,0.0
16095877,1669969091.0,0x452f085be4fb9bd4a5b58240fff3eedf89585e04,0xf2a0ef4672d76403b90dc7d7dd8d12c4f9d013b3,0.0
16095892,1669969271.0,0x452f085be4fb9bd4a5b58240fff3eedf89585e04,0xf2a0ef4672d76403b90dc7d7dd8d12c4f9d013b3,0.0
16095908,1669969463.0,0x452f085be4fb9bd4a5b58240fff3eedf89585e04,0xf2a0ef4672d76403b90dc7d7dd8d12c4f9d013b3,0.0
16095922,1669969631.0,0x452f085be4fb9bd4a5b58240fff3eedf89585e04,0xf2a0ef4672d76403b90dc7d7dd8d12c4f9d013b3,0.0
16095927,1669969691.0,0x452f085be4fb9bd4a5b58240fff3eedf89585e04,0xf2a0ef4672d76403b90dc7d7dd8d12c4f9d013b3,0.0
16095948,1669969943.0,0x452f085be4fb9bd4a5b58240fff3eedf89585e04,0xf2a0ef4672d76403b90dc7d7dd8d12c4f9d013b3,0.0
16095967,1669970171.0,0x452f085be4fb9bd4a5b58240fff3eedf89585e04,0xf2a0ef4672d76403b90dc7d7dd8d12c4f9d013b3,0.0
16095987,1669970411.0,0x452f085be4fb9bd4a5b58240fff3eedf89585e04,0xf2a0ef4672d76403b90dc7d7dd8d12c4f9d013b3,0.0
16095992,1669970471.0,0x452f085be4fb9bd4a5b58240fff3eedf89585e04,0xf2a0ef4672d76403b90dc7d7dd8d12c4f9d013b3,0.0
16096010,1669970687.0,0x452f085be4fb9bd4a5b58240fff3eedf89585e04,0xf2a0ef4672d76403b90dc7d7dd8d12c4f9d013b3,0.0
16096038,1669971023.0,0x452f085be4fb9bd4a5b58240fff3eedf89585e04,0xf2a0ef4672d76403b90dc7d7dd8d12c4f9d013b3,0.0
16096061,1669971299.0,0x452f085be4fb9bd4a5b58240fff3eedf89585e04,0xf2a0ef4672d76403b90dc7d7dd8d12c4f9d013b3,0.0
16096087,1669971611.0,0x452f085be4fb9bd4a5b58240fff3eedf89585e04,0xf2a0ef4672d76403b90dc7d7dd8d12c4f9d013b3,0.0
16096105,1669971827.0,0x452f085be4fb9bd4a5b58240fff3eedf89585e04,0xf2a0ef4672d76403b90dc7d7dd8d12c4f9d013b3,0.0
16096116,1669971959.0,0x452f085be4fb9bd4a5b58240fff3eedf89585e04,0xf2a0ef4672d76403b90dc7d7dd8d12c4f9d013b3,0.0
16096136,1669972199.0,0x452f085be4fb9bd4a5b58240fff3eedf89585e04,0xf2a0ef4672d76403b90dc7d7dd8d12c4f9d013b3,0.0
16096149,1669972355.0,0x452f085be4fb9bd4a5b58240fff3eedf89585e04,0xf2a0ef4672d76403b90dc7d7dd8d12c4f9d013b3,0.0
16096164,1669972535.0,0x452f085be4fb9bd4a5b58240fff3eedf89585e04,0xf2a0ef4672d76403b90dc7d7dd8d12c4f9d013b3,0.0
16096180,1669972727.0,0x452f085be4fb9bd4a5b58240fff3eedf89585e04,0xf2a0ef4672d76403b90dc7d7dd8d12c4f9d013b3,0.0
16096189,1669972847.0,0x452f085be4fb9bd4a5b58240fff3eedf89585e04,0xf2a0ef4672d76403b90dc7d7dd8d12c4f9d013b3,0.0
16096200,1669972979.0,0x452f085be4fb9bd4a5b58240fff3eedf89585e04,0xf2a0ef4672d76403b90dc7d7dd8d12c4f9d013b3,0.0
16096212,1669973123.0,0x452f085be4fb9bd4a5b58240fff3eedf89585e04,0xf2a0ef4672d76403b90dc7d7dd8d12c4f9d013b3,0.0
16096233,1669973375.0,0x452f085be4fb9bd4a5b58240fff3eedf89585e04,0xf2a0ef4672d76403b90dc7d7dd8d12c4f9d013b3,0.0
16096258,1669973675.0,0x452f085be4fb9bd4a5b58240fff3eedf89585e04,0xf2a0ef4672d76403b90dc7d7dd8d12c4f9d013b3,0.0
16096278,1669973915.0,0x452f085be4fb9bd4a5b58240fff3eedf89585e04,0xf2a0ef4672d76403b90dc7d7dd8d12c4f9d013b3,0.0
16096334,1669974587.0,0x452f085be4fb9bd4a5b58240fff3eedf89585e04,0xf2a0ef4672d76403b90dc7d7dd8d12c4f9d013b3,0.0
16096381,1669975151.0,0x452f085be4fb9bd4a5b58240fff3eedf89585e04,0xf2a0ef4672d76403b90dc7d7dd8d12c4f9d013b3,0.0
16096398,1669975355.0,0x452f085be4fb9bd4a5b58240fff3eedf89585e04,0xf2a0ef4672d76403b90dc7d7dd8d12c4f9d013b3,0.0
16096408,1669975475.0,0x452f085be4fb9bd4a5b58240fff3eedf89585e04,0xf2a0ef4672d76403b90dc7d7dd8d12c4f9d013b3,0.0
16096430,1669975739.0,0x452f085be4fb9bd4a5b58240fff3eedf89585e04,0xf2a0ef4672d76403b90dc7d7dd8d12c4f9d013b3,0.0
16096440,1669975859.0,0x452f085be4fb9bd4a5b58240fff3eedf89585e04,0xf2a0ef4672d76403b90dc7d7dd8d12c4f9d013b3,0.0
16096453,1669976015.0,0x452f085be4fb9bd4a5b58240fff3eedf89585e04,0xf2a0ef4672d76403b90dc7d7dd8d12c4f9d013b3,0.0
16096465,1669976159.0,0x452f085be4fb9bd4a5b58240fff3eedf89585e04,0xf2a0ef4672d76403b90dc7d7dd8d12c4f9d013b3,0.0
16096490,1669976459.0,0x452f085be4fb9bd4a5b58240fff3eedf89585e04,0xf2a0ef4672d76403b90dc7d7dd8d12c4f9d013b3,0.0
16096506,1669976651.0,0x452f085be4fb9bd4a5b58240fff3eedf89585e04,0xf2a0ef4672d76403b90dc7d7dd8d12c4f9d013b3,0.0
16096522,1669976843.0,0x452f085be4fb9bd4a5b58240fff3eedf89585e04,0xf2a0ef4672d76403b90dc7d7dd8d12c4f9d013b3,0.0
16096536,1669977011.0,0x452f085be4fb9bd4a5b58240fff3eedf89585e04,0xf2a0ef4672d76403b90dc7d7dd8d12c4f9d013b3,0.0
16096545,1669977119.0,0x452f085be4fb9bd4a5b58240fff3eedf89585e04,0xf2a0ef4672d76403b90dc7d7dd8d12c4f9d013b3,0.0
16096560,1669977299.0,0x452f085be4fb9bd4a5b58240fff3eedf89585e04,0xf2a0ef4672d76403b90dc7d7dd8d12c4f9d013b3,0.0
16096581,1669977551.0,0x452f085be4fb9bd4a5b58240fff3eedf89585e04,0xf2a0ef4672d76403b90dc7d7dd8d12c4f9d013b3,0.0
16096608,1669977875.0,0x452f085be4fb9bd4a5b58240fff3eedf89585e04,0xf2a0ef4672d76403b90dc7d7dd8d12c4f9d013b3,0.0
16096626,1669978091.0,0x452f085be4fb9bd4a5b58240fff3eedf89585e04,0xf2a0ef4672d76403b90dc7d7dd8d12c4f9d013b3,0.0
16096640,1669978259.0,0x452f085be4fb9bd4a5b58240fff3eedf89585e04,0xf2a0ef4672d76403b90dc7d7dd8d12c4f9d013b3,0.0
16096646,1669978331.0,0x452f085be4fb9bd4a5b58240fff3eedf89585e04,0xf2a0ef4672d76403b90dc7d7dd8d12c4f9d013b3,0.0
16096668,1669978607.0,0x452f085be4fb9bd4a5b58240fff3eedf89585e04,0xf2a0ef4672d76403b90dc7d7dd8d12c4f9d013b3,0.0
16096691,1669978883.0,0x452f085be4fb9bd4a5b58240fff3eedf89585e04,0xf2a0ef4672d76403b90dc7d7dd8d12c4f9d013b3,0.0
16096710,1669979111.0,0x452f085be4fb9bd4a5b58240fff3eedf89585e04,0xf2a0ef4672d76403b90dc7d7dd8d12c4f9d013b3,0.0
16096726,1669979303.0,0x452f085be4fb9bd4a5b58240fff3eedf89585e04,0xf2a0ef4672d76403b90dc7d7dd8d12c4f9d013b3,0.0
16096749,1669979579.0,0x452f085be4fb9bd4a5b58240fff3eedf89585e04,0xf2a0ef4672d76403b90dc7d7dd8d12c4f9d013b3,0.0
16096761,1669979723.0,0x452f085be4fb9bd4a5b58240fff3eedf89585e04,0xf2a0ef4672d76403b90dc7d7dd8d12c4f9d013b3,0.0
16096788,1669980059.0,0x452f085be4fb9bd4a5b58240fff3eedf89585e04,0xf2a0ef4672d76403b90dc7d7dd8d12c4f9d013b3,0.0
16096804,1669980251.0,0x452f085be4fb9bd4a5b58240fff3eedf89585e04,0xf2a0ef4672d76403b90dc7d7dd8d12c4f9d013b3,0.0
16096827,1669980527.0,0x452f085be4fb9bd4a5b58240fff3eedf89585e04,0xf2a0ef4672d76403b90dc7d7dd8d12c4f9d013b3,0.0
16096841,1669980695.0,0x452f085be4fb9bd4a5b58240fff3eedf89585e04,0xf2a0ef4672d76403b90dc7d7dd8d12c4f9d013b3,0.0
16096852,1669980827.0,0x452f085be4fb9bd4a5b58240fff3eedf89585e04,0xf2a0ef4672d76403b90dc7d7dd8d12c4f9d013b3,0.0
16096867,1669981007.0,0x452f085be4fb9bd4a5b58240fff3eedf89585e04,0xf2a0ef4672d76403b90dc7d7dd8d12c4f9d013b3,0.0
16096884,1669981211.0,0x452f085be4fb9bd4a5b58240fff3eedf89585e04,0xf2a0ef4672d76403b90dc7d7dd8d12c4f9d013b3,0.0
16096896,1669981355.0,0x452f085be4fb9bd4a5b58240fff3eedf89585e04,0xf2a0ef4672d76403b90dc7d7dd8d12c4f9d013b3,0.0
16096915,1669981583.0,0x452f085be4fb9bd4a5b58240fff3eedf89585e04,0xf2a0ef4672d76403b90dc7d7dd8d12c4f9d013b3,0.0
16096939,1669981871.0,0x452f085be4fb9bd4a5b58240fff3eedf89585e04,0xf2a0ef4672d76403b90dc7d7dd8d12c4f9d013b3,0.0
16096967,1669982207.0,0x452f085be4fb9bd4a5b58240fff3eedf89585e04,0xf2a0ef4672d76403b90dc7d7dd8d12c4f9d013b3,0.0
16096996,1669982567.0,0x452f085be4fb9bd4a5b58240fff3eedf89585e04,0xf2a0ef4672d76403b90dc7d7dd8d12c4f9d013b3,0.0
16097009,1669982723.0,0x452f085be4fb9bd4a5b58240fff3eedf89585e04,0xf2a0ef4672d76403b90dc7d7dd8d12c4f9d013b3,0.0
16097025,1669982915.0,0x452f085be4fb9bd4a5b58240fff3eedf89585e04,0xf2a0ef4672d76403b90dc7d7dd8d12c4f9d013b3,0.0
16097046,1669983167.0,0x452f085be4fb9bd4a5b58240fff3eedf89585e04,0xf2a0ef4672d76403b90dc7d7dd8d12c4f9d013b3,0.0
16097059,1669983323.0,0x452f085be4fb9bd4a5b58240fff3eedf89585e04,0xf2a0ef4672d76403b90dc7d7dd8d12c4f9d013b3,0.0
16097064,1669983383.0,0x452f085be4fb9bd4a5b58240fff3eedf89585e04,0xf2a0ef4672d76403b90dc7d7dd8d12c4f9d013b3,0.0
16097081,1669983587.0,0x452f085be4fb9bd4a5b58240fff3eedf89585e04,0xf2a0ef4672d76403b90dc7d7dd8d12c4f9d013b3,0.0
16097090,1669983695.0,0x452f085be4fb9bd4a5b58240fff3eedf89585e04,0xf2a0ef4672d76403b90dc7d7dd8d12c4f9d013b3,0.0
16097118,1669984031.0,0x452f085be4fb9bd4a5b58240fff3eedf89585e04,0xf2a0ef4672d76403b90dc7d7dd8d12c4f9d013b3,0.0
16097142,1669984319.0,0x452f085be4fb9bd4a5b58240fff3eedf89585e04,0xf2a0ef4672d76403b90dc7d7dd8d12c4f9d013b3,0.0
16097161,1669984559.0,0x452f085be4fb9bd4a5b58240fff3eedf89585e04,0xf2a0ef4672d76403b90dc7d7dd8d12c4f9d013b3,0.0
16097179,1669984775.0,0x452f085be4fb9bd4a5b58240fff3eedf89585e04,0xf2a0ef4672d76403b90dc7d7dd8d12c4f9d013b3,0.0
16097207,1669985111.0,0x452f085be4fb9bd4a5b58240fff3eedf89585e04,0xf2a0ef4672d76403b90dc7d7dd8d12c4f9d013b3,0.0
16097226,1669985351.0,0x452f085be4fb9bd4a5b58240fff3eedf89585e04,0xf2a0ef4672d76403b90dc7d7dd8d12c4f9d013b3,0.0
16097245,1669985579.0,0x452f085be4fb9bd4a5b58240fff3eedf89585e04,0xf2a0ef4672d76403b90dc7d7dd8d12c4f9d013b3,0.0
16097264,1669985807.0,0x452f085be4fb9bd4a5b58240fff3eedf89585e04,0xf2a0ef4672d76403b90dc7d7dd8d12c4f9d013b3,0.0
16097291,1669986131.0,0x452f085be4fb9bd4a5b58240fff3eedf89585e04,0xf2a0ef4672d76403b90dc7d7dd8d12c4f9d013b3,0.0
16097300,1669986239.0,0x452f085be4fb9bd4a5b58240fff3eedf89585e04,0xf2a0ef4672d76403b90dc7d7dd8d12c4f9d013b3,0.0
16097324,1669986527.0,0x452f085be4fb9bd4a5b58240fff3eedf89585e04,0xf2a0ef4672d76403b90dc7d7dd8d12c4f9d013b3,0.0
16097339,1669986707.0,0x452f085be4fb9bd4a5b58240fff3eedf89585e04,0xf2a0ef4672d76403b90dc7d7dd8d12c4f9d013b3,0.0
16097357,1669986923.0,0x452f085be4fb9bd4a5b58240fff3eedf89585e04,0xf2a0ef4672d76403b90dc7d7dd8d12c4f9d013b3,0.0
16097374,1669987127.0,0x452f085be4fb9bd4a5b58240fff3eedf89585e04,0xf2a0ef4672d76403b90dc7d7dd8d12c4f9d013b3,0.0
16097400,1669987439.0,0x452f085be4fb9bd4a5b58240fff3eedf89585e04,0xf2a0ef4672d76403b90dc7d7dd8d12c4f9d013b3,0.0
16097417,1669987643.0,0x452f085be4fb9bd4a5b58240fff3eedf89585e04,0xf2a0ef4672d76403b90dc7d7dd8d12c4f9d013b3,0.0
16097435,1669987859.0,0x452f085be4fb9bd4a5b58240fff3eedf89585e04,0xf2a0ef4672d76403b90dc7d7dd8d12c4f9d013b3,0.0
16097458,1669988135.0,0x452f085be4fb9bd4a5b58240fff3eedf89585e04,0xf2a0ef4672d76403b90dc7d7dd8d12c4f9d013b3,0.0
16097471,1669988291.0,0x452f085be4fb9bd4a5b58240fff3eedf89585e04,0xf2a0ef4672d76403b90dc7d7dd8d12c4f9d013b3,0.0
16097489,1669988507.0,0x452f085be4fb9bd4a5b58240fff3eedf89585e04,0xf2a0ef4672d76403b90dc7d7dd8d12c4f9d013b3,0.0
16097506,1669988711.0,0x452f085be4fb9bd4a5b58240fff3eedf89585e04,0xf2a0ef4672d76403b90dc7d7dd8d12c4f9d013b3,0.0
16097524,1669988927.0,0x452f085be4fb9bd4a5b58240fff3eedf89585e04,0xf2a0ef4672d76403b90dc7d7dd8d12c4f9d013b3,0.0
16097541,1669989131.0,0x452f085be4fb9bd4a5b58240fff3eedf89585e04,0xf2a0ef4672d76403b90dc7d7dd8d12c4f9d013b3,0.0
16097567,1669989443.0,0x452f085be4fb9bd4a5b58240fff3eedf89585e04,0xf2a0ef4672d76403b90dc7d7dd8d12c4f9d013b3,0.0
16097583,1669989635.0,0x452f085be4fb9bd4a5b58240fff3eedf89585e04,0xf2a0ef4672d76403b90dc7d7dd8d12c4f9d013b3,0.0
16097605,1669989899.0,0x452f085be4fb9bd4a5b58240fff3eedf89585e04,0xf2a0ef4672d76403b90dc7d7dd8d12c4f9d013b3,0.0
16097625,1669990139.0,0x452f085be4fb9bd4a5b58240fff3eedf89585e04,0xf2a0ef4672d76403b90dc7d7dd8d12c4f9d013b3,0.0
16097641,1669990331.0,0x452f085be4fb9bd4a5b58240fff3eedf89585e04,0xf2a0ef4672d76403b90dc7d7dd8d12c4f9d013b3,0.0
16097662,1669990583.0,0x452f085be4fb9bd4a5b58240fff3eedf89585e04,0xf2a0ef4672d76403b90dc7d7dd8d12c4f9d013b3,0.0
16097675,1669990739.0,0x452f085be4fb9bd4a5b58240fff3eedf89585e04,0xf2a0ef4672d76403b90dc7d7dd8d12c4f9d013b3,0.0
16097688,1669990895.0,0x452f085be4fb9bd4a5b58240fff3eedf89585e04,0xf2a0ef4672d76403b90dc7d7dd8d12c4f9d013b3,0.0
16097707,1669991147.0,0x452f085be4fb9bd4a5b58240fff3eedf89585e04,0xf2a0ef4672d76403b90dc7d7dd8d12c4f9d013b3,0.0
16097725,1669991363.0,0x452f085be4fb9bd4a5b58240fff3eedf89585e04,0xf2a0ef4672d76403b90dc7d7dd8d12c4f9d013b3,0.0
16097739,1669991543.0,0x452f085be4fb9bd4a5b58240fff3eedf89585e04,0xf2a0ef4672d76403b90dc7d7dd8d12c4f9d013b3,0.0
16097753,1669991711.0,0x452f085be4fb9bd4a5b58240fff3eedf89585e04,0xf2a0ef4672d76403b90dc7d7dd8d12c4f9d013b3,0.0
16097764,1669991843.0,0x452f085be4fb9bd4a5b58240fff3eedf89585e04,0xf2a0ef4672d76403b90dc7d7dd8d12c4f9d013b3,0.0
16097780,1669992035.0,0x452f085be4fb9bd4a5b58240fff3eedf89585e04,0xf2a0ef4672d76403b90dc7d7dd8d12c4f9d013b3,0.0
16097801,1669992287.0,0x452f085be4fb9bd4a5b58240fff3eedf89585e04,0xf2a0ef4672d76403b90dc7d7dd8d12c4f9d013b3,0.0
16097815,1669992455.0,0x452f085be4fb9bd4a5b58240fff3eedf89585e04,0xf2a0ef4672d76403b90dc7d7dd8d12c4f9d013b3,0.0
16097831,1669992647.0,0x452f085be4fb9bd4a5b58240fff3eedf89585e04,0xf2a0ef4672d76403b90dc7d7dd8d12c4f9d013b3,0.0
16097850,1669992875.0,0x452f085be4fb9bd4a5b58240fff3eedf89585e04,0xf2a0ef4672d76403b90dc7d7dd8d12c4f9d013b3,0.0
16097870,1669993115.0,0x452f085be4fb9bd4a5b58240fff3eedf89585e04,0xf2a0ef4672d76403b90dc7d7dd8d12c4f9d013b3,0.0
16097886,1669993307.0,0x452f085be4fb9bd4a5b58240fff3eedf89585e04,0xf2a0ef4672d76403b90dc7d7dd8d12c4f9d013b3,0.0
16097904,1669993523.0,0x452f085be4fb9bd4a5b58240fff3eedf89585e04,0xf2a0ef4672d76403b90dc7d7dd8d12c4f9d013b3,0.0
16097918,1669993691.0,0x452f085be4fb9bd4a5b58240fff3eedf89585e04,0xf2a0ef4672d76403b90dc7d7dd8d12c4f9d013b3,0.0
16097932,1669993859.0,0x452f085be4fb9bd4a5b58240fff3eedf89585e04,0xf2a0ef4672d76403b90dc7d7dd8d12c4f9d013b3,0.0
16097956,1669994147.0,0x452f085be4fb9bd4a5b58240fff3eedf89585e04,0xf2a0ef4672d76403b90dc7d7dd8d12c4f9d013b3,0.0
16097983,1669994471.0,0x452f085be4fb9bd4a5b58240fff3eedf89585e04,0xf2a0ef4672d76403b90dc7d7dd8d12c4f9d013b3,0.0
16098015,1669994855.0,0x452f085be4fb9bd4a5b58240fff3eedf89585e04,0xf2a0ef4672d76403b90dc7d7dd8d12c4f9d013b3,0.0
16098033,1669995071.0,0x452f085be4fb9bd4a5b58240fff3eedf89585e04,0xf2a0ef4672d76403b90dc7d7dd8d12c4f9d013b3,0.0
16098044,1669995203.0,0x452f085be4fb9bd4a5b58240fff3eedf89585e04,0xf2a0ef4672d76403b90dc7d7dd8d12c4f9d013b3,0.0
16098063,1669995431.0,0x452f085be4fb9bd4a5b58240fff3eedf89585e04,0xf2a0ef4672d76403b90dc7d7dd8d12c4f9d013b3,0.0
16098077,1669995599.0,0x452f085be4fb9bd4a5b58240fff3eedf89585e04,0xf2a0ef4672d76403b90dc7d7dd8d12c4f9d013b3,0.0
16098087,1669995719.0,0x452f085be4fb9bd4a5b58240fff3eedf89585e04,0xf2a0ef4672d76403b90dc7d7dd8d12c4f9d013b3,0.0
16098105,1669995935.0,0x452f085be4fb9bd4a5b58240fff3eedf89585e04,0xf2a0ef4672d76403b90dc7d7dd8d12c4f9d013b3,0.0
16098122,1669996139.0,0x452f085be4fb9bd4a5b58240fff3eedf89585e04,0xf2a0ef4672d76403b90dc7d7dd8d12c4f9d013b3,0.0
16098142,1669996379.0,0x452f085be4fb9bd4a5b58240fff3eedf89585e04,0xf2a0ef4672d76403b90dc7d7dd8d12c4f9d013b3,0.0
16098151,1669996487.0,0x452f085be4fb9bd4a5b58240fff3eedf89585e04,0xf2a0ef4672d76403b90dc7d7dd8d12c4f9d013b3,0.0
16098184,1669996895.0,0x452f085be4fb9bd4a5b58240fff3eedf89585e04,0xf2a0ef4672d76403b90dc7d7dd8d12c4f9d013b3,0.0
16098201,1669997099.0,0x452f085be4fb9bd4a5b58240fff3eedf89585e04,0xf2a0ef4672d76403b90dc7d7dd8d12c4f9d013b3,0.0
16098212,1669997231.0,0x452f085be4fb9bd4a5b58240fff3eedf89585e04,0xf2a0ef4672d76403b90dc7d7dd8d12c4f9d013b3,0.0
16098224,1669997375.0,0x452f085be4fb9bd4a5b58240fff3eedf89585e04,0xf2a0ef4672d76403b90dc7d7dd8d12c4f9d013b3,0.0
16098238,1669997543.0,0x452f085be4fb9bd4a5b58240fff3eedf89585e04,0xf2a0ef4672d76403b90dc7d7dd8d12c4f9d013b3,0.0
16098254,1669997735.0,0x452f085be4fb9bd4a5b58240fff3eedf89585e04,0xf2a0ef4672d76403b90dc7d7dd8d12c4f9d013b3,0.0
16098262,1669997831.0,0x452f085be4fb9bd4a5b58240fff3eedf89585e04,0xf2a0ef4672d76403b90dc7d7dd8d12c4f9d013b3,0.0
16098283,1669998083.0,0x452f085be4fb9bd4a5b58240fff3eedf89585e04,0xf2a0ef4672d76403b90dc7d7dd8d12c4f9d013b3,0.0
16098297,1669998251.0,0x452f085be4fb9bd4a5b58240fff3eedf89585e04,0xf2a0ef4672d76403b90dc7d7dd8d12c4f9d013b3,0.0
16098313,1669998443.0,0x452f085be4fb9bd4a5b58240fff3eedf89585e04,0xf2a0ef4672d76403b90dc7d7dd8d12c4f9d013b3,0.0
16098330,1669998659.0,0x452f085be4fb9bd4a5b58240fff3eedf89585e04,0xf2a0ef4672d76403b90dc7d7dd8d12c4f9d013b3,0.0
16098346,1669998851.0,0x452f085be4fb9bd4a5b58240fff3eedf89585e04,0xf2a0ef4672d76403b90dc7d7dd8d12c4f9d013b3,0.0
16098358,1669998995.0,0x452f085be4fb9bd4a5b58240fff3eedf89585e04,0xf2a0ef4672d76403b90dc7d7dd8d12c4f9d013b3,0.0
16098366,1669999091.0,0x452f085be4fb9bd4a5b58240fff3eedf89585e04,0xf2a0ef4672d76403b90dc7d7dd8d12c4f9d013b3,0.0
16098379,1669999247.0,0x452f085be4fb9bd4a5b58240fff3eedf89585e04,0xf2a0ef4672d76403b90dc7d7dd8d12c4f9d013b3,0.0
16098385,1669999319.0,0x452f085be4fb9bd4a5b58240fff3eedf89585e04,0xf2a0ef4672d76403b90dc7d7dd8d12c4f9d013b3,0.0
16098400,1669999499.0,0x452f085be4fb9bd4a5b58240fff3eedf89585e04,0xf2a0ef4672d76403b90dc7d7dd8d12c4f9d013b3,0.0
16098410,1669999619.0,0x452f085be4fb9bd4a5b58240fff3eedf89585e04,0xf2a0ef4672d76403b90dc7d7dd8d12c4f9d013b3,0.0
16098424,1669999787.0,0x452f085be4fb9bd4a5b58240fff3eedf89585e04,0xf2a0ef4672d76403b90dc7d7dd8d12c4f9d013b3,0.0
16098437,1669999943.0,0x452f085be4fb9bd4a5b58240fff3eedf89585e04,0xf2a0ef4672d76403b90dc7d7dd8d12c4f9d013b3,0.0
16098451,1670000111.0,0x452f085be4fb9bd4a5b58240fff3eedf89585e04,0xf2a0ef4672d76403b90dc7d7dd8d12c4f9d013b3,0.0
16098463,1670000255.0,0x452f085be4fb9bd4a5b58240fff3eedf89585e04,0xf2a0ef4672d76403b90dc7d7dd8d12c4f9d013b3,0.0
16098477,1670000423.0,0x452f085be4fb9bd4a5b58240fff3eedf89585e04,0xf2a0ef4672d76403b90dc7d7dd8d12c4f9d013b3,0.0
16098498,1670000675.0,0x452f085be4fb9bd4a5b58240fff3eedf89585e04,0xf2a0ef4672d76403b90dc7d7dd8d12c4f9d013b3,0.0
16098519,1670000939.0,0x452f085be4fb9bd4a5b58240fff3eedf89585e04,0xf2a0ef4672d76403b90dc7d7dd8d12c4f9d013b3,0.0
16098541,1670001203.0,0x452f085be4fb9bd4a5b58240fff3eedf89585e04,0xf2a0ef4672d76403b90dc7d7dd8d12c4f9d013b3,0.0
16098557,1670001395.0,0x452f085be4fb9bd4a5b58240fff3eedf89585e04,0xf2a0ef4672d76403b90dc7d7dd8d12c4f9d013b3,0.0
16098582,1670001695.0,0x452f085be4fb9bd4a5b58240fff3eedf89585e04,0xf2a0ef4672d76403b90dc7d7dd8d12c4f9d013b3,0.0
16098610,1670002043.0,0x452f085be4fb9bd4a5b58240fff3eedf89585e04,0xf2a0ef4672d76403b90dc7d7dd8d12c4f9d013b3,0.0
16098629,1670002271.0,0x452f085be4fb9bd4a5b58240fff3eedf89585e04,0xf2a0ef4672d76403b90dc7d7dd8d12c4f9d013b3,0.0
16098646,1670002475.0,0x452f085be4fb9bd4a5b58240fff3eedf89585e04,0xf2a0ef4672d76403b90dc7d7dd8d12c4f9d013b3,0.0
16098661,1670002655.0,0x452f085be4fb9bd4a5b58240fff3eedf89585e04,0xf2a0ef4672d76403b90dc7d7dd8d12c4f9d013b3,0.0
16098679,1670002871.0,0x452f085be4fb9bd4a5b58240fff3eedf89585e04,0xf2a0ef4672d76403b90dc7d7dd8d12c4f9d013b3,0.0
16098712,1670003267.0,0x452f085be4fb9bd4a5b58240fff3eedf89585e04,0xf2a0ef4672d76403b90dc7d7dd8d12c4f9d013b3,0.0
16098732,1670003507.0,0x452f085be4fb9bd4a5b58240fff3eedf89585e04,0xf2a0ef4672d76403b90dc7d7dd8d12c4f9d013b3,0.0
16098767,1670003927.0,0x452f085be4fb9bd4a5b58240fff3eedf89585e04,0xf2a0ef4672d76403b90dc7d7dd8d12c4f9d013b3,0.0
16098795,1670004263.0,0x452f085be4fb9bd4a5b58240fff3eedf89585e04,0xf2a0ef4672d76403b90dc7d7dd8d12c4f9d013b3,0.0
16098814,1670004491.0,0x452f085be4fb9bd4a5b58240fff3eedf89585e04,0xf2a0ef4672d76403b90dc7d7dd8d12c4f9d013b3,0.0
16098836,1670004755.0,0x452f085be4fb9bd4a5b58240fff3eedf89585e04,0xf2a0ef4672d76403b90dc7d7dd8d12c4f9d013b3,0.0
16098860,1670005043.0,0x452f085be4fb9bd4a5b58240fff3eedf89585e04,0xf2a0ef4672d76403b90dc7d7dd8d12c4f9d013b3,0.0
16098890,1670005403.0,0x452f085be4fb9bd4a5b58240fff3eedf89585e04,0xf2a0ef4672d76403b90dc7d7dd8d12c4f9d013b3,0.0
16098897,1670005487.0,0x452f085be4fb9bd4a5b58240fff3eedf89585e04,0xf2a0ef4672d76403b90dc7d7dd8d12c4f9d013b3,0.0
16098917,1670005727.0,0x452f085be4fb9bd4a5b58240fff3eedf89585e04,0xf2a0ef4672d76403b90dc7d7dd8d12c4f9d013b3,0.0
16098939,1670005991.0,0x452f085be4fb9bd4a5b58240fff3eedf89585e04,0xf2a0ef4672d76403b90dc7d7dd8d12c4f9d013b3,0.0
16098961,1670006255.0,0x452f085be4fb9bd4a5b58240fff3eedf89585e04,0xf2a0ef4672d76403b90dc7d7dd8d12c4f9d013b3,0.0
16098991,1670006627.0,0x452f085be4fb9bd4a5b58240fff3eedf89585e04,0xf2a0ef4672d76403b90dc7d7dd8d12c4f9d013b3,0.0
16099014,1670006903.0,0x452f085be4fb9bd4a5b58240fff3eedf89585e04,0xf2a0ef4672d76403b90dc7d7dd8d12c4f9d013b3,0.0
16099037,1670007179.0,0x452f085be4fb9bd4a5b58240fff3eedf89585e04,0xf2a0ef4672d76403b90dc7d7dd8d12c4f9d013b3,0.0
16099062,1670007479.0,0x452f085be4fb9bd4a5b58240fff3eedf89585e04,0xf2a0ef4672d76403b90dc7d7dd8d12c4f9d013b3,0.0
16099086,1670007767.0,0x452f085be4fb9bd4a5b58240fff3eedf89585e04,0xf2a0ef4672d76403b90dc7d7dd8d12c4f9d013b3,0.0
16099117,1670008139.0,0x452f085be4fb9bd4a5b58240fff3eedf89585e04,0xf2a0ef4672d76403b90dc7d7dd8d12c4f9d013b3,0.0
16099137,1670008379.0,0x452f085be4fb9bd4a5b58240fff3eedf89585e04,0xf2a0ef4672d76403b90dc7d7dd8d12c4f9d013b3,0.0
16099164,1670008715.0,0x452f085be4fb9bd4a5b58240fff3eedf89585e04,0xf2a0ef4672d76403b90dc7d7dd8d12c4f9d013b3,0.0
16099186,1670008979.0,0x452f085be4fb9bd4a5b58240fff3eedf89585e04,0xf2a0ef4672d76403b90dc7d7dd8d12c4f9d013b3,0.0
16099213,1670009303.0,0x452f085be4fb9bd4a5b58240fff3eedf89585e04,0xf2a0ef4672d76403b90dc7d7dd8d12c4f9d013b3,0.0
16099244,1670009675.0,0x452f085be4fb9bd4a5b58240fff3eedf89585e04,0xf2a0ef4672d76403b90dc7d7dd8d12c4f9d013b3,0.0
16099280,1670010107.0,0x452f085be4fb9bd4a5b58240fff3eedf89585e04,0xf2a0ef4672d76403b90dc7d7dd8d12c4f9d013b3,0.0
16099301,1670010359.0,0x452f085be4fb9bd4a5b58240fff3eedf89585e04,0xf2a0ef4672d76403b90dc7d7dd8d12c4f9d013b3,0.0
16099327,1670010671.0,0x452f085be4fb9bd4a5b58240fff3eedf89585e04,0xf2a0ef4672d76403b90dc7d7dd8d12c4f9d013b3,0.0
16099348,1670010935.0,0x452f085be4fb9bd4a5b58240fff3eedf89585e04,0xf2a0ef4672d76403b90dc7d7dd8d12c4f9d013b3,0.0
16099368,1670011187.0,0x452f085be4fb9bd4a5b58240fff3eedf89585e04,0xf2a0ef4672d76403b90dc7d7dd8d12c4f9d013b3,0.0
16099382,1670011355.0,0x452f085be4fb9bd4a5b58240fff3eedf89585e04,0xf2a0ef4672d76403b90dc7d7dd8d12c4f9d013b3,0.0
16099403,1670011607.0,0x452f085be4fb9bd4a5b58240fff3eedf89585e04,0xf2a0ef4672d76403b90dc7d7dd8d12c4f9d013b3,0.0
16099432,1670011955.0,0x452f085be4fb9bd4a5b58240fff3eedf89585e04,0xf2a0ef4672d76403b90dc7d7dd8d12c4f9d013b3,0.0
16099486,1670012603.0,0x452f085be4fb9bd4a5b58240fff3eedf89585e04,0xf2a0ef4672d76403b90dc7d7dd8d12c4f9d013b3,0.0
16099516,1670012963.0,0x452f085be4fb9bd4a5b58240fff3eedf89585e04,0xf2a0ef4672d76403b90dc7d7dd8d12c4f9d013b3,0.0
16099555,1670013431.0,0x452f085be4fb9bd4a5b58240fff3eedf89585e04,0xf2a0ef4672d76403b90dc7d7dd8d12c4f9d013b3,0.0
16099557,1670013455.0,0x452f085be4fb9bd4a5b58240fff3eedf89585e04,0xf2a0ef4672d76403b90dc7d7dd8d12c4f9d013b3,0.0
16099576,1670013683.0,0x452f085be4fb9bd4a5b58240fff3eedf89585e04,0xf2a0ef4672d76403b90dc7d7dd8d12c4f9d013b3,0.0
16099617,1670014175.0,0x452f085be4fb9bd4a5b58240fff3eedf89585e04,0xf2a0ef4672d76403b90dc7d7dd8d12c4f9d013b3,0.0
16099643,1670014499.0,0x452f085be4fb9bd4a5b58240fff3eedf89585e04,0xf2a0ef4672d76403b90dc7d7dd8d12c4f9d013b3,0.0
16099687,1670015027.0,0x452f085be4fb9bd4a5b58240fff3eedf89585e04,0xf2a0ef4672d76403b90dc7d7dd8d12c4f9d013b3,0.0
16099712,1670015327.0,0x452f085be4fb9bd4a5b58240fff3eedf89585e04,0xf2a0ef4672d76403b90dc7d7dd8d12c4f9d013b3,0.0
16099742,1670015687.0,0x452f085be4fb9bd4a5b58240fff3eedf89585e04,0xf2a0ef4672d76403b90dc7d7dd8d12c4f9d013b3,0.0
16099775,1670016095.0,0x452f085be4fb9bd4a5b58240fff3eedf89585e04,0xf2a0ef4672d76403b90dc7d7dd8d12c4f9d013b3,0.0
16099801,1670016419.0,0x452f085be4fb9bd4a5b58240fff3eedf89585e04,0xf2a0ef4672d76403b90dc7d7dd8d12c4f9d013b3,0.0
16099824,1670016695.0,0x452f085be4fb9bd4a5b58240fff3eedf89585e04,0xf2a0ef4672d76403b90dc7d7dd8d12c4f9d013b3,0.0
16099845,1670016959.0,0x452f085be4fb9bd4a5b58240fff3eedf89585e04,0xf2a0ef4672d76403b90dc7d7dd8d12c4f9d013b3,0.0
16099884,1670017427.0,0x452f085be4fb9bd4a5b58240fff3eedf89585e04,0xf2a0ef4672d76403b90dc7d7dd8d12c4f9d013b3,0.0
16099923,1670017895.0,0x452f085be4fb9bd4a5b58240fff3eedf89585e04,0xf2a0ef4672d76403b90dc7d7dd8d12c4f9d013b3,0.0
16099939,1670018087.0,0x452f085be4fb9bd4a5b58240fff3eedf89585e04,0xf2a0ef4672d76403b90dc7d7dd8d12c4f9d013b3,0.0
16101000,1670030867.0,0x452f085be4fb9bd4a5b58240fff3eedf89585e04,0x03671b7c11cb749de612bb460cef8bc3f6e6db06,0.3143460962194726
