BlockHeight,TimeStamp,From,To,Value
15685969,1665021971.0,0x98266eddbf598d408877e0726782fa6922f156cc,0x46d131229cceeefd4fbdc4343a429e0f1580afd5,0.088
15830352,1666764455.0,0x46d131229cceeefd4fbdc4343a429e0f1580afd5,0x00000000006c3852cbef3e08e8df289169ede581,0.0009
16209616,1671342875.0,0x46d131229cceeefd4fbdc4343a429e0f1580afd5,0x8fb4c08d902c4ba250c3bfd4055a66a2f7764e4d,0.0757359004998569
16210099,1671348731.0,0x434678080d69a4bd035b01fd3e5278f13ce1c6d4,0x46d131229cceeefd4fbdc4343a429e0f1580afd5,1.685630004214075
16210132,1671349127.0,0x46d131229cceeefd4fbdc4343a429e0f1580afd5,0x00000000006c3852cbef3e08e8df289169ede581,0.1
16210156,1671349415.0,0x46d131229cceeefd4fbdc4343a429e0f1580afd5,0x00000000006c3852cbef3e08e8df289169ede581,1.2
16210192,1671349859.0,0x8fb4c08d902c4ba250c3bfd4055a66a2f7764e4d,0x46d131229cceeefd4fbdc4343a429e0f1580afd5,1.2265142645361815
16210198,1671349931.0,0x46d131229cceeefd4fbdc4343a429e0f1580afd5,0xc02aaa39b223fe8d0a0e5c4f27ead9083c756cc2,0.4
16210202,1671349979.0,0x46d131229cceeefd4fbdc4343a429e0f1580afd5,0xc02aaa39b223fe8d0a0e5c4f27ead9083c756cc2,0.0
16224477,1671522059.0,0x46d131229cceeefd4fbdc4343a429e0f1580afd5,0x00000000006c3852cbef3e08e8df289169ede581,0.0
16224486,1671522167.0,0x46d131229cceeefd4fbdc4343a429e0f1580afd5,0xc02aaa39b223fe8d0a0e5c4f27ead9083c756cc2,0.0
16224486,1671522167.0,0xc02aaa39b223fe8d0a0e5c4f27ead9083c756cc2,0x46d131229cceeefd4fbdc4343a429e0f1580afd5,0.4
16224498,1671522311.0,0x46d131229cceeefd4fbdc4343a429e0f1580afd5,0x64192819ac13ef72bf6b5ae239ac672b43a9af08,0.5
16235709,1671657467.0,0x46d131229cceeefd4fbdc4343a429e0f1580afd5,0x64192819ac13ef72bf6b5ae239ac672b43a9af08,0.5
16241147,1671722999.0,0x46d131229cceeefd4fbdc4343a429e0f1580afd5,0x3e326da100ac1543a8b1c4a34c1e363c9e5b1a76,0.6114587538689275
