BlockHeight,TimeStamp,From,To,Value
14468366,1648385993.0,0xfda83380b68f083796b4ad9d62119647ace0f0ca,0x47ec3dd8fe054b51a262fcc7cce0bd127d44ca4b,0.0
14468437,1648386996.0,0xfda83380b68f083796b4ad9d62119647ace0f0ca,0x47ec3dd8fe054b51a262fcc7cce0bd127d44ca4b,0.0
14479147,1648530823.0,0xf6b4ceb069523a52d97d53a07f89f39d54916467,0x47ec3dd8fe054b51a262fcc7cce0bd127d44ca4b,0.0
14479246,1648532025.0,0xf6b4ceb069523a52d97d53a07f89f39d54916467,0x47ec3dd8fe054b51a262fcc7cce0bd127d44ca4b,0.0
14479333,1648533253.0,0xf6b4ceb069523a52d97d53a07f89f39d54916467,0x47ec3dd8fe054b51a262fcc7cce0bd127d44ca4b,0.0
14479400,1648534428.0,0xf6b4ceb069523a52d97d53a07f89f39d54916467,0x47ec3dd8fe054b51a262fcc7cce0bd127d44ca4b,0.0
14479492,1648535598.0,0xf6b4ceb069523a52d97d53a07f89f39d54916467,0x47ec3dd8fe054b51a262fcc7cce0bd127d44ca4b,0.0
14479605,1648536828.0,0xf6b4ceb069523a52d97d53a07f89f39d54916467,0x47ec3dd8fe054b51a262fcc7cce0bd127d44ca4b,0.0
14479689,1648538016.0,0xf6b4ceb069523a52d97d53a07f89f39d54916467,0x47ec3dd8fe054b51a262fcc7cce0bd127d44ca4b,0.0
14479794,1648539230.0,0xf6b4ceb069523a52d97d53a07f89f39d54916467,0x47ec3dd8fe054b51a262fcc7cce0bd127d44ca4b,0.0
14479894,1648540405.0,0xf6b4ceb069523a52d97d53a07f89f39d54916467,0x47ec3dd8fe054b51a262fcc7cce0bd127d44ca4b,0.0
14479983,1648541620.0,0xf6b4ceb069523a52d97d53a07f89f39d54916467,0x47ec3dd8fe054b51a262fcc7cce0bd127d44ca4b,0.0
14480089,1648542840.0,0xf6b4ceb069523a52d97d53a07f89f39d54916467,0x47ec3dd8fe054b51a262fcc7cce0bd127d44ca4b,0.0
14480181,1648544040.0,0xf6b4ceb069523a52d97d53a07f89f39d54916467,0x47ec3dd8fe054b51a262fcc7cce0bd127d44ca4b,0.0
14480266,1648545240.0,0xf6b4ceb069523a52d97d53a07f89f39d54916467,0x47ec3dd8fe054b51a262fcc7cce0bd127d44ca4b,0.0
14480351,1648546448.0,0xf6b4ceb069523a52d97d53a07f89f39d54916467,0x47ec3dd8fe054b51a262fcc7cce0bd127d44ca4b,0.0
14480426,1648547641.0,0xf6b4ceb069523a52d97d53a07f89f39d54916467,0x47ec3dd8fe054b51a262fcc7cce0bd127d44ca4b,0.0
14480582,1648550034.0,0xf6b4ceb069523a52d97d53a07f89f39d54916467,0x47ec3dd8fe054b51a262fcc7cce0bd127d44ca4b,0.0
14480673,1648551281.0,0xf6b4ceb069523a52d97d53a07f89f39d54916467,0x47ec3dd8fe054b51a262fcc7cce0bd127d44ca4b,0.0
14480749,1648552452.0,0xf6b4ceb069523a52d97d53a07f89f39d54916467,0x47ec3dd8fe054b51a262fcc7cce0bd127d44ca4b,0.0
14480832,1648553647.0,0xf6b4ceb069523a52d97d53a07f89f39d54916467,0x47ec3dd8fe054b51a262fcc7cce0bd127d44ca4b,0.0
14480915,1648554834.0,0xf6b4ceb069523a52d97d53a07f89f39d54916467,0x47ec3dd8fe054b51a262fcc7cce0bd127d44ca4b,0.0
14481116,1648557198.0,0xf6b4ceb069523a52d97d53a07f89f39d54916467,0x47ec3dd8fe054b51a262fcc7cce0bd127d44ca4b,0.0
14481203,1648558451.0,0xf6b4ceb069523a52d97d53a07f89f39d54916467,0x47ec3dd8fe054b51a262fcc7cce0bd127d44ca4b,0.0
14482309,1648573120.0,0xf6b4ceb069523a52d97d53a07f89f39d54916467,0x47ec3dd8fe054b51a262fcc7cce0bd127d44ca4b,0.0
14482386,1648574140.0,0xf6b4ceb069523a52d97d53a07f89f39d54916467,0x47ec3dd8fe054b51a262fcc7cce0bd127d44ca4b,0.0
