BlockHeight,TimeStamp,From,To,Value
14300575,1646130462.0,0xae9e72d161fe31f674745957b07f3d590cf0fa67,0x492cb3302da35e7507ba0d96d9b17abd9e60dadd,4.0
14300580,1646130539.0,0x492cb3302da35e7507ba0d96d9b17abd9e60dadd,0x93f59acb45f6fc2227289fcefd95c7a3af87b8ee,3.999181
14304292,1646179642.0,0x3cd751e6b0078be393132286c442345e5dc49699,0x492cb3302da35e7507ba0d96d9b17abd9e60dadd,0.50880294
14306427,1646208633.0,0x492cb3302da35e7507ba0d96d9b17abd9e60dadd,0xf16629cb8313a17d1ca9cfba2858f275476ae0ec,0.50796294
14385500,1647271379.0,0xddfabcdc4d8ffc6d5beaf154f18b778f892a0740,0x492cb3302da35e7507ba0d96d9b17abd9e60dadd,0.04
14518799,1649065673.0,0x85bf11806aee221d7152b8a177ff245c0c40348e,0x492cb3302da35e7507ba0d96d9b17abd9e60dadd,0.023434552606488
